{
"type": "FeatureCollection",
"name": "nta_year_cum_points",
"crs": { "type": "name", "properties": { "name": "urn:ogc:def:crs:OGC:1.3:CRS84" } },
"features": [
{ "type": "Feature", "properties": { "nta2020": "BK0101", "ntaname.x": "Greenpoint", "comp_year": 2014.0, "ntaname.y": null, "units": 0.0, "units_cum": 0.0, "city_units": 4879.0, "city_units_cum": 4879.0 }, "geometry": { "type": "Point", "coordinates": [ -73.949516333625226, 40.729499495839292 ] } },
{ "type": "Feature", "properties": { "nta2020": "BK0101", "ntaname.x": "Greenpoint", "comp_year": 2015.0, "ntaname.y": null, "units": 0.0, "units_cum": 0.0, "city_units": 7562.0, "city_units_cum": 12441.0 }, "geometry": { "type": "Point", "coordinates": [ -73.949516333625226, 40.729499495839292 ] } },
{ "type": "Feature", "properties": { "nta2020": "BK0101", "ntaname.x": "Greenpoint", "comp_year": 2016.0, "ntaname.y": null, "units": 0.0, "units_cum": 0.0, "city_units": 15015.0, "city_units_cum": 27456.0 }, "geometry": { "type": "Point", "coordinates": [ -73.949516333625226, 40.729499495839292 ] } },
{ "type": "Feature", "properties": { "nta2020": "BK0101", "ntaname.x": "Greenpoint", "comp_year": 2017.0, "ntaname.y": "Greenpoint", "units": 213.0, "units_cum": 213.0, "city_units": 25343.0, "city_units_cum": 52799.0 }, "geometry": { "type": "Point", "coordinates": [ -73.949516333625226, 40.729499495839292 ] } },
{ "type": "Feature", "properties": { "nta2020": "BK0101", "ntaname.x": "Greenpoint", "comp_year": 2018.0, "ntaname.y": "Greenpoint", "units": 318.0, "units_cum": 531.0, "city_units": 33764.0, "city_units_cum": 86563.0 }, "geometry": { "type": "Point", "coordinates": [ -73.949516333625226, 40.729499495839292 ] } },
{ "type": "Feature", "properties": { "nta2020": "BK0101", "ntaname.x": "Greenpoint", "comp_year": 2019.0, "ntaname.y": "Greenpoint", "units": 189.0, "units_cum": 720.0, "city_units": 29408.0, "city_units_cum": 115971.0 }, "geometry": { "type": "Point", "coordinates": [ -73.949516333625226, 40.729499495839292 ] } },
{ "type": "Feature", "properties": { "nta2020": "BK0101", "ntaname.x": "Greenpoint", "comp_year": 2020.0, "ntaname.y": "Greenpoint", "units": 207.0, "units_cum": 927.0, "city_units": 18916.0, "city_units_cum": 134887.0 }, "geometry": { "type": "Point", "coordinates": [ -73.949516333625226, 40.729499495839292 ] } },
{ "type": "Feature", "properties": { "nta2020": "BK0101", "ntaname.x": "Greenpoint", "comp_year": 2021.0, "ntaname.y": "Greenpoint", "units": 111.0, "units_cum": 1038.0, "city_units": 20786.0, "city_units_cum": 155673.0 }, "geometry": { "type": "Point", "coordinates": [ -73.949516333625226, 40.729499495839292 ] } },
{ "type": "Feature", "properties": { "nta2020": "BK0101", "ntaname.x": "Greenpoint", "comp_year": 2022.0, "ntaname.y": "Greenpoint", "units": 961.0, "units_cum": 1999.0, "city_units": 19919.0, "city_units_cum": 175592.0 }, "geometry": { "type": "Point", "coordinates": [ -73.949516333625226, 40.729499495839292 ] } },
{ "type": "Feature", "properties": { "nta2020": "BK0101", "ntaname.x": "Greenpoint", "comp_year": 2023.0, "ntaname.y": "Greenpoint", "units": 986.0, "units_cum": 2985.0, "city_units": 35384.0, "city_units_cum": 210976.0 }, "geometry": { "type": "Point", "coordinates": [ -73.949516333625226, 40.729499495839292 ] } },
{ "type": "Feature", "properties": { "nta2020": "BK0101", "ntaname.x": "Greenpoint", "comp_year": 2024.0, "ntaname.y": "Greenpoint", "units": 1165.0, "units_cum": 4150.0, "city_units": 49047.0, "city_units_cum": 260023.0 }, "geometry": { "type": "Point", "coordinates": [ -73.949516333625226, 40.729499495839292 ] } },
{ "type": "Feature", "properties": { "nta2020": "BK0101", "ntaname.x": "Greenpoint", "comp_year": 2025.0, "ntaname.y": "Greenpoint", "units": 616.0, "units_cum": 4766.0, "city_units": 16734.0, "city_units_cum": 276757.0 }, "geometry": { "type": "Point", "coordinates": [ -73.949516333625226, 40.729499495839292 ] } },
{ "type": "Feature", "properties": { "nta2020": "BK0102", "ntaname.x": "Williamsburg", "comp_year": 2014.0, "ntaname.y": null, "units": 0.0, "units_cum": 0.0, "city_units": 4879.0, "city_units_cum": 4879.0 }, "geometry": { "type": "Point", "coordinates": [ -73.958621070946975, 40.714914133533895 ] } },
{ "type": "Feature", "properties": { "nta2020": "BK0102", "ntaname.x": "Williamsburg", "comp_year": 2015.0, "ntaname.y": null, "units": 0.0, "units_cum": 0.0, "city_units": 7562.0, "city_units_cum": 12441.0 }, "geometry": { "type": "Point", "coordinates": [ -73.958621070946975, 40.714914133533895 ] } },
{ "type": "Feature", "properties": { "nta2020": "BK0102", "ntaname.x": "Williamsburg", "comp_year": 2016.0, "ntaname.y": "Williamsburg", "units": 116.0, "units_cum": 116.0, "city_units": 15015.0, "city_units_cum": 27456.0 }, "geometry": { "type": "Point", "coordinates": [ -73.958621070946975, 40.714914133533895 ] } },
{ "type": "Feature", "properties": { "nta2020": "BK0102", "ntaname.x": "Williamsburg", "comp_year": 2017.0, "ntaname.y": "Williamsburg", "units": 259.0, "units_cum": 375.0, "city_units": 25343.0, "city_units_cum": 52799.0 }, "geometry": { "type": "Point", "coordinates": [ -73.958621070946975, 40.714914133533895 ] } },
{ "type": "Feature", "properties": { "nta2020": "BK0102", "ntaname.x": "Williamsburg", "comp_year": 2018.0, "ntaname.y": "Williamsburg", "units": 465.0, "units_cum": 840.0, "city_units": 33764.0, "city_units_cum": 86563.0 }, "geometry": { "type": "Point", "coordinates": [ -73.958621070946975, 40.714914133533895 ] } },
{ "type": "Feature", "properties": { "nta2020": "BK0102", "ntaname.x": "Williamsburg", "comp_year": 2019.0, "ntaname.y": "Williamsburg", "units": 1087.0, "units_cum": 1927.0, "city_units": 29408.0, "city_units_cum": 115971.0 }, "geometry": { "type": "Point", "coordinates": [ -73.958621070946975, 40.714914133533895 ] } },
{ "type": "Feature", "properties": { "nta2020": "BK0102", "ntaname.x": "Williamsburg", "comp_year": 2020.0, "ntaname.y": "Williamsburg", "units": 840.0, "units_cum": 2767.0, "city_units": 18916.0, "city_units_cum": 134887.0 }, "geometry": { "type": "Point", "coordinates": [ -73.958621070946975, 40.714914133533895 ] } },
{ "type": "Feature", "properties": { "nta2020": "BK0102", "ntaname.x": "Williamsburg", "comp_year": 2021.0, "ntaname.y": "Williamsburg", "units": 231.0, "units_cum": 2998.0, "city_units": 20786.0, "city_units_cum": 155673.0 }, "geometry": { "type": "Point", "coordinates": [ -73.958621070946975, 40.714914133533895 ] } },
{ "type": "Feature", "properties": { "nta2020": "BK0102", "ntaname.x": "Williamsburg", "comp_year": 2022.0, "ntaname.y": "Williamsburg", "units": 327.0, "units_cum": 3325.0, "city_units": 19919.0, "city_units_cum": 175592.0 }, "geometry": { "type": "Point", "coordinates": [ -73.958621070946975, 40.714914133533895 ] } },
{ "type": "Feature", "properties": { "nta2020": "BK0102", "ntaname.x": "Williamsburg", "comp_year": 2023.0, "ntaname.y": "Williamsburg", "units": 393.0, "units_cum": 3718.0, "city_units": 35384.0, "city_units_cum": 210976.0 }, "geometry": { "type": "Point", "coordinates": [ -73.958621070946975, 40.714914133533895 ] } },
{ "type": "Feature", "properties": { "nta2020": "BK0102", "ntaname.x": "Williamsburg", "comp_year": 2024.0, "ntaname.y": "Williamsburg", "units": 613.0, "units_cum": 4331.0, "city_units": 49047.0, "city_units_cum": 260023.0 }, "geometry": { "type": "Point", "coordinates": [ -73.958621070946975, 40.714914133533895 ] } },
{ "type": "Feature", "properties": { "nta2020": "BK0102", "ntaname.x": "Williamsburg", "comp_year": 2025.0, "ntaname.y": "Williamsburg", "units": 323.0, "units_cum": 4654.0, "city_units": 16734.0, "city_units_cum": 276757.0 }, "geometry": { "type": "Point", "coordinates": [ -73.958621070946975, 40.714914133533895 ] } },
{ "type": "Feature", "properties": { "nta2020": "BK0103", "ntaname.x": "South Williamsburg", "comp_year": 2014.0, "ntaname.y": null, "units": 0.0, "units_cum": 0.0, "city_units": 4879.0, "city_units_cum": 4879.0 }, "geometry": { "type": "Point", "coordinates": [ -73.956658750138928, 40.703242041957324 ] } },
{ "type": "Feature", "properties": { "nta2020": "BK0103", "ntaname.x": "South Williamsburg", "comp_year": 2015.0, "ntaname.y": null, "units": 0.0, "units_cum": 0.0, "city_units": 7562.0, "city_units_cum": 12441.0 }, "geometry": { "type": "Point", "coordinates": [ -73.956658750138928, 40.703242041957324 ] } },
{ "type": "Feature", "properties": { "nta2020": "BK0103", "ntaname.x": "South Williamsburg", "comp_year": 2016.0, "ntaname.y": null, "units": 0.0, "units_cum": 0.0, "city_units": 15015.0, "city_units_cum": 27456.0 }, "geometry": { "type": "Point", "coordinates": [ -73.956658750138928, 40.703242041957324 ] } },
{ "type": "Feature", "properties": { "nta2020": "BK0103", "ntaname.x": "South Williamsburg", "comp_year": 2017.0, "ntaname.y": "South Williamsburg", "units": 9.0, "units_cum": 9.0, "city_units": 25343.0, "city_units_cum": 52799.0 }, "geometry": { "type": "Point", "coordinates": [ -73.956658750138928, 40.703242041957324 ] } },
{ "type": "Feature", "properties": { "nta2020": "BK0103", "ntaname.x": "South Williamsburg", "comp_year": 2018.0, "ntaname.y": null, "units": 0.0, "units_cum": 9.0, "city_units": 33764.0, "city_units_cum": 86563.0 }, "geometry": { "type": "Point", "coordinates": [ -73.956658750138928, 40.703242041957324 ] } },
{ "type": "Feature", "properties": { "nta2020": "BK0103", "ntaname.x": "South Williamsburg", "comp_year": 2019.0, "ntaname.y": "South Williamsburg", "units": 91.0, "units_cum": 100.0, "city_units": 29408.0, "city_units_cum": 115971.0 }, "geometry": { "type": "Point", "coordinates": [ -73.956658750138928, 40.703242041957324 ] } },
{ "type": "Feature", "properties": { "nta2020": "BK0103", "ntaname.x": "South Williamsburg", "comp_year": 2020.0, "ntaname.y": "South Williamsburg", "units": 85.0, "units_cum": 185.0, "city_units": 18916.0, "city_units_cum": 134887.0 }, "geometry": { "type": "Point", "coordinates": [ -73.956658750138928, 40.703242041957324 ] } },
{ "type": "Feature", "properties": { "nta2020": "BK0103", "ntaname.x": "South Williamsburg", "comp_year": 2021.0, "ntaname.y": "South Williamsburg", "units": 24.0, "units_cum": 209.0, "city_units": 20786.0, "city_units_cum": 155673.0 }, "geometry": { "type": "Point", "coordinates": [ -73.956658750138928, 40.703242041957324 ] } },
{ "type": "Feature", "properties": { "nta2020": "BK0103", "ntaname.x": "South Williamsburg", "comp_year": 2022.0, "ntaname.y": null, "units": 0.0, "units_cum": 209.0, "city_units": 19919.0, "city_units_cum": 175592.0 }, "geometry": { "type": "Point", "coordinates": [ -73.956658750138928, 40.703242041957324 ] } },
{ "type": "Feature", "properties": { "nta2020": "BK0103", "ntaname.x": "South Williamsburg", "comp_year": 2023.0, "ntaname.y": null, "units": 0.0, "units_cum": 209.0, "city_units": 35384.0, "city_units_cum": 210976.0 }, "geometry": { "type": "Point", "coordinates": [ -73.956658750138928, 40.703242041957324 ] } },
{ "type": "Feature", "properties": { "nta2020": "BK0103", "ntaname.x": "South Williamsburg", "comp_year": 2024.0, "ntaname.y": "South Williamsburg", "units": 212.0, "units_cum": 421.0, "city_units": 49047.0, "city_units_cum": 260023.0 }, "geometry": { "type": "Point", "coordinates": [ -73.956658750138928, 40.703242041957324 ] } },
{ "type": "Feature", "properties": { "nta2020": "BK0103", "ntaname.x": "South Williamsburg", "comp_year": 2025.0, "ntaname.y": null, "units": 0.0, "units_cum": 421.0, "city_units": 16734.0, "city_units_cum": 276757.0 }, "geometry": { "type": "Point", "coordinates": [ -73.956658750138928, 40.703242041957324 ] } },
{ "type": "Feature", "properties": { "nta2020": "BK0104", "ntaname.x": "East Williamsburg", "comp_year": 2014.0, "ntaname.y": null, "units": 0.0, "units_cum": 0.0, "city_units": 4879.0, "city_units_cum": 4879.0 }, "geometry": { "type": "Point", "coordinates": [ -73.936487906672269, 40.713299373319046 ] } },
{ "type": "Feature", "properties": { "nta2020": "BK0104", "ntaname.x": "East Williamsburg", "comp_year": 2015.0, "ntaname.y": null, "units": 0.0, "units_cum": 0.0, "city_units": 7562.0, "city_units_cum": 12441.0 }, "geometry": { "type": "Point", "coordinates": [ -73.936487906672269, 40.713299373319046 ] } },
{ "type": "Feature", "properties": { "nta2020": "BK0104", "ntaname.x": "East Williamsburg", "comp_year": 2016.0, "ntaname.y": "East Williamsburg", "units": 129.0, "units_cum": 129.0, "city_units": 15015.0, "city_units_cum": 27456.0 }, "geometry": { "type": "Point", "coordinates": [ -73.936487906672269, 40.713299373319046 ] } },
{ "type": "Feature", "properties": { "nta2020": "BK0104", "ntaname.x": "East Williamsburg", "comp_year": 2017.0, "ntaname.y": "East Williamsburg", "units": 189.0, "units_cum": 318.0, "city_units": 25343.0, "city_units_cum": 52799.0 }, "geometry": { "type": "Point", "coordinates": [ -73.936487906672269, 40.713299373319046 ] } },
{ "type": "Feature", "properties": { "nta2020": "BK0104", "ntaname.x": "East Williamsburg", "comp_year": 2018.0, "ntaname.y": "East Williamsburg", "units": 486.0, "units_cum": 804.0, "city_units": 33764.0, "city_units_cum": 86563.0 }, "geometry": { "type": "Point", "coordinates": [ -73.936487906672269, 40.713299373319046 ] } },
{ "type": "Feature", "properties": { "nta2020": "BK0104", "ntaname.x": "East Williamsburg", "comp_year": 2019.0, "ntaname.y": "East Williamsburg", "units": 210.0, "units_cum": 1014.0, "city_units": 29408.0, "city_units_cum": 115971.0 }, "geometry": { "type": "Point", "coordinates": [ -73.936487906672269, 40.713299373319046 ] } },
{ "type": "Feature", "properties": { "nta2020": "BK0104", "ntaname.x": "East Williamsburg", "comp_year": 2020.0, "ntaname.y": "East Williamsburg", "units": 137.0, "units_cum": 1151.0, "city_units": 18916.0, "city_units_cum": 134887.0 }, "geometry": { "type": "Point", "coordinates": [ -73.936487906672269, 40.713299373319046 ] } },
{ "type": "Feature", "properties": { "nta2020": "BK0104", "ntaname.x": "East Williamsburg", "comp_year": 2021.0, "ntaname.y": "East Williamsburg", "units": 75.0, "units_cum": 1226.0, "city_units": 20786.0, "city_units_cum": 155673.0 }, "geometry": { "type": "Point", "coordinates": [ -73.936487906672269, 40.713299373319046 ] } },
{ "type": "Feature", "properties": { "nta2020": "BK0104", "ntaname.x": "East Williamsburg", "comp_year": 2022.0, "ntaname.y": "East Williamsburg", "units": 194.0, "units_cum": 1420.0, "city_units": 19919.0, "city_units_cum": 175592.0 }, "geometry": { "type": "Point", "coordinates": [ -73.936487906672269, 40.713299373319046 ] } },
{ "type": "Feature", "properties": { "nta2020": "BK0104", "ntaname.x": "East Williamsburg", "comp_year": 2023.0, "ntaname.y": "East Williamsburg", "units": 117.0, "units_cum": 1537.0, "city_units": 35384.0, "city_units_cum": 210976.0 }, "geometry": { "type": "Point", "coordinates": [ -73.936487906672269, 40.713299373319046 ] } },
{ "type": "Feature", "properties": { "nta2020": "BK0104", "ntaname.x": "East Williamsburg", "comp_year": 2024.0, "ntaname.y": "East Williamsburg", "units": 642.0, "units_cum": 2179.0, "city_units": 49047.0, "city_units_cum": 260023.0 }, "geometry": { "type": "Point", "coordinates": [ -73.936487906672269, 40.713299373319046 ] } },
{ "type": "Feature", "properties": { "nta2020": "BK0104", "ntaname.x": "East Williamsburg", "comp_year": 2025.0, "ntaname.y": "East Williamsburg", "units": 43.0, "units_cum": 2222.0, "city_units": 16734.0, "city_units_cum": 276757.0 }, "geometry": { "type": "Point", "coordinates": [ -73.936487906672269, 40.713299373319046 ] } },
{ "type": "Feature", "properties": { "nta2020": "BK0201", "ntaname.x": "Brooklyn Heights", "comp_year": 2014.0, "ntaname.y": "Brooklyn Heights", "units": 422.0, "units_cum": 422.0, "city_units": 4879.0, "city_units_cum": 4879.0 }, "geometry": { "type": "Point", "coordinates": [ -73.994830157911125, 40.695465368763259 ] } },
{ "type": "Feature", "properties": { "nta2020": "BK0201", "ntaname.x": "Brooklyn Heights", "comp_year": 2015.0, "ntaname.y": null, "units": 0.0, "units_cum": 422.0, "city_units": 7562.0, "city_units_cum": 12441.0 }, "geometry": { "type": "Point", "coordinates": [ -73.994830157911125, 40.695465368763259 ] } },
{ "type": "Feature", "properties": { "nta2020": "BK0201", "ntaname.x": "Brooklyn Heights", "comp_year": 2016.0, "ntaname.y": null, "units": 0.0, "units_cum": 422.0, "city_units": 15015.0, "city_units_cum": 27456.0 }, "geometry": { "type": "Point", "coordinates": [ -73.994830157911125, 40.695465368763259 ] } },
{ "type": "Feature", "properties": { "nta2020": "BK0201", "ntaname.x": "Brooklyn Heights", "comp_year": 2017.0, "ntaname.y": null, "units": 0.0, "units_cum": 422.0, "city_units": 25343.0, "city_units_cum": 52799.0 }, "geometry": { "type": "Point", "coordinates": [ -73.994830157911125, 40.695465368763259 ] } },
{ "type": "Feature", "properties": { "nta2020": "BK0201", "ntaname.x": "Brooklyn Heights", "comp_year": 2018.0, "ntaname.y": null, "units": 0.0, "units_cum": 422.0, "city_units": 33764.0, "city_units_cum": 86563.0 }, "geometry": { "type": "Point", "coordinates": [ -73.994830157911125, 40.695465368763259 ] } },
{ "type": "Feature", "properties": { "nta2020": "BK0201", "ntaname.x": "Brooklyn Heights", "comp_year": 2019.0, "ntaname.y": null, "units": 0.0, "units_cum": 422.0, "city_units": 29408.0, "city_units_cum": 115971.0 }, "geometry": { "type": "Point", "coordinates": [ -73.994830157911125, 40.695465368763259 ] } },
{ "type": "Feature", "properties": { "nta2020": "BK0201", "ntaname.x": "Brooklyn Heights", "comp_year": 2020.0, "ntaname.y": "Brooklyn Heights", "units": 86.0, "units_cum": 508.0, "city_units": 18916.0, "city_units_cum": 134887.0 }, "geometry": { "type": "Point", "coordinates": [ -73.994830157911125, 40.695465368763259 ] } },
{ "type": "Feature", "properties": { "nta2020": "BK0201", "ntaname.x": "Brooklyn Heights", "comp_year": 2021.0, "ntaname.y": null, "units": 0.0, "units_cum": 508.0, "city_units": 20786.0, "city_units_cum": 155673.0 }, "geometry": { "type": "Point", "coordinates": [ -73.994830157911125, 40.695465368763259 ] } },
{ "type": "Feature", "properties": { "nta2020": "BK0201", "ntaname.x": "Brooklyn Heights", "comp_year": 2022.0, "ntaname.y": null, "units": 0.0, "units_cum": 508.0, "city_units": 19919.0, "city_units_cum": 175592.0 }, "geometry": { "type": "Point", "coordinates": [ -73.994830157911125, 40.695465368763259 ] } },
{ "type": "Feature", "properties": { "nta2020": "BK0201", "ntaname.x": "Brooklyn Heights", "comp_year": 2023.0, "ntaname.y": null, "units": 0.0, "units_cum": 508.0, "city_units": 35384.0, "city_units_cum": 210976.0 }, "geometry": { "type": "Point", "coordinates": [ -73.994830157911125, 40.695465368763259 ] } },
{ "type": "Feature", "properties": { "nta2020": "BK0201", "ntaname.x": "Brooklyn Heights", "comp_year": 2024.0, "ntaname.y": "Brooklyn Heights", "units": 121.0, "units_cum": 629.0, "city_units": 49047.0, "city_units_cum": 260023.0 }, "geometry": { "type": "Point", "coordinates": [ -73.994830157911125, 40.695465368763259 ] } },
{ "type": "Feature", "properties": { "nta2020": "BK0201", "ntaname.x": "Brooklyn Heights", "comp_year": 2025.0, "ntaname.y": null, "units": 0.0, "units_cum": 629.0, "city_units": 16734.0, "city_units_cum": 276757.0 }, "geometry": { "type": "Point", "coordinates": [ -73.994830157911125, 40.695465368763259 ] } },
{ "type": "Feature", "properties": { "nta2020": "BK0202", "ntaname.x": "Downtown Brooklyn-DUMBO-Boerum Hill", "comp_year": 2014.0, "ntaname.y": null, "units": 0.0, "units_cum": 0.0, "city_units": 4879.0, "city_units_cum": 4879.0 }, "geometry": { "type": "Point", "coordinates": [ -73.985830385482146, 40.694899443444982 ] } },
{ "type": "Feature", "properties": { "nta2020": "BK0202", "ntaname.x": "Downtown Brooklyn-DUMBO-Boerum Hill", "comp_year": 2015.0, "ntaname.y": null, "units": 0.0, "units_cum": 0.0, "city_units": 7562.0, "city_units_cum": 12441.0 }, "geometry": { "type": "Point", "coordinates": [ -73.985830385482146, 40.694899443444982 ] } },
{ "type": "Feature", "properties": { "nta2020": "BK0202", "ntaname.x": "Downtown Brooklyn-DUMBO-Boerum Hill", "comp_year": 2016.0, "ntaname.y": null, "units": 0.0, "units_cum": 0.0, "city_units": 15015.0, "city_units_cum": 27456.0 }, "geometry": { "type": "Point", "coordinates": [ -73.985830385482146, 40.694899443444982 ] } },
{ "type": "Feature", "properties": { "nta2020": "BK0202", "ntaname.x": "Downtown Brooklyn-DUMBO-Boerum Hill", "comp_year": 2017.0, "ntaname.y": "Downtown Brooklyn-DUMBO-Boerum Hill", "units": 952.0, "units_cum": 952.0, "city_units": 25343.0, "city_units_cum": 52799.0 }, "geometry": { "type": "Point", "coordinates": [ -73.985830385482146, 40.694899443444982 ] } },
{ "type": "Feature", "properties": { "nta2020": "BK0202", "ntaname.x": "Downtown Brooklyn-DUMBO-Boerum Hill", "comp_year": 2018.0, "ntaname.y": "Downtown Brooklyn-DUMBO-Boerum Hill", "units": 714.0, "units_cum": 1666.0, "city_units": 33764.0, "city_units_cum": 86563.0 }, "geometry": { "type": "Point", "coordinates": [ -73.985830385482146, 40.694899443444982 ] } },
{ "type": "Feature", "properties": { "nta2020": "BK0202", "ntaname.x": "Downtown Brooklyn-DUMBO-Boerum Hill", "comp_year": 2019.0, "ntaname.y": "Downtown Brooklyn-DUMBO-Boerum Hill", "units": 578.0, "units_cum": 2244.0, "city_units": 29408.0, "city_units_cum": 115971.0 }, "geometry": { "type": "Point", "coordinates": [ -73.985830385482146, 40.694899443444982 ] } },
{ "type": "Feature", "properties": { "nta2020": "BK0202", "ntaname.x": "Downtown Brooklyn-DUMBO-Boerum Hill", "comp_year": 2020.0, "ntaname.y": "Downtown Brooklyn-DUMBO-Boerum Hill", "units": 215.0, "units_cum": 2459.0, "city_units": 18916.0, "city_units_cum": 134887.0 }, "geometry": { "type": "Point", "coordinates": [ -73.985830385482146, 40.694899443444982 ] } },
{ "type": "Feature", "properties": { "nta2020": "BK0202", "ntaname.x": "Downtown Brooklyn-DUMBO-Boerum Hill", "comp_year": 2021.0, "ntaname.y": "Downtown Brooklyn-DUMBO-Boerum Hill", "units": 286.0, "units_cum": 2745.0, "city_units": 20786.0, "city_units_cum": 155673.0 }, "geometry": { "type": "Point", "coordinates": [ -73.985830385482146, 40.694899443444982 ] } },
{ "type": "Feature", "properties": { "nta2020": "BK0202", "ntaname.x": "Downtown Brooklyn-DUMBO-Boerum Hill", "comp_year": 2022.0, "ntaname.y": "Downtown Brooklyn-DUMBO-Boerum Hill", "units": 930.0, "units_cum": 3675.0, "city_units": 19919.0, "city_units_cum": 175592.0 }, "geometry": { "type": "Point", "coordinates": [ -73.985830385482146, 40.694899443444982 ] } },
{ "type": "Feature", "properties": { "nta2020": "BK0202", "ntaname.x": "Downtown Brooklyn-DUMBO-Boerum Hill", "comp_year": 2023.0, "ntaname.y": "Downtown Brooklyn-DUMBO-Boerum Hill", "units": 565.0, "units_cum": 4240.0, "city_units": 35384.0, "city_units_cum": 210976.0 }, "geometry": { "type": "Point", "coordinates": [ -73.985830385482146, 40.694899443444982 ] } },
{ "type": "Feature", "properties": { "nta2020": "BK0202", "ntaname.x": "Downtown Brooklyn-DUMBO-Boerum Hill", "comp_year": 2024.0, "ntaname.y": "Downtown Brooklyn-DUMBO-Boerum Hill", "units": 73.0, "units_cum": 4313.0, "city_units": 49047.0, "city_units_cum": 260023.0 }, "geometry": { "type": "Point", "coordinates": [ -73.985830385482146, 40.694899443444982 ] } },
{ "type": "Feature", "properties": { "nta2020": "BK0202", "ntaname.x": "Downtown Brooklyn-DUMBO-Boerum Hill", "comp_year": 2025.0, "ntaname.y": "Downtown Brooklyn-DUMBO-Boerum Hill", "units": 1277.0, "units_cum": 5590.0, "city_units": 16734.0, "city_units_cum": 276757.0 }, "geometry": { "type": "Point", "coordinates": [ -73.985830385482146, 40.694899443444982 ] } },
{ "type": "Feature", "properties": { "nta2020": "BK0203", "ntaname.x": "Fort Greene", "comp_year": 2014.0, "ntaname.y": null, "units": 0.0, "units_cum": 0.0, "city_units": 4879.0, "city_units_cum": 4879.0 }, "geometry": { "type": "Point", "coordinates": [ -73.974361402200188, 40.691169162897715 ] } },
{ "type": "Feature", "properties": { "nta2020": "BK0203", "ntaname.x": "Fort Greene", "comp_year": 2015.0, "ntaname.y": null, "units": 0.0, "units_cum": 0.0, "city_units": 7562.0, "city_units_cum": 12441.0 }, "geometry": { "type": "Point", "coordinates": [ -73.974361402200188, 40.691169162897715 ] } },
{ "type": "Feature", "properties": { "nta2020": "BK0203", "ntaname.x": "Fort Greene", "comp_year": 2016.0, "ntaname.y": "Fort Greene", "units": 99.0, "units_cum": 99.0, "city_units": 15015.0, "city_units_cum": 27456.0 }, "geometry": { "type": "Point", "coordinates": [ -73.974361402200188, 40.691169162897715 ] } },
{ "type": "Feature", "properties": { "nta2020": "BK0203", "ntaname.x": "Fort Greene", "comp_year": 2017.0, "ntaname.y": "Fort Greene", "units": 610.0, "units_cum": 709.0, "city_units": 25343.0, "city_units_cum": 52799.0 }, "geometry": { "type": "Point", "coordinates": [ -73.974361402200188, 40.691169162897715 ] } },
{ "type": "Feature", "properties": { "nta2020": "BK0203", "ntaname.x": "Fort Greene", "comp_year": 2018.0, "ntaname.y": "Fort Greene", "units": 563.0, "units_cum": 1272.0, "city_units": 33764.0, "city_units_cum": 86563.0 }, "geometry": { "type": "Point", "coordinates": [ -73.974361402200188, 40.691169162897715 ] } },
{ "type": "Feature", "properties": { "nta2020": "BK0203", "ntaname.x": "Fort Greene", "comp_year": 2019.0, "ntaname.y": "Fort Greene", "units": 159.0, "units_cum": 1431.0, "city_units": 29408.0, "city_units_cum": 115971.0 }, "geometry": { "type": "Point", "coordinates": [ -73.974361402200188, 40.691169162897715 ] } },
{ "type": "Feature", "properties": { "nta2020": "BK0203", "ntaname.x": "Fort Greene", "comp_year": 2020.0, "ntaname.y": "Fort Greene", "units": 437.0, "units_cum": 1868.0, "city_units": 18916.0, "city_units_cum": 134887.0 }, "geometry": { "type": "Point", "coordinates": [ -73.974361402200188, 40.691169162897715 ] } },
{ "type": "Feature", "properties": { "nta2020": "BK0203", "ntaname.x": "Fort Greene", "comp_year": 2021.0, "ntaname.y": "Fort Greene", "units": 854.0, "units_cum": 2722.0, "city_units": 20786.0, "city_units_cum": 155673.0 }, "geometry": { "type": "Point", "coordinates": [ -73.974361402200188, 40.691169162897715 ] } },
{ "type": "Feature", "properties": { "nta2020": "BK0203", "ntaname.x": "Fort Greene", "comp_year": 2022.0, "ntaname.y": "Fort Greene", "units": 9.0, "units_cum": 2731.0, "city_units": 19919.0, "city_units_cum": 175592.0 }, "geometry": { "type": "Point", "coordinates": [ -73.974361402200188, 40.691169162897715 ] } },
{ "type": "Feature", "properties": { "nta2020": "BK0203", "ntaname.x": "Fort Greene", "comp_year": 2023.0, "ntaname.y": "Fort Greene", "units": 15.0, "units_cum": 2746.0, "city_units": 35384.0, "city_units_cum": 210976.0 }, "geometry": { "type": "Point", "coordinates": [ -73.974361402200188, 40.691169162897715 ] } },
{ "type": "Feature", "properties": { "nta2020": "BK0203", "ntaname.x": "Fort Greene", "comp_year": 2024.0, "ntaname.y": "Fort Greene", "units": 90.0, "units_cum": 2836.0, "city_units": 49047.0, "city_units_cum": 260023.0 }, "geometry": { "type": "Point", "coordinates": [ -73.974361402200188, 40.691169162897715 ] } },
{ "type": "Feature", "properties": { "nta2020": "BK0203", "ntaname.x": "Fort Greene", "comp_year": 2025.0, "ntaname.y": "Fort Greene", "units": 178.0, "units_cum": 3014.0, "city_units": 16734.0, "city_units_cum": 276757.0 }, "geometry": { "type": "Point", "coordinates": [ -73.974361402200188, 40.691169162897715 ] } },
{ "type": "Feature", "properties": { "nta2020": "BK0204", "ntaname.x": "Clinton Hill", "comp_year": 2014.0, "ntaname.y": null, "units": 0.0, "units_cum": 0.0, "city_units": 4879.0, "city_units_cum": 4879.0 }, "geometry": { "type": "Point", "coordinates": [ -73.964462220045533, 40.68899840271682 ] } },
{ "type": "Feature", "properties": { "nta2020": "BK0204", "ntaname.x": "Clinton Hill", "comp_year": 2015.0, "ntaname.y": null, "units": 0.0, "units_cum": 0.0, "city_units": 7562.0, "city_units_cum": 12441.0 }, "geometry": { "type": "Point", "coordinates": [ -73.964462220045533, 40.68899840271682 ] } },
{ "type": "Feature", "properties": { "nta2020": "BK0204", "ntaname.x": "Clinton Hill", "comp_year": 2016.0, "ntaname.y": "Clinton Hill", "units": 93.0, "units_cum": 93.0, "city_units": 15015.0, "city_units_cum": 27456.0 }, "geometry": { "type": "Point", "coordinates": [ -73.964462220045533, 40.68899840271682 ] } },
{ "type": "Feature", "properties": { "nta2020": "BK0204", "ntaname.x": "Clinton Hill", "comp_year": 2017.0, "ntaname.y": "Clinton Hill", "units": 323.0, "units_cum": 416.0, "city_units": 25343.0, "city_units_cum": 52799.0 }, "geometry": { "type": "Point", "coordinates": [ -73.964462220045533, 40.68899840271682 ] } },
{ "type": "Feature", "properties": { "nta2020": "BK0204", "ntaname.x": "Clinton Hill", "comp_year": 2018.0, "ntaname.y": null, "units": 0.0, "units_cum": 416.0, "city_units": 33764.0, "city_units_cum": 86563.0 }, "geometry": { "type": "Point", "coordinates": [ -73.964462220045533, 40.68899840271682 ] } },
{ "type": "Feature", "properties": { "nta2020": "BK0204", "ntaname.x": "Clinton Hill", "comp_year": 2019.0, "ntaname.y": "Clinton Hill", "units": 669.0, "units_cum": 1085.0, "city_units": 29408.0, "city_units_cum": 115971.0 }, "geometry": { "type": "Point", "coordinates": [ -73.964462220045533, 40.68899840271682 ] } },
{ "type": "Feature", "properties": { "nta2020": "BK0204", "ntaname.x": "Clinton Hill", "comp_year": 2020.0, "ntaname.y": "Clinton Hill", "units": 117.0, "units_cum": 1202.0, "city_units": 18916.0, "city_units_cum": 134887.0 }, "geometry": { "type": "Point", "coordinates": [ -73.964462220045533, 40.68899840271682 ] } },
{ "type": "Feature", "properties": { "nta2020": "BK0204", "ntaname.x": "Clinton Hill", "comp_year": 2021.0, "ntaname.y": "Clinton Hill", "units": 363.0, "units_cum": 1565.0, "city_units": 20786.0, "city_units_cum": 155673.0 }, "geometry": { "type": "Point", "coordinates": [ -73.964462220045533, 40.68899840271682 ] } },
{ "type": "Feature", "properties": { "nta2020": "BK0204", "ntaname.x": "Clinton Hill", "comp_year": 2022.0, "ntaname.y": "Clinton Hill", "units": 94.0, "units_cum": 1659.0, "city_units": 19919.0, "city_units_cum": 175592.0 }, "geometry": { "type": "Point", "coordinates": [ -73.964462220045533, 40.68899840271682 ] } },
{ "type": "Feature", "properties": { "nta2020": "BK0204", "ntaname.x": "Clinton Hill", "comp_year": 2023.0, "ntaname.y": "Clinton Hill", "units": 591.0, "units_cum": 2250.0, "city_units": 35384.0, "city_units_cum": 210976.0 }, "geometry": { "type": "Point", "coordinates": [ -73.964462220045533, 40.68899840271682 ] } },
{ "type": "Feature", "properties": { "nta2020": "BK0204", "ntaname.x": "Clinton Hill", "comp_year": 2024.0, "ntaname.y": "Clinton Hill", "units": 166.0, "units_cum": 2416.0, "city_units": 49047.0, "city_units_cum": 260023.0 }, "geometry": { "type": "Point", "coordinates": [ -73.964462220045533, 40.68899840271682 ] } },
{ "type": "Feature", "properties": { "nta2020": "BK0204", "ntaname.x": "Clinton Hill", "comp_year": 2025.0, "ntaname.y": "Clinton Hill", "units": 21.0, "units_cum": 2437.0, "city_units": 16734.0, "city_units_cum": 276757.0 }, "geometry": { "type": "Point", "coordinates": [ -73.964462220045533, 40.68899840271682 ] } },
{ "type": "Feature", "properties": { "nta2020": "BK0261", "ntaname.x": "Brooklyn Navy Yard", "comp_year": null, "ntaname.y": null, "units": null, "units_cum": null, "city_units": null, "city_units_cum": null }, "geometry": { "type": "Point", "coordinates": [ -73.971661454480213, 40.701263527920297 ] } },
{ "type": "Feature", "properties": { "nta2020": "BK0301", "ntaname.x": "Bedford-Stuyvesant (West)", "comp_year": 2014.0, "ntaname.y": null, "units": 0.0, "units_cum": 0.0, "city_units": 4879.0, "city_units_cum": 4879.0 }, "geometry": { "type": "Point", "coordinates": [ -73.951001681733558, 40.688956473497029 ] } },
{ "type": "Feature", "properties": { "nta2020": "BK0301", "ntaname.x": "Bedford-Stuyvesant (West)", "comp_year": 2015.0, "ntaname.y": "Bedford-Stuyvesant (West)", "units": 37.0, "units_cum": 37.0, "city_units": 7562.0, "city_units_cum": 12441.0 }, "geometry": { "type": "Point", "coordinates": [ -73.951001681733558, 40.688956473497029 ] } },
{ "type": "Feature", "properties": { "nta2020": "BK0301", "ntaname.x": "Bedford-Stuyvesant (West)", "comp_year": 2016.0, "ntaname.y": "Bedford-Stuyvesant (West)", "units": 119.0, "units_cum": 156.0, "city_units": 15015.0, "city_units_cum": 27456.0 }, "geometry": { "type": "Point", "coordinates": [ -73.951001681733558, 40.688956473497029 ] } },
{ "type": "Feature", "properties": { "nta2020": "BK0301", "ntaname.x": "Bedford-Stuyvesant (West)", "comp_year": 2017.0, "ntaname.y": "Bedford-Stuyvesant (West)", "units": 512.0, "units_cum": 668.0, "city_units": 25343.0, "city_units_cum": 52799.0 }, "geometry": { "type": "Point", "coordinates": [ -73.951001681733558, 40.688956473497029 ] } },
{ "type": "Feature", "properties": { "nta2020": "BK0301", "ntaname.x": "Bedford-Stuyvesant (West)", "comp_year": 2018.0, "ntaname.y": "Bedford-Stuyvesant (West)", "units": 222.0, "units_cum": 890.0, "city_units": 33764.0, "city_units_cum": 86563.0 }, "geometry": { "type": "Point", "coordinates": [ -73.951001681733558, 40.688956473497029 ] } },
{ "type": "Feature", "properties": { "nta2020": "BK0301", "ntaname.x": "Bedford-Stuyvesant (West)", "comp_year": 2019.0, "ntaname.y": "Bedford-Stuyvesant (West)", "units": 319.0, "units_cum": 1209.0, "city_units": 29408.0, "city_units_cum": 115971.0 }, "geometry": { "type": "Point", "coordinates": [ -73.951001681733558, 40.688956473497029 ] } },
{ "type": "Feature", "properties": { "nta2020": "BK0301", "ntaname.x": "Bedford-Stuyvesant (West)", "comp_year": 2020.0, "ntaname.y": "Bedford-Stuyvesant (West)", "units": 483.0, "units_cum": 1692.0, "city_units": 18916.0, "city_units_cum": 134887.0 }, "geometry": { "type": "Point", "coordinates": [ -73.951001681733558, 40.688956473497029 ] } },
{ "type": "Feature", "properties": { "nta2020": "BK0301", "ntaname.x": "Bedford-Stuyvesant (West)", "comp_year": 2021.0, "ntaname.y": "Bedford-Stuyvesant (West)", "units": 106.0, "units_cum": 1798.0, "city_units": 20786.0, "city_units_cum": 155673.0 }, "geometry": { "type": "Point", "coordinates": [ -73.951001681733558, 40.688956473497029 ] } },
{ "type": "Feature", "properties": { "nta2020": "BK0301", "ntaname.x": "Bedford-Stuyvesant (West)", "comp_year": 2022.0, "ntaname.y": "Bedford-Stuyvesant (West)", "units": 374.0, "units_cum": 2172.0, "city_units": 19919.0, "city_units_cum": 175592.0 }, "geometry": { "type": "Point", "coordinates": [ -73.951001681733558, 40.688956473497029 ] } },
{ "type": "Feature", "properties": { "nta2020": "BK0301", "ntaname.x": "Bedford-Stuyvesant (West)", "comp_year": 2023.0, "ntaname.y": "Bedford-Stuyvesant (West)", "units": 302.0, "units_cum": 2474.0, "city_units": 35384.0, "city_units_cum": 210976.0 }, "geometry": { "type": "Point", "coordinates": [ -73.951001681733558, 40.688956473497029 ] } },
{ "type": "Feature", "properties": { "nta2020": "BK0301", "ntaname.x": "Bedford-Stuyvesant (West)", "comp_year": 2024.0, "ntaname.y": "Bedford-Stuyvesant (West)", "units": 830.0, "units_cum": 3304.0, "city_units": 49047.0, "city_units_cum": 260023.0 }, "geometry": { "type": "Point", "coordinates": [ -73.951001681733558, 40.688956473497029 ] } },
{ "type": "Feature", "properties": { "nta2020": "BK0301", "ntaname.x": "Bedford-Stuyvesant (West)", "comp_year": 2025.0, "ntaname.y": "Bedford-Stuyvesant (West)", "units": 130.0, "units_cum": 3434.0, "city_units": 16734.0, "city_units_cum": 276757.0 }, "geometry": { "type": "Point", "coordinates": [ -73.951001681733558, 40.688956473497029 ] } },
{ "type": "Feature", "properties": { "nta2020": "BK0302", "ntaname.x": "Bedford-Stuyvesant (East)", "comp_year": 2014.0, "ntaname.y": "Bedford-Stuyvesant (East)", "units": 126.0, "units_cum": 126.0, "city_units": 4879.0, "city_units_cum": 4879.0 }, "geometry": { "type": "Point", "coordinates": [ -73.931791779295153, 40.686621077746835 ] } },
{ "type": "Feature", "properties": { "nta2020": "BK0302", "ntaname.x": "Bedford-Stuyvesant (East)", "comp_year": 2015.0, "ntaname.y": "Bedford-Stuyvesant (East)", "units": 30.0, "units_cum": 156.0, "city_units": 7562.0, "city_units_cum": 12441.0 }, "geometry": { "type": "Point", "coordinates": [ -73.931791779295153, 40.686621077746835 ] } },
{ "type": "Feature", "properties": { "nta2020": "BK0302", "ntaname.x": "Bedford-Stuyvesant (East)", "comp_year": 2016.0, "ntaname.y": "Bedford-Stuyvesant (East)", "units": 118.0, "units_cum": 274.0, "city_units": 15015.0, "city_units_cum": 27456.0 }, "geometry": { "type": "Point", "coordinates": [ -73.931791779295153, 40.686621077746835 ] } },
{ "type": "Feature", "properties": { "nta2020": "BK0302", "ntaname.x": "Bedford-Stuyvesant (East)", "comp_year": 2017.0, "ntaname.y": "Bedford-Stuyvesant (East)", "units": 310.0, "units_cum": 584.0, "city_units": 25343.0, "city_units_cum": 52799.0 }, "geometry": { "type": "Point", "coordinates": [ -73.931791779295153, 40.686621077746835 ] } },
{ "type": "Feature", "properties": { "nta2020": "BK0302", "ntaname.x": "Bedford-Stuyvesant (East)", "comp_year": 2018.0, "ntaname.y": "Bedford-Stuyvesant (East)", "units": 204.0, "units_cum": 788.0, "city_units": 33764.0, "city_units_cum": 86563.0 }, "geometry": { "type": "Point", "coordinates": [ -73.931791779295153, 40.686621077746835 ] } },
{ "type": "Feature", "properties": { "nta2020": "BK0302", "ntaname.x": "Bedford-Stuyvesant (East)", "comp_year": 2019.0, "ntaname.y": "Bedford-Stuyvesant (East)", "units": 221.0, "units_cum": 1009.0, "city_units": 29408.0, "city_units_cum": 115971.0 }, "geometry": { "type": "Point", "coordinates": [ -73.931791779295153, 40.686621077746835 ] } },
{ "type": "Feature", "properties": { "nta2020": "BK0302", "ntaname.x": "Bedford-Stuyvesant (East)", "comp_year": 2020.0, "ntaname.y": "Bedford-Stuyvesant (East)", "units": 455.0, "units_cum": 1464.0, "city_units": 18916.0, "city_units_cum": 134887.0 }, "geometry": { "type": "Point", "coordinates": [ -73.931791779295153, 40.686621077746835 ] } },
{ "type": "Feature", "properties": { "nta2020": "BK0302", "ntaname.x": "Bedford-Stuyvesant (East)", "comp_year": 2021.0, "ntaname.y": "Bedford-Stuyvesant (East)", "units": 150.0, "units_cum": 1614.0, "city_units": 20786.0, "city_units_cum": 155673.0 }, "geometry": { "type": "Point", "coordinates": [ -73.931791779295153, 40.686621077746835 ] } },
{ "type": "Feature", "properties": { "nta2020": "BK0302", "ntaname.x": "Bedford-Stuyvesant (East)", "comp_year": 2022.0, "ntaname.y": "Bedford-Stuyvesant (East)", "units": 162.0, "units_cum": 1776.0, "city_units": 19919.0, "city_units_cum": 175592.0 }, "geometry": { "type": "Point", "coordinates": [ -73.931791779295153, 40.686621077746835 ] } },
{ "type": "Feature", "properties": { "nta2020": "BK0302", "ntaname.x": "Bedford-Stuyvesant (East)", "comp_year": 2023.0, "ntaname.y": "Bedford-Stuyvesant (East)", "units": 966.0, "units_cum": 2742.0, "city_units": 35384.0, "city_units_cum": 210976.0 }, "geometry": { "type": "Point", "coordinates": [ -73.931791779295153, 40.686621077746835 ] } },
{ "type": "Feature", "properties": { "nta2020": "BK0302", "ntaname.x": "Bedford-Stuyvesant (East)", "comp_year": 2024.0, "ntaname.y": "Bedford-Stuyvesant (East)", "units": 534.0, "units_cum": 3276.0, "city_units": 49047.0, "city_units_cum": 260023.0 }, "geometry": { "type": "Point", "coordinates": [ -73.931791779295153, 40.686621077746835 ] } },
{ "type": "Feature", "properties": { "nta2020": "BK0302", "ntaname.x": "Bedford-Stuyvesant (East)", "comp_year": 2025.0, "ntaname.y": "Bedford-Stuyvesant (East)", "units": 386.0, "units_cum": 3662.0, "city_units": 16734.0, "city_units_cum": 276757.0 }, "geometry": { "type": "Point", "coordinates": [ -73.931791779295153, 40.686621077746835 ] } },
{ "type": "Feature", "properties": { "nta2020": "BK0401", "ntaname.x": "Bushwick (West)", "comp_year": 2014.0, "ntaname.y": null, "units": 0.0, "units_cum": 0.0, "city_units": 4879.0, "city_units_cum": 4879.0 }, "geometry": { "type": "Point", "coordinates": [ -73.925270837600195, 40.700996063455136 ] } },
{ "type": "Feature", "properties": { "nta2020": "BK0401", "ntaname.x": "Bushwick (West)", "comp_year": 2015.0, "ntaname.y": null, "units": 0.0, "units_cum": 0.0, "city_units": 7562.0, "city_units_cum": 12441.0 }, "geometry": { "type": "Point", "coordinates": [ -73.925270837600195, 40.700996063455136 ] } },
{ "type": "Feature", "properties": { "nta2020": "BK0401", "ntaname.x": "Bushwick (West)", "comp_year": 2016.0, "ntaname.y": "Bushwick (West)", "units": 6.0, "units_cum": 6.0, "city_units": 15015.0, "city_units_cum": 27456.0 }, "geometry": { "type": "Point", "coordinates": [ -73.925270837600195, 40.700996063455136 ] } },
{ "type": "Feature", "properties": { "nta2020": "BK0401", "ntaname.x": "Bushwick (West)", "comp_year": 2017.0, "ntaname.y": "Bushwick (West)", "units": 120.0, "units_cum": 126.0, "city_units": 25343.0, "city_units_cum": 52799.0 }, "geometry": { "type": "Point", "coordinates": [ -73.925270837600195, 40.700996063455136 ] } },
{ "type": "Feature", "properties": { "nta2020": "BK0401", "ntaname.x": "Bushwick (West)", "comp_year": 2018.0, "ntaname.y": "Bushwick (West)", "units": 368.0, "units_cum": 494.0, "city_units": 33764.0, "city_units_cum": 86563.0 }, "geometry": { "type": "Point", "coordinates": [ -73.925270837600195, 40.700996063455136 ] } },
{ "type": "Feature", "properties": { "nta2020": "BK0401", "ntaname.x": "Bushwick (West)", "comp_year": 2019.0, "ntaname.y": "Bushwick (West)", "units": 985.0, "units_cum": 1479.0, "city_units": 29408.0, "city_units_cum": 115971.0 }, "geometry": { "type": "Point", "coordinates": [ -73.925270837600195, 40.700996063455136 ] } },
{ "type": "Feature", "properties": { "nta2020": "BK0401", "ntaname.x": "Bushwick (West)", "comp_year": 2020.0, "ntaname.y": "Bushwick (West)", "units": 1040.0, "units_cum": 2519.0, "city_units": 18916.0, "city_units_cum": 134887.0 }, "geometry": { "type": "Point", "coordinates": [ -73.925270837600195, 40.700996063455136 ] } },
{ "type": "Feature", "properties": { "nta2020": "BK0401", "ntaname.x": "Bushwick (West)", "comp_year": 2021.0, "ntaname.y": "Bushwick (West)", "units": 246.0, "units_cum": 2765.0, "city_units": 20786.0, "city_units_cum": 155673.0 }, "geometry": { "type": "Point", "coordinates": [ -73.925270837600195, 40.700996063455136 ] } },
{ "type": "Feature", "properties": { "nta2020": "BK0401", "ntaname.x": "Bushwick (West)", "comp_year": 2022.0, "ntaname.y": "Bushwick (West)", "units": 224.0, "units_cum": 2989.0, "city_units": 19919.0, "city_units_cum": 175592.0 }, "geometry": { "type": "Point", "coordinates": [ -73.925270837600195, 40.700996063455136 ] } },
{ "type": "Feature", "properties": { "nta2020": "BK0401", "ntaname.x": "Bushwick (West)", "comp_year": 2023.0, "ntaname.y": "Bushwick (West)", "units": 225.0, "units_cum": 3214.0, "city_units": 35384.0, "city_units_cum": 210976.0 }, "geometry": { "type": "Point", "coordinates": [ -73.925270837600195, 40.700996063455136 ] } },
{ "type": "Feature", "properties": { "nta2020": "BK0401", "ntaname.x": "Bushwick (West)", "comp_year": 2024.0, "ntaname.y": "Bushwick (West)", "units": 122.0, "units_cum": 3336.0, "city_units": 49047.0, "city_units_cum": 260023.0 }, "geometry": { "type": "Point", "coordinates": [ -73.925270837600195, 40.700996063455136 ] } },
{ "type": "Feature", "properties": { "nta2020": "BK0401", "ntaname.x": "Bushwick (West)", "comp_year": 2025.0, "ntaname.y": "Bushwick (West)", "units": 153.0, "units_cum": 3489.0, "city_units": 16734.0, "city_units_cum": 276757.0 }, "geometry": { "type": "Point", "coordinates": [ -73.925270837600195, 40.700996063455136 ] } },
{ "type": "Feature", "properties": { "nta2020": "BK0402", "ntaname.x": "Bushwick (East)", "comp_year": 2014.0, "ntaname.y": null, "units": 0.0, "units_cum": 0.0, "city_units": 4879.0, "city_units_cum": 4879.0 }, "geometry": { "type": "Point", "coordinates": [ -73.912965654905648, 40.691244719138297 ] } },
{ "type": "Feature", "properties": { "nta2020": "BK0402", "ntaname.x": "Bushwick (East)", "comp_year": 2015.0, "ntaname.y": null, "units": 0.0, "units_cum": 0.0, "city_units": 7562.0, "city_units_cum": 12441.0 }, "geometry": { "type": "Point", "coordinates": [ -73.912965654905648, 40.691244719138297 ] } },
{ "type": "Feature", "properties": { "nta2020": "BK0402", "ntaname.x": "Bushwick (East)", "comp_year": 2016.0, "ntaname.y": "Bushwick (East)", "units": 113.0, "units_cum": 113.0, "city_units": 15015.0, "city_units_cum": 27456.0 }, "geometry": { "type": "Point", "coordinates": [ -73.912965654905648, 40.691244719138297 ] } },
{ "type": "Feature", "properties": { "nta2020": "BK0402", "ntaname.x": "Bushwick (East)", "comp_year": 2017.0, "ntaname.y": "Bushwick (East)", "units": 42.0, "units_cum": 155.0, "city_units": 25343.0, "city_units_cum": 52799.0 }, "geometry": { "type": "Point", "coordinates": [ -73.912965654905648, 40.691244719138297 ] } },
{ "type": "Feature", "properties": { "nta2020": "BK0402", "ntaname.x": "Bushwick (East)", "comp_year": 2018.0, "ntaname.y": "Bushwick (East)", "units": 179.0, "units_cum": 334.0, "city_units": 33764.0, "city_units_cum": 86563.0 }, "geometry": { "type": "Point", "coordinates": [ -73.912965654905648, 40.691244719138297 ] } },
{ "type": "Feature", "properties": { "nta2020": "BK0402", "ntaname.x": "Bushwick (East)", "comp_year": 2019.0, "ntaname.y": "Bushwick (East)", "units": 426.0, "units_cum": 760.0, "city_units": 29408.0, "city_units_cum": 115971.0 }, "geometry": { "type": "Point", "coordinates": [ -73.912965654905648, 40.691244719138297 ] } },
{ "type": "Feature", "properties": { "nta2020": "BK0402", "ntaname.x": "Bushwick (East)", "comp_year": 2020.0, "ntaname.y": "Bushwick (East)", "units": 103.0, "units_cum": 863.0, "city_units": 18916.0, "city_units_cum": 134887.0 }, "geometry": { "type": "Point", "coordinates": [ -73.912965654905648, 40.691244719138297 ] } },
{ "type": "Feature", "properties": { "nta2020": "BK0402", "ntaname.x": "Bushwick (East)", "comp_year": 2021.0, "ntaname.y": "Bushwick (East)", "units": 161.0, "units_cum": 1024.0, "city_units": 20786.0, "city_units_cum": 155673.0 }, "geometry": { "type": "Point", "coordinates": [ -73.912965654905648, 40.691244719138297 ] } },
{ "type": "Feature", "properties": { "nta2020": "BK0402", "ntaname.x": "Bushwick (East)", "comp_year": 2022.0, "ntaname.y": "Bushwick (East)", "units": 281.0, "units_cum": 1305.0, "city_units": 19919.0, "city_units_cum": 175592.0 }, "geometry": { "type": "Point", "coordinates": [ -73.912965654905648, 40.691244719138297 ] } },
{ "type": "Feature", "properties": { "nta2020": "BK0402", "ntaname.x": "Bushwick (East)", "comp_year": 2023.0, "ntaname.y": "Bushwick (East)", "units": 203.0, "units_cum": 1508.0, "city_units": 35384.0, "city_units_cum": 210976.0 }, "geometry": { "type": "Point", "coordinates": [ -73.912965654905648, 40.691244719138297 ] } },
{ "type": "Feature", "properties": { "nta2020": "BK0402", "ntaname.x": "Bushwick (East)", "comp_year": 2024.0, "ntaname.y": "Bushwick (East)", "units": 296.0, "units_cum": 1804.0, "city_units": 49047.0, "city_units_cum": 260023.0 }, "geometry": { "type": "Point", "coordinates": [ -73.912965654905648, 40.691244719138297 ] } },
{ "type": "Feature", "properties": { "nta2020": "BK0402", "ntaname.x": "Bushwick (East)", "comp_year": 2025.0, "ntaname.y": "Bushwick (East)", "units": 14.0, "units_cum": 1818.0, "city_units": 16734.0, "city_units_cum": 276757.0 }, "geometry": { "type": "Point", "coordinates": [ -73.912965654905648, 40.691244719138297 ] } },
{ "type": "Feature", "properties": { "nta2020": "BK0471", "ntaname.x": "The Evergreens Cemetery", "comp_year": null, "ntaname.y": null, "units": null, "units_cum": null, "city_units": null, "city_units_cum": null }, "geometry": { "type": "Point", "coordinates": [ -73.901273986380986, 40.68438731613918 ] } },
{ "type": "Feature", "properties": { "nta2020": "BK0501", "ntaname.x": "Cypress Hills", "comp_year": 2014.0, "ntaname.y": null, "units": 0.0, "units_cum": 0.0, "city_units": 4879.0, "city_units_cum": 4879.0 }, "geometry": { "type": "Point", "coordinates": [ -73.882060452074185, 40.682534751937993 ] } },
{ "type": "Feature", "properties": { "nta2020": "BK0501", "ntaname.x": "Cypress Hills", "comp_year": 2015.0, "ntaname.y": null, "units": 0.0, "units_cum": 0.0, "city_units": 7562.0, "city_units_cum": 12441.0 }, "geometry": { "type": "Point", "coordinates": [ -73.882060452074185, 40.682534751937993 ] } },
{ "type": "Feature", "properties": { "nta2020": "BK0501", "ntaname.x": "Cypress Hills", "comp_year": 2016.0, "ntaname.y": null, "units": 0.0, "units_cum": 0.0, "city_units": 15015.0, "city_units_cum": 27456.0 }, "geometry": { "type": "Point", "coordinates": [ -73.882060452074185, 40.682534751937993 ] } },
{ "type": "Feature", "properties": { "nta2020": "BK0501", "ntaname.x": "Cypress Hills", "comp_year": 2017.0, "ntaname.y": null, "units": 0.0, "units_cum": 0.0, "city_units": 25343.0, "city_units_cum": 52799.0 }, "geometry": { "type": "Point", "coordinates": [ -73.882060452074185, 40.682534751937993 ] } },
{ "type": "Feature", "properties": { "nta2020": "BK0501", "ntaname.x": "Cypress Hills", "comp_year": 2018.0, "ntaname.y": "Cypress Hills", "units": 54.0, "units_cum": 54.0, "city_units": 33764.0, "city_units_cum": 86563.0 }, "geometry": { "type": "Point", "coordinates": [ -73.882060452074185, 40.682534751937993 ] } },
{ "type": "Feature", "properties": { "nta2020": "BK0501", "ntaname.x": "Cypress Hills", "comp_year": 2019.0, "ntaname.y": null, "units": 0.0, "units_cum": 54.0, "city_units": 29408.0, "city_units_cum": 115971.0 }, "geometry": { "type": "Point", "coordinates": [ -73.882060452074185, 40.682534751937993 ] } },
{ "type": "Feature", "properties": { "nta2020": "BK0501", "ntaname.x": "Cypress Hills", "comp_year": 2020.0, "ntaname.y": "Cypress Hills", "units": 110.0, "units_cum": 164.0, "city_units": 18916.0, "city_units_cum": 134887.0 }, "geometry": { "type": "Point", "coordinates": [ -73.882060452074185, 40.682534751937993 ] } },
{ "type": "Feature", "properties": { "nta2020": "BK0501", "ntaname.x": "Cypress Hills", "comp_year": 2021.0, "ntaname.y": "Cypress Hills", "units": 26.0, "units_cum": 190.0, "city_units": 20786.0, "city_units_cum": 155673.0 }, "geometry": { "type": "Point", "coordinates": [ -73.882060452074185, 40.682534751937993 ] } },
{ "type": "Feature", "properties": { "nta2020": "BK0501", "ntaname.x": "Cypress Hills", "comp_year": 2022.0, "ntaname.y": "Cypress Hills", "units": 20.0, "units_cum": 210.0, "city_units": 19919.0, "city_units_cum": 175592.0 }, "geometry": { "type": "Point", "coordinates": [ -73.882060452074185, 40.682534751937993 ] } },
{ "type": "Feature", "properties": { "nta2020": "BK0501", "ntaname.x": "Cypress Hills", "comp_year": 2023.0, "ntaname.y": "Cypress Hills", "units": 28.0, "units_cum": 238.0, "city_units": 35384.0, "city_units_cum": 210976.0 }, "geometry": { "type": "Point", "coordinates": [ -73.882060452074185, 40.682534751937993 ] } },
{ "type": "Feature", "properties": { "nta2020": "BK0501", "ntaname.x": "Cypress Hills", "comp_year": 2024.0, "ntaname.y": "Cypress Hills", "units": 335.0, "units_cum": 573.0, "city_units": 49047.0, "city_units_cum": 260023.0 }, "geometry": { "type": "Point", "coordinates": [ -73.882060452074185, 40.682534751937993 ] } },
{ "type": "Feature", "properties": { "nta2020": "BK0501", "ntaname.x": "Cypress Hills", "comp_year": 2025.0, "ntaname.y": "Cypress Hills", "units": 403.0, "units_cum": 976.0, "city_units": 16734.0, "city_units_cum": 276757.0 }, "geometry": { "type": "Point", "coordinates": [ -73.882060452074185, 40.682534751937993 ] } },
{ "type": "Feature", "properties": { "nta2020": "BK0502", "ntaname.x": "East New York (North)", "comp_year": 2014.0, "ntaname.y": null, "units": 0.0, "units_cum": 0.0, "city_units": 4879.0, "city_units_cum": 4879.0 }, "geometry": { "type": "Point", "coordinates": [ -73.889483863061827, 40.672484782556275 ] } },
{ "type": "Feature", "properties": { "nta2020": "BK0502", "ntaname.x": "East New York (North)", "comp_year": 2015.0, "ntaname.y": null, "units": 0.0, "units_cum": 0.0, "city_units": 7562.0, "city_units_cum": 12441.0 }, "geometry": { "type": "Point", "coordinates": [ -73.889483863061827, 40.672484782556275 ] } },
{ "type": "Feature", "properties": { "nta2020": "BK0502", "ntaname.x": "East New York (North)", "comp_year": 2016.0, "ntaname.y": "East New York (North)", "units": 168.0, "units_cum": 168.0, "city_units": 15015.0, "city_units_cum": 27456.0 }, "geometry": { "type": "Point", "coordinates": [ -73.889483863061827, 40.672484782556275 ] } },
{ "type": "Feature", "properties": { "nta2020": "BK0502", "ntaname.x": "East New York (North)", "comp_year": 2017.0, "ntaname.y": "East New York (North)", "units": 264.0, "units_cum": 432.0, "city_units": 25343.0, "city_units_cum": 52799.0 }, "geometry": { "type": "Point", "coordinates": [ -73.889483863061827, 40.672484782556275 ] } },
{ "type": "Feature", "properties": { "nta2020": "BK0502", "ntaname.x": "East New York (North)", "comp_year": 2018.0, "ntaname.y": "East New York (North)", "units": 287.0, "units_cum": 719.0, "city_units": 33764.0, "city_units_cum": 86563.0 }, "geometry": { "type": "Point", "coordinates": [ -73.889483863061827, 40.672484782556275 ] } },
{ "type": "Feature", "properties": { "nta2020": "BK0502", "ntaname.x": "East New York (North)", "comp_year": 2019.0, "ntaname.y": "East New York (North)", "units": 19.0, "units_cum": 738.0, "city_units": 29408.0, "city_units_cum": 115971.0 }, "geometry": { "type": "Point", "coordinates": [ -73.889483863061827, 40.672484782556275 ] } },
{ "type": "Feature", "properties": { "nta2020": "BK0502", "ntaname.x": "East New York (North)", "comp_year": 2020.0, "ntaname.y": "East New York (North)", "units": 15.0, "units_cum": 753.0, "city_units": 18916.0, "city_units_cum": 134887.0 }, "geometry": { "type": "Point", "coordinates": [ -73.889483863061827, 40.672484782556275 ] } },
{ "type": "Feature", "properties": { "nta2020": "BK0502", "ntaname.x": "East New York (North)", "comp_year": 2021.0, "ntaname.y": "East New York (North)", "units": 284.0, "units_cum": 1037.0, "city_units": 20786.0, "city_units_cum": 155673.0 }, "geometry": { "type": "Point", "coordinates": [ -73.889483863061827, 40.672484782556275 ] } },
{ "type": "Feature", "properties": { "nta2020": "BK0502", "ntaname.x": "East New York (North)", "comp_year": 2022.0, "ntaname.y": "East New York (North)", "units": 47.0, "units_cum": 1084.0, "city_units": 19919.0, "city_units_cum": 175592.0 }, "geometry": { "type": "Point", "coordinates": [ -73.889483863061827, 40.672484782556275 ] } },
{ "type": "Feature", "properties": { "nta2020": "BK0502", "ntaname.x": "East New York (North)", "comp_year": 2023.0, "ntaname.y": "East New York (North)", "units": 529.0, "units_cum": 1613.0, "city_units": 35384.0, "city_units_cum": 210976.0 }, "geometry": { "type": "Point", "coordinates": [ -73.889483863061827, 40.672484782556275 ] } },
{ "type": "Feature", "properties": { "nta2020": "BK0502", "ntaname.x": "East New York (North)", "comp_year": 2024.0, "ntaname.y": "East New York (North)", "units": 120.0, "units_cum": 1733.0, "city_units": 49047.0, "city_units_cum": 260023.0 }, "geometry": { "type": "Point", "coordinates": [ -73.889483863061827, 40.672484782556275 ] } },
{ "type": "Feature", "properties": { "nta2020": "BK0502", "ntaname.x": "East New York (North)", "comp_year": 2025.0, "ntaname.y": null, "units": 0.0, "units_cum": 1733.0, "city_units": 16734.0, "city_units_cum": 276757.0 }, "geometry": { "type": "Point", "coordinates": [ -73.889483863061827, 40.672484782556275 ] } },
{ "type": "Feature", "properties": { "nta2020": "BK0503", "ntaname.x": "East New York-New Lots", "comp_year": 2014.0, "ntaname.y": null, "units": 0.0, "units_cum": 0.0, "city_units": 4879.0, "city_units_cum": 4879.0 }, "geometry": { "type": "Point", "coordinates": [ -73.888045838985192, 40.659727783348629 ] } },
{ "type": "Feature", "properties": { "nta2020": "BK0503", "ntaname.x": "East New York-New Lots", "comp_year": 2015.0, "ntaname.y": null, "units": 0.0, "units_cum": 0.0, "city_units": 7562.0, "city_units_cum": 12441.0 }, "geometry": { "type": "Point", "coordinates": [ -73.888045838985192, 40.659727783348629 ] } },
{ "type": "Feature", "properties": { "nta2020": "BK0503", "ntaname.x": "East New York-New Lots", "comp_year": 2016.0, "ntaname.y": "East New York-New Lots", "units": 278.0, "units_cum": 278.0, "city_units": 15015.0, "city_units_cum": 27456.0 }, "geometry": { "type": "Point", "coordinates": [ -73.888045838985192, 40.659727783348629 ] } },
{ "type": "Feature", "properties": { "nta2020": "BK0503", "ntaname.x": "East New York-New Lots", "comp_year": 2017.0, "ntaname.y": null, "units": 0.0, "units_cum": 278.0, "city_units": 25343.0, "city_units_cum": 52799.0 }, "geometry": { "type": "Point", "coordinates": [ -73.888045838985192, 40.659727783348629 ] } },
{ "type": "Feature", "properties": { "nta2020": "BK0503", "ntaname.x": "East New York-New Lots", "comp_year": 2018.0, "ntaname.y": "East New York-New Lots", "units": 481.0, "units_cum": 759.0, "city_units": 33764.0, "city_units_cum": 86563.0 }, "geometry": { "type": "Point", "coordinates": [ -73.888045838985192, 40.659727783348629 ] } },
{ "type": "Feature", "properties": { "nta2020": "BK0503", "ntaname.x": "East New York-New Lots", "comp_year": 2019.0, "ntaname.y": "East New York-New Lots", "units": 251.0, "units_cum": 1010.0, "city_units": 29408.0, "city_units_cum": 115971.0 }, "geometry": { "type": "Point", "coordinates": [ -73.888045838985192, 40.659727783348629 ] } },
{ "type": "Feature", "properties": { "nta2020": "BK0503", "ntaname.x": "East New York-New Lots", "comp_year": 2020.0, "ntaname.y": "East New York-New Lots", "units": 129.0, "units_cum": 1139.0, "city_units": 18916.0, "city_units_cum": 134887.0 }, "geometry": { "type": "Point", "coordinates": [ -73.888045838985192, 40.659727783348629 ] } },
{ "type": "Feature", "properties": { "nta2020": "BK0503", "ntaname.x": "East New York-New Lots", "comp_year": 2021.0, "ntaname.y": "East New York-New Lots", "units": 198.0, "units_cum": 1337.0, "city_units": 20786.0, "city_units_cum": 155673.0 }, "geometry": { "type": "Point", "coordinates": [ -73.888045838985192, 40.659727783348629 ] } },
{ "type": "Feature", "properties": { "nta2020": "BK0503", "ntaname.x": "East New York-New Lots", "comp_year": 2022.0, "ntaname.y": "East New York-New Lots", "units": 97.0, "units_cum": 1434.0, "city_units": 19919.0, "city_units_cum": 175592.0 }, "geometry": { "type": "Point", "coordinates": [ -73.888045838985192, 40.659727783348629 ] } },
{ "type": "Feature", "properties": { "nta2020": "BK0503", "ntaname.x": "East New York-New Lots", "comp_year": 2023.0, "ntaname.y": "East New York-New Lots", "units": 114.0, "units_cum": 1548.0, "city_units": 35384.0, "city_units_cum": 210976.0 }, "geometry": { "type": "Point", "coordinates": [ -73.888045838985192, 40.659727783348629 ] } },
{ "type": "Feature", "properties": { "nta2020": "BK0503", "ntaname.x": "East New York-New Lots", "comp_year": 2024.0, "ntaname.y": null, "units": 0.0, "units_cum": 1548.0, "city_units": 49047.0, "city_units_cum": 260023.0 }, "geometry": { "type": "Point", "coordinates": [ -73.888045838985192, 40.659727783348629 ] } },
{ "type": "Feature", "properties": { "nta2020": "BK0503", "ntaname.x": "East New York-New Lots", "comp_year": 2025.0, "ntaname.y": null, "units": 0.0, "units_cum": 1548.0, "city_units": 16734.0, "city_units_cum": 276757.0 }, "geometry": { "type": "Point", "coordinates": [ -73.888045838985192, 40.659727783348629 ] } },
{ "type": "Feature", "properties": { "nta2020": "BK0504", "ntaname.x": "Spring Creek-Starrett City", "comp_year": 2014.0, "ntaname.y": null, "units": 0.0, "units_cum": 0.0, "city_units": 4879.0, "city_units_cum": 4879.0 }, "geometry": { "type": "Point", "coordinates": [ -73.876392079880745, 40.651006765915568 ] } },
{ "type": "Feature", "properties": { "nta2020": "BK0504", "ntaname.x": "Spring Creek-Starrett City", "comp_year": 2015.0, "ntaname.y": null, "units": 0.0, "units_cum": 0.0, "city_units": 7562.0, "city_units_cum": 12441.0 }, "geometry": { "type": "Point", "coordinates": [ -73.876392079880745, 40.651006765915568 ] } },
{ "type": "Feature", "properties": { "nta2020": "BK0504", "ntaname.x": "Spring Creek-Starrett City", "comp_year": 2016.0, "ntaname.y": "Spring Creek-Starrett City", "units": 287.0, "units_cum": 287.0, "city_units": 15015.0, "city_units_cum": 27456.0 }, "geometry": { "type": "Point", "coordinates": [ -73.876392079880745, 40.651006765915568 ] } },
{ "type": "Feature", "properties": { "nta2020": "BK0504", "ntaname.x": "Spring Creek-Starrett City", "comp_year": 2017.0, "ntaname.y": null, "units": 0.0, "units_cum": 287.0, "city_units": 25343.0, "city_units_cum": 52799.0 }, "geometry": { "type": "Point", "coordinates": [ -73.876392079880745, 40.651006765915568 ] } },
{ "type": "Feature", "properties": { "nta2020": "BK0504", "ntaname.x": "Spring Creek-Starrett City", "comp_year": 2018.0, "ntaname.y": "Spring Creek-Starrett City", "units": 5881.0, "units_cum": 6168.0, "city_units": 33764.0, "city_units_cum": 86563.0 }, "geometry": { "type": "Point", "coordinates": [ -73.876392079880745, 40.651006765915568 ] } },
{ "type": "Feature", "properties": { "nta2020": "BK0504", "ntaname.x": "Spring Creek-Starrett City", "comp_year": 2019.0, "ntaname.y": "Spring Creek-Starrett City", "units": 270.0, "units_cum": 6438.0, "city_units": 29408.0, "city_units_cum": 115971.0 }, "geometry": { "type": "Point", "coordinates": [ -73.876392079880745, 40.651006765915568 ] } },
{ "type": "Feature", "properties": { "nta2020": "BK0504", "ntaname.x": "Spring Creek-Starrett City", "comp_year": 2020.0, "ntaname.y": "Spring Creek-Starrett City", "units": 411.0, "units_cum": 6849.0, "city_units": 18916.0, "city_units_cum": 134887.0 }, "geometry": { "type": "Point", "coordinates": [ -73.876392079880745, 40.651006765915568 ] } },
{ "type": "Feature", "properties": { "nta2020": "BK0504", "ntaname.x": "Spring Creek-Starrett City", "comp_year": 2021.0, "ntaname.y": "Spring Creek-Starrett City", "units": 662.0, "units_cum": 7511.0, "city_units": 20786.0, "city_units_cum": 155673.0 }, "geometry": { "type": "Point", "coordinates": [ -73.876392079880745, 40.651006765915568 ] } },
{ "type": "Feature", "properties": { "nta2020": "BK0504", "ntaname.x": "Spring Creek-Starrett City", "comp_year": 2022.0, "ntaname.y": null, "units": 0.0, "units_cum": 7511.0, "city_units": 19919.0, "city_units_cum": 175592.0 }, "geometry": { "type": "Point", "coordinates": [ -73.876392079880745, 40.651006765915568 ] } },
{ "type": "Feature", "properties": { "nta2020": "BK0504", "ntaname.x": "Spring Creek-Starrett City", "comp_year": 2023.0, "ntaname.y": null, "units": 0.0, "units_cum": 7511.0, "city_units": 35384.0, "city_units_cum": 210976.0 }, "geometry": { "type": "Point", "coordinates": [ -73.876392079880745, 40.651006765915568 ] } },
{ "type": "Feature", "properties": { "nta2020": "BK0504", "ntaname.x": "Spring Creek-Starrett City", "comp_year": 2024.0, "ntaname.y": "Spring Creek-Starrett City", "units": 240.0, "units_cum": 7751.0, "city_units": 49047.0, "city_units_cum": 260023.0 }, "geometry": { "type": "Point", "coordinates": [ -73.876392079880745, 40.651006765915568 ] } },
{ "type": "Feature", "properties": { "nta2020": "BK0504", "ntaname.x": "Spring Creek-Starrett City", "comp_year": 2025.0, "ntaname.y": null, "units": 0.0, "units_cum": 7751.0, "city_units": 16734.0, "city_units_cum": 276757.0 }, "geometry": { "type": "Point", "coordinates": [ -73.876392079880745, 40.651006765915568 ] } },
{ "type": "Feature", "properties": { "nta2020": "BK0505", "ntaname.x": "East New York-City Line", "comp_year": 2014.0, "ntaname.y": null, "units": 0.0, "units_cum": 0.0, "city_units": 4879.0, "city_units_cum": 4879.0 }, "geometry": { "type": "Point", "coordinates": [ -73.866097793493793, 40.670540086785536 ] } },
{ "type": "Feature", "properties": { "nta2020": "BK0505", "ntaname.x": "East New York-City Line", "comp_year": 2015.0, "ntaname.y": null, "units": 0.0, "units_cum": 0.0, "city_units": 7562.0, "city_units_cum": 12441.0 }, "geometry": { "type": "Point", "coordinates": [ -73.866097793493793, 40.670540086785536 ] } },
{ "type": "Feature", "properties": { "nta2020": "BK0505", "ntaname.x": "East New York-City Line", "comp_year": 2016.0, "ntaname.y": "East New York-City Line", "units": 59.0, "units_cum": 59.0, "city_units": 15015.0, "city_units_cum": 27456.0 }, "geometry": { "type": "Point", "coordinates": [ -73.866097793493793, 40.670540086785536 ] } },
{ "type": "Feature", "properties": { "nta2020": "BK0505", "ntaname.x": "East New York-City Line", "comp_year": 2017.0, "ntaname.y": null, "units": 0.0, "units_cum": 59.0, "city_units": 25343.0, "city_units_cum": 52799.0 }, "geometry": { "type": "Point", "coordinates": [ -73.866097793493793, 40.670540086785536 ] } },
{ "type": "Feature", "properties": { "nta2020": "BK0505", "ntaname.x": "East New York-City Line", "comp_year": 2018.0, "ntaname.y": "East New York-City Line", "units": 20.0, "units_cum": 79.0, "city_units": 33764.0, "city_units_cum": 86563.0 }, "geometry": { "type": "Point", "coordinates": [ -73.866097793493793, 40.670540086785536 ] } },
{ "type": "Feature", "properties": { "nta2020": "BK0505", "ntaname.x": "East New York-City Line", "comp_year": 2019.0, "ntaname.y": null, "units": 0.0, "units_cum": 79.0, "city_units": 29408.0, "city_units_cum": 115971.0 }, "geometry": { "type": "Point", "coordinates": [ -73.866097793493793, 40.670540086785536 ] } },
{ "type": "Feature", "properties": { "nta2020": "BK0505", "ntaname.x": "East New York-City Line", "comp_year": 2020.0, "ntaname.y": null, "units": 0.0, "units_cum": 79.0, "city_units": 18916.0, "city_units_cum": 134887.0 }, "geometry": { "type": "Point", "coordinates": [ -73.866097793493793, 40.670540086785536 ] } },
{ "type": "Feature", "properties": { "nta2020": "BK0505", "ntaname.x": "East New York-City Line", "comp_year": 2021.0, "ntaname.y": null, "units": 0.0, "units_cum": 79.0, "city_units": 20786.0, "city_units_cum": 155673.0 }, "geometry": { "type": "Point", "coordinates": [ -73.866097793493793, 40.670540086785536 ] } },
{ "type": "Feature", "properties": { "nta2020": "BK0505", "ntaname.x": "East New York-City Line", "comp_year": 2022.0, "ntaname.y": "East New York-City Line", "units": 12.0, "units_cum": 91.0, "city_units": 19919.0, "city_units_cum": 175592.0 }, "geometry": { "type": "Point", "coordinates": [ -73.866097793493793, 40.670540086785536 ] } },
{ "type": "Feature", "properties": { "nta2020": "BK0505", "ntaname.x": "East New York-City Line", "comp_year": 2023.0, "ntaname.y": "East New York-City Line", "units": 321.0, "units_cum": 412.0, "city_units": 35384.0, "city_units_cum": 210976.0 }, "geometry": { "type": "Point", "coordinates": [ -73.866097793493793, 40.670540086785536 ] } },
{ "type": "Feature", "properties": { "nta2020": "BK0505", "ntaname.x": "East New York-City Line", "comp_year": 2024.0, "ntaname.y": "East New York-City Line", "units": 1897.0, "units_cum": 2309.0, "city_units": 49047.0, "city_units_cum": 260023.0 }, "geometry": { "type": "Point", "coordinates": [ -73.866097793493793, 40.670540086785536 ] } },
{ "type": "Feature", "properties": { "nta2020": "BK0505", "ntaname.x": "East New York-City Line", "comp_year": 2025.0, "ntaname.y": "East New York-City Line", "units": 160.0, "units_cum": 2469.0, "city_units": 16734.0, "city_units_cum": 276757.0 }, "geometry": { "type": "Point", "coordinates": [ -73.866097793493793, 40.670540086785536 ] } },
{ "type": "Feature", "properties": { "nta2020": "BK0571", "ntaname.x": "Highland Park-Cypress Hills Cemeteries (South)", "comp_year": null, "ntaname.y": null, "units": null, "units_cum": null, "city_units": null, "city_units_cum": null }, "geometry": { "type": "Point", "coordinates": [ -73.877702602448963, 40.689494934372973 ] } },
{ "type": "Feature", "properties": { "nta2020": "BK0601", "ntaname.x": "Carroll Gardens-Cobble Hill-Gowanus-Red Hook", "comp_year": 2014.0, "ntaname.y": null, "units": 0.0, "units_cum": 0.0, "city_units": 4879.0, "city_units_cum": 4879.0 }, "geometry": { "type": "Point", "coordinates": [ -74.000065483711595, 40.678121932411926 ] } },
{ "type": "Feature", "properties": { "nta2020": "BK0601", "ntaname.x": "Carroll Gardens-Cobble Hill-Gowanus-Red Hook", "comp_year": 2015.0, "ntaname.y": "Carroll Gardens-Cobble Hill-Gowanus-Red Hook", "units": 69.0, "units_cum": 69.0, "city_units": 7562.0, "city_units_cum": 12441.0 }, "geometry": { "type": "Point", "coordinates": [ -74.000065483711595, 40.678121932411926 ] } },
{ "type": "Feature", "properties": { "nta2020": "BK0601", "ntaname.x": "Carroll Gardens-Cobble Hill-Gowanus-Red Hook", "comp_year": 2016.0, "ntaname.y": "Carroll Gardens-Cobble Hill-Gowanus-Red Hook", "units": 457.0, "units_cum": 526.0, "city_units": 15015.0, "city_units_cum": 27456.0 }, "geometry": { "type": "Point", "coordinates": [ -74.000065483711595, 40.678121932411926 ] } },
{ "type": "Feature", "properties": { "nta2020": "BK0601", "ntaname.x": "Carroll Gardens-Cobble Hill-Gowanus-Red Hook", "comp_year": 2017.0, "ntaname.y": "Carroll Gardens-Cobble Hill-Gowanus-Red Hook", "units": 270.0, "units_cum": 796.0, "city_units": 25343.0, "city_units_cum": 52799.0 }, "geometry": { "type": "Point", "coordinates": [ -74.000065483711595, 40.678121932411926 ] } },
{ "type": "Feature", "properties": { "nta2020": "BK0601", "ntaname.x": "Carroll Gardens-Cobble Hill-Gowanus-Red Hook", "comp_year": 2018.0, "ntaname.y": "Carroll Gardens-Cobble Hill-Gowanus-Red Hook", "units": 62.0, "units_cum": 858.0, "city_units": 33764.0, "city_units_cum": 86563.0 }, "geometry": { "type": "Point", "coordinates": [ -74.000065483711595, 40.678121932411926 ] } },
{ "type": "Feature", "properties": { "nta2020": "BK0601", "ntaname.x": "Carroll Gardens-Cobble Hill-Gowanus-Red Hook", "comp_year": 2019.0, "ntaname.y": null, "units": 0.0, "units_cum": 858.0, "city_units": 29408.0, "city_units_cum": 115971.0 }, "geometry": { "type": "Point", "coordinates": [ -74.000065483711595, 40.678121932411926 ] } },
{ "type": "Feature", "properties": { "nta2020": "BK0601", "ntaname.x": "Carroll Gardens-Cobble Hill-Gowanus-Red Hook", "comp_year": 2020.0, "ntaname.y": "Carroll Gardens-Cobble Hill-Gowanus-Red Hook", "units": 88.0, "units_cum": 946.0, "city_units": 18916.0, "city_units_cum": 134887.0 }, "geometry": { "type": "Point", "coordinates": [ -74.000065483711595, 40.678121932411926 ] } },
{ "type": "Feature", "properties": { "nta2020": "BK0601", "ntaname.x": "Carroll Gardens-Cobble Hill-Gowanus-Red Hook", "comp_year": 2021.0, "ntaname.y": "Carroll Gardens-Cobble Hill-Gowanus-Red Hook", "units": 20.0, "units_cum": 966.0, "city_units": 20786.0, "city_units_cum": 155673.0 }, "geometry": { "type": "Point", "coordinates": [ -74.000065483711595, 40.678121932411926 ] } },
{ "type": "Feature", "properties": { "nta2020": "BK0601", "ntaname.x": "Carroll Gardens-Cobble Hill-Gowanus-Red Hook", "comp_year": 2022.0, "ntaname.y": null, "units": 0.0, "units_cum": 966.0, "city_units": 19919.0, "city_units_cum": 175592.0 }, "geometry": { "type": "Point", "coordinates": [ -74.000065483711595, 40.678121932411926 ] } },
{ "type": "Feature", "properties": { "nta2020": "BK0601", "ntaname.x": "Carroll Gardens-Cobble Hill-Gowanus-Red Hook", "comp_year": 2023.0, "ntaname.y": "Carroll Gardens-Cobble Hill-Gowanus-Red Hook", "units": 106.0, "units_cum": 1072.0, "city_units": 35384.0, "city_units_cum": 210976.0 }, "geometry": { "type": "Point", "coordinates": [ -74.000065483711595, 40.678121932411926 ] } },
{ "type": "Feature", "properties": { "nta2020": "BK0601", "ntaname.x": "Carroll Gardens-Cobble Hill-Gowanus-Red Hook", "comp_year": 2024.0, "ntaname.y": "Carroll Gardens-Cobble Hill-Gowanus-Red Hook", "units": 54.0, "units_cum": 1126.0, "city_units": 49047.0, "city_units_cum": 260023.0 }, "geometry": { "type": "Point", "coordinates": [ -74.000065483711595, 40.678121932411926 ] } },
{ "type": "Feature", "properties": { "nta2020": "BK0601", "ntaname.x": "Carroll Gardens-Cobble Hill-Gowanus-Red Hook", "comp_year": 2025.0, "ntaname.y": "Carroll Gardens-Cobble Hill-Gowanus-Red Hook", "units": 548.0, "units_cum": 1674.0, "city_units": 16734.0, "city_units_cum": 276757.0 }, "geometry": { "type": "Point", "coordinates": [ -74.000065483711595, 40.678121932411926 ] } },
{ "type": "Feature", "properties": { "nta2020": "BK0602", "ntaname.x": "Park Slope", "comp_year": 2014.0, "ntaname.y": null, "units": 0.0, "units_cum": 0.0, "city_units": 4879.0, "city_units_cum": 4879.0 }, "geometry": { "type": "Point", "coordinates": [ -73.979759775292834, 40.671831142766308 ] } },
{ "type": "Feature", "properties": { "nta2020": "BK0602", "ntaname.x": "Park Slope", "comp_year": 2015.0, "ntaname.y": "Park Slope", "units": 17.0, "units_cum": 17.0, "city_units": 7562.0, "city_units_cum": 12441.0 }, "geometry": { "type": "Point", "coordinates": [ -73.979759775292834, 40.671831142766308 ] } },
{ "type": "Feature", "properties": { "nta2020": "BK0602", "ntaname.x": "Park Slope", "comp_year": 2016.0, "ntaname.y": null, "units": 0.0, "units_cum": 17.0, "city_units": 15015.0, "city_units_cum": 27456.0 }, "geometry": { "type": "Point", "coordinates": [ -73.979759775292834, 40.671831142766308 ] } },
{ "type": "Feature", "properties": { "nta2020": "BK0602", "ntaname.x": "Park Slope", "comp_year": 2017.0, "ntaname.y": "Park Slope", "units": 303.0, "units_cum": 320.0, "city_units": 25343.0, "city_units_cum": 52799.0 }, "geometry": { "type": "Point", "coordinates": [ -73.979759775292834, 40.671831142766308 ] } },
{ "type": "Feature", "properties": { "nta2020": "BK0602", "ntaname.x": "Park Slope", "comp_year": 2018.0, "ntaname.y": null, "units": 0.0, "units_cum": 320.0, "city_units": 33764.0, "city_units_cum": 86563.0 }, "geometry": { "type": "Point", "coordinates": [ -73.979759775292834, 40.671831142766308 ] } },
{ "type": "Feature", "properties": { "nta2020": "BK0602", "ntaname.x": "Park Slope", "comp_year": 2019.0, "ntaname.y": null, "units": 0.0, "units_cum": 320.0, "city_units": 29408.0, "city_units_cum": 115971.0 }, "geometry": { "type": "Point", "coordinates": [ -73.979759775292834, 40.671831142766308 ] } },
{ "type": "Feature", "properties": { "nta2020": "BK0602", "ntaname.x": "Park Slope", "comp_year": 2020.0, "ntaname.y": "Park Slope", "units": 44.0, "units_cum": 364.0, "city_units": 18916.0, "city_units_cum": 134887.0 }, "geometry": { "type": "Point", "coordinates": [ -73.979759775292834, 40.671831142766308 ] } },
{ "type": "Feature", "properties": { "nta2020": "BK0602", "ntaname.x": "Park Slope", "comp_year": 2021.0, "ntaname.y": null, "units": 0.0, "units_cum": 364.0, "city_units": 20786.0, "city_units_cum": 155673.0 }, "geometry": { "type": "Point", "coordinates": [ -73.979759775292834, 40.671831142766308 ] } },
{ "type": "Feature", "properties": { "nta2020": "BK0602", "ntaname.x": "Park Slope", "comp_year": 2022.0, "ntaname.y": "Park Slope", "units": 8.0, "units_cum": 372.0, "city_units": 19919.0, "city_units_cum": 175592.0 }, "geometry": { "type": "Point", "coordinates": [ -73.979759775292834, 40.671831142766308 ] } },
{ "type": "Feature", "properties": { "nta2020": "BK0602", "ntaname.x": "Park Slope", "comp_year": 2023.0, "ntaname.y": "Park Slope", "units": 964.0, "units_cum": 1336.0, "city_units": 35384.0, "city_units_cum": 210976.0 }, "geometry": { "type": "Point", "coordinates": [ -73.979759775292834, 40.671831142766308 ] } },
{ "type": "Feature", "properties": { "nta2020": "BK0602", "ntaname.x": "Park Slope", "comp_year": 2024.0, "ntaname.y": "Park Slope", "units": 306.0, "units_cum": 1642.0, "city_units": 49047.0, "city_units_cum": 260023.0 }, "geometry": { "type": "Point", "coordinates": [ -73.979759775292834, 40.671831142766308 ] } },
{ "type": "Feature", "properties": { "nta2020": "BK0602", "ntaname.x": "Park Slope", "comp_year": 2025.0, "ntaname.y": null, "units": 0.0, "units_cum": 1642.0, "city_units": 16734.0, "city_units_cum": 276757.0 }, "geometry": { "type": "Point", "coordinates": [ -73.979759775292834, 40.671831142766308 ] } },
{ "type": "Feature", "properties": { "nta2020": "BK0701", "ntaname.x": "Windsor Terrace-South Slope", "comp_year": 2014.0, "ntaname.y": null, "units": 0.0, "units_cum": 0.0, "city_units": 4879.0, "city_units_cum": 4879.0 }, "geometry": { "type": "Point", "coordinates": [ -73.980024504901266, 40.656044327763944 ] } },
{ "type": "Feature", "properties": { "nta2020": "BK0701", "ntaname.x": "Windsor Terrace-South Slope", "comp_year": 2015.0, "ntaname.y": null, "units": 0.0, "units_cum": 0.0, "city_units": 7562.0, "city_units_cum": 12441.0 }, "geometry": { "type": "Point", "coordinates": [ -73.980024504901266, 40.656044327763944 ] } },
{ "type": "Feature", "properties": { "nta2020": "BK0701", "ntaname.x": "Windsor Terrace-South Slope", "comp_year": 2016.0, "ntaname.y": null, "units": 0.0, "units_cum": 0.0, "city_units": 15015.0, "city_units_cum": 27456.0 }, "geometry": { "type": "Point", "coordinates": [ -73.980024504901266, 40.656044327763944 ] } },
{ "type": "Feature", "properties": { "nta2020": "BK0701", "ntaname.x": "Windsor Terrace-South Slope", "comp_year": 2017.0, "ntaname.y": null, "units": 0.0, "units_cum": 0.0, "city_units": 25343.0, "city_units_cum": 52799.0 }, "geometry": { "type": "Point", "coordinates": [ -73.980024504901266, 40.656044327763944 ] } },
{ "type": "Feature", "properties": { "nta2020": "BK0701", "ntaname.x": "Windsor Terrace-South Slope", "comp_year": 2018.0, "ntaname.y": null, "units": 0.0, "units_cum": 0.0, "city_units": 33764.0, "city_units_cum": 86563.0 }, "geometry": { "type": "Point", "coordinates": [ -73.980024504901266, 40.656044327763944 ] } },
{ "type": "Feature", "properties": { "nta2020": "BK0701", "ntaname.x": "Windsor Terrace-South Slope", "comp_year": 2019.0, "ntaname.y": "Windsor Terrace-South Slope", "units": 10.0, "units_cum": 10.0, "city_units": 29408.0, "city_units_cum": 115971.0 }, "geometry": { "type": "Point", "coordinates": [ -73.980024504901266, 40.656044327763944 ] } },
{ "type": "Feature", "properties": { "nta2020": "BK0701", "ntaname.x": "Windsor Terrace-South Slope", "comp_year": 2020.0, "ntaname.y": null, "units": 0.0, "units_cum": 10.0, "city_units": 18916.0, "city_units_cum": 134887.0 }, "geometry": { "type": "Point", "coordinates": [ -73.980024504901266, 40.656044327763944 ] } },
{ "type": "Feature", "properties": { "nta2020": "BK0701", "ntaname.x": "Windsor Terrace-South Slope", "comp_year": 2021.0, "ntaname.y": "Windsor Terrace-South Slope", "units": 143.0, "units_cum": 153.0, "city_units": 20786.0, "city_units_cum": 155673.0 }, "geometry": { "type": "Point", "coordinates": [ -73.980024504901266, 40.656044327763944 ] } },
{ "type": "Feature", "properties": { "nta2020": "BK0701", "ntaname.x": "Windsor Terrace-South Slope", "comp_year": 2022.0, "ntaname.y": null, "units": 0.0, "units_cum": 153.0, "city_units": 19919.0, "city_units_cum": 175592.0 }, "geometry": { "type": "Point", "coordinates": [ -73.980024504901266, 40.656044327763944 ] } },
{ "type": "Feature", "properties": { "nta2020": "BK0701", "ntaname.x": "Windsor Terrace-South Slope", "comp_year": 2023.0, "ntaname.y": null, "units": 0.0, "units_cum": 153.0, "city_units": 35384.0, "city_units_cum": 210976.0 }, "geometry": { "type": "Point", "coordinates": [ -73.980024504901266, 40.656044327763944 ] } },
{ "type": "Feature", "properties": { "nta2020": "BK0701", "ntaname.x": "Windsor Terrace-South Slope", "comp_year": 2024.0, "ntaname.y": null, "units": 0.0, "units_cum": 153.0, "city_units": 49047.0, "city_units_cum": 260023.0 }, "geometry": { "type": "Point", "coordinates": [ -73.980024504901266, 40.656044327763944 ] } },
{ "type": "Feature", "properties": { "nta2020": "BK0701", "ntaname.x": "Windsor Terrace-South Slope", "comp_year": 2025.0, "ntaname.y": null, "units": 0.0, "units_cum": 153.0, "city_units": 16734.0, "city_units_cum": 276757.0 }, "geometry": { "type": "Point", "coordinates": [ -73.980024504901266, 40.656044327763944 ] } },
{ "type": "Feature", "properties": { "nta2020": "BK0702", "ntaname.x": "Sunset Park (West)", "comp_year": 2014.0, "ntaname.y": null, "units": 0.0, "units_cum": 0.0, "city_units": 4879.0, "city_units_cum": 4879.0 }, "geometry": { "type": "Point", "coordinates": [ -74.010115489090836, 40.653470416394093 ] } },
{ "type": "Feature", "properties": { "nta2020": "BK0702", "ntaname.x": "Sunset Park (West)", "comp_year": 2015.0, "ntaname.y": null, "units": 0.0, "units_cum": 0.0, "city_units": 7562.0, "city_units_cum": 12441.0 }, "geometry": { "type": "Point", "coordinates": [ -74.010115489090836, 40.653470416394093 ] } },
{ "type": "Feature", "properties": { "nta2020": "BK0702", "ntaname.x": "Sunset Park (West)", "comp_year": 2016.0, "ntaname.y": null, "units": 0.0, "units_cum": 0.0, "city_units": 15015.0, "city_units_cum": 27456.0 }, "geometry": { "type": "Point", "coordinates": [ -74.010115489090836, 40.653470416394093 ] } },
{ "type": "Feature", "properties": { "nta2020": "BK0702", "ntaname.x": "Sunset Park (West)", "comp_year": 2017.0, "ntaname.y": "Sunset Park (West)", "units": 154.0, "units_cum": 154.0, "city_units": 25343.0, "city_units_cum": 52799.0 }, "geometry": { "type": "Point", "coordinates": [ -74.010115489090836, 40.653470416394093 ] } },
{ "type": "Feature", "properties": { "nta2020": "BK0702", "ntaname.x": "Sunset Park (West)", "comp_year": 2018.0, "ntaname.y": "Sunset Park (West)", "units": 120.0, "units_cum": 274.0, "city_units": 33764.0, "city_units_cum": 86563.0 }, "geometry": { "type": "Point", "coordinates": [ -74.010115489090836, 40.653470416394093 ] } },
{ "type": "Feature", "properties": { "nta2020": "BK0702", "ntaname.x": "Sunset Park (West)", "comp_year": 2019.0, "ntaname.y": "Sunset Park (West)", "units": 176.0, "units_cum": 450.0, "city_units": 29408.0, "city_units_cum": 115971.0 }, "geometry": { "type": "Point", "coordinates": [ -74.010115489090836, 40.653470416394093 ] } },
{ "type": "Feature", "properties": { "nta2020": "BK0702", "ntaname.x": "Sunset Park (West)", "comp_year": 2020.0, "ntaname.y": "Sunset Park (West)", "units": 65.0, "units_cum": 515.0, "city_units": 18916.0, "city_units_cum": 134887.0 }, "geometry": { "type": "Point", "coordinates": [ -74.010115489090836, 40.653470416394093 ] } },
{ "type": "Feature", "properties": { "nta2020": "BK0702", "ntaname.x": "Sunset Park (West)", "comp_year": 2021.0, "ntaname.y": null, "units": 0.0, "units_cum": 515.0, "city_units": 20786.0, "city_units_cum": 155673.0 }, "geometry": { "type": "Point", "coordinates": [ -74.010115489090836, 40.653470416394093 ] } },
{ "type": "Feature", "properties": { "nta2020": "BK0702", "ntaname.x": "Sunset Park (West)", "comp_year": 2022.0, "ntaname.y": null, "units": 0.0, "units_cum": 515.0, "city_units": 19919.0, "city_units_cum": 175592.0 }, "geometry": { "type": "Point", "coordinates": [ -74.010115489090836, 40.653470416394093 ] } },
{ "type": "Feature", "properties": { "nta2020": "BK0702", "ntaname.x": "Sunset Park (West)", "comp_year": 2023.0, "ntaname.y": "Sunset Park (West)", "units": 83.0, "units_cum": 598.0, "city_units": 35384.0, "city_units_cum": 210976.0 }, "geometry": { "type": "Point", "coordinates": [ -74.010115489090836, 40.653470416394093 ] } },
{ "type": "Feature", "properties": { "nta2020": "BK0702", "ntaname.x": "Sunset Park (West)", "comp_year": 2024.0, "ntaname.y": "Sunset Park (West)", "units": 8.0, "units_cum": 606.0, "city_units": 49047.0, "city_units_cum": 260023.0 }, "geometry": { "type": "Point", "coordinates": [ -74.010115489090836, 40.653470416394093 ] } },
{ "type": "Feature", "properties": { "nta2020": "BK0702", "ntaname.x": "Sunset Park (West)", "comp_year": 2025.0, "ntaname.y": "Sunset Park (West)", "units": 150.0, "units_cum": 756.0, "city_units": 16734.0, "city_units_cum": 276757.0 }, "geometry": { "type": "Point", "coordinates": [ -74.010115489090836, 40.653470416394093 ] } },
{ "type": "Feature", "properties": { "nta2020": "BK0703", "ntaname.x": "Sunset Park (Central)", "comp_year": 2014.0, "ntaname.y": null, "units": 0.0, "units_cum": 0.0, "city_units": 4879.0, "city_units_cum": 4879.0 }, "geometry": { "type": "Point", "coordinates": [ -74.007880163774715, 40.642389579533685 ] } },
{ "type": "Feature", "properties": { "nta2020": "BK0703", "ntaname.x": "Sunset Park (Central)", "comp_year": 2015.0, "ntaname.y": null, "units": 0.0, "units_cum": 0.0, "city_units": 7562.0, "city_units_cum": 12441.0 }, "geometry": { "type": "Point", "coordinates": [ -74.007880163774715, 40.642389579533685 ] } },
{ "type": "Feature", "properties": { "nta2020": "BK0703", "ntaname.x": "Sunset Park (Central)", "comp_year": 2016.0, "ntaname.y": null, "units": 0.0, "units_cum": 0.0, "city_units": 15015.0, "city_units_cum": 27456.0 }, "geometry": { "type": "Point", "coordinates": [ -74.007880163774715, 40.642389579533685 ] } },
{ "type": "Feature", "properties": { "nta2020": "BK0703", "ntaname.x": "Sunset Park (Central)", "comp_year": 2017.0, "ntaname.y": "Sunset Park (Central)", "units": 254.0, "units_cum": 254.0, "city_units": 25343.0, "city_units_cum": 52799.0 }, "geometry": { "type": "Point", "coordinates": [ -74.007880163774715, 40.642389579533685 ] } },
{ "type": "Feature", "properties": { "nta2020": "BK0703", "ntaname.x": "Sunset Park (Central)", "comp_year": 2018.0, "ntaname.y": null, "units": 0.0, "units_cum": 254.0, "city_units": 33764.0, "city_units_cum": 86563.0 }, "geometry": { "type": "Point", "coordinates": [ -74.007880163774715, 40.642389579533685 ] } },
{ "type": "Feature", "properties": { "nta2020": "BK0703", "ntaname.x": "Sunset Park (Central)", "comp_year": 2019.0, "ntaname.y": null, "units": 0.0, "units_cum": 254.0, "city_units": 29408.0, "city_units_cum": 115971.0 }, "geometry": { "type": "Point", "coordinates": [ -74.007880163774715, 40.642389579533685 ] } },
{ "type": "Feature", "properties": { "nta2020": "BK0703", "ntaname.x": "Sunset Park (Central)", "comp_year": 2020.0, "ntaname.y": "Sunset Park (Central)", "units": 8.0, "units_cum": 262.0, "city_units": 18916.0, "city_units_cum": 134887.0 }, "geometry": { "type": "Point", "coordinates": [ -74.007880163774715, 40.642389579533685 ] } },
{ "type": "Feature", "properties": { "nta2020": "BK0703", "ntaname.x": "Sunset Park (Central)", "comp_year": 2021.0, "ntaname.y": null, "units": 0.0, "units_cum": 262.0, "city_units": 20786.0, "city_units_cum": 155673.0 }, "geometry": { "type": "Point", "coordinates": [ -74.007880163774715, 40.642389579533685 ] } },
{ "type": "Feature", "properties": { "nta2020": "BK0703", "ntaname.x": "Sunset Park (Central)", "comp_year": 2022.0, "ntaname.y": null, "units": 0.0, "units_cum": 262.0, "city_units": 19919.0, "city_units_cum": 175592.0 }, "geometry": { "type": "Point", "coordinates": [ -74.007880163774715, 40.642389579533685 ] } },
{ "type": "Feature", "properties": { "nta2020": "BK0703", "ntaname.x": "Sunset Park (Central)", "comp_year": 2023.0, "ntaname.y": "Sunset Park (Central)", "units": 90.0, "units_cum": 352.0, "city_units": 35384.0, "city_units_cum": 210976.0 }, "geometry": { "type": "Point", "coordinates": [ -74.007880163774715, 40.642389579533685 ] } },
{ "type": "Feature", "properties": { "nta2020": "BK0703", "ntaname.x": "Sunset Park (Central)", "comp_year": 2024.0, "ntaname.y": null, "units": 0.0, "units_cum": 352.0, "city_units": 49047.0, "city_units_cum": 260023.0 }, "geometry": { "type": "Point", "coordinates": [ -74.007880163774715, 40.642389579533685 ] } },
{ "type": "Feature", "properties": { "nta2020": "BK0703", "ntaname.x": "Sunset Park (Central)", "comp_year": 2025.0, "ntaname.y": null, "units": 0.0, "units_cum": 352.0, "city_units": 16734.0, "city_units_cum": 276757.0 }, "geometry": { "type": "Point", "coordinates": [ -74.007880163774715, 40.642389579533685 ] } },
{ "type": "Feature", "properties": { "nta2020": "BK0771", "ntaname.x": "Green-Wood Cemetery", "comp_year": null, "ntaname.y": null, "units": null, "units_cum": null, "city_units": null, "city_units_cum": null }, "geometry": { "type": "Point", "coordinates": [ -73.990236919541204, 40.652137225611277 ] } },
{ "type": "Feature", "properties": { "nta2020": "BK0801", "ntaname.x": "Prospect Heights", "comp_year": 2014.0, "ntaname.y": null, "units": 0.0, "units_cum": 0.0, "city_units": 4879.0, "city_units_cum": 4879.0 }, "geometry": { "type": "Point", "coordinates": [ -73.967572121053308, 40.677604483032205 ] } },
{ "type": "Feature", "properties": { "nta2020": "BK0801", "ntaname.x": "Prospect Heights", "comp_year": 2015.0, "ntaname.y": null, "units": 0.0, "units_cum": 0.0, "city_units": 7562.0, "city_units_cum": 12441.0 }, "geometry": { "type": "Point", "coordinates": [ -73.967572121053308, 40.677604483032205 ] } },
{ "type": "Feature", "properties": { "nta2020": "BK0801", "ntaname.x": "Prospect Heights", "comp_year": 2016.0, "ntaname.y": null, "units": 0.0, "units_cum": 0.0, "city_units": 15015.0, "city_units_cum": 27456.0 }, "geometry": { "type": "Point", "coordinates": [ -73.967572121053308, 40.677604483032205 ] } },
{ "type": "Feature", "properties": { "nta2020": "BK0801", "ntaname.x": "Prospect Heights", "comp_year": 2017.0, "ntaname.y": null, "units": 0.0, "units_cum": 0.0, "city_units": 25343.0, "city_units_cum": 52799.0 }, "geometry": { "type": "Point", "coordinates": [ -73.967572121053308, 40.677604483032205 ] } },
{ "type": "Feature", "properties": { "nta2020": "BK0801", "ntaname.x": "Prospect Heights", "comp_year": 2018.0, "ntaname.y": "Prospect Heights", "units": 75.0, "units_cum": 75.0, "city_units": 33764.0, "city_units_cum": 86563.0 }, "geometry": { "type": "Point", "coordinates": [ -73.967572121053308, 40.677604483032205 ] } },
{ "type": "Feature", "properties": { "nta2020": "BK0801", "ntaname.x": "Prospect Heights", "comp_year": 2019.0, "ntaname.y": "Prospect Heights", "units": 339.0, "units_cum": 414.0, "city_units": 29408.0, "city_units_cum": 115971.0 }, "geometry": { "type": "Point", "coordinates": [ -73.967572121053308, 40.677604483032205 ] } },
{ "type": "Feature", "properties": { "nta2020": "BK0801", "ntaname.x": "Prospect Heights", "comp_year": 2020.0, "ntaname.y": "Prospect Heights", "units": 96.0, "units_cum": 510.0, "city_units": 18916.0, "city_units_cum": 134887.0 }, "geometry": { "type": "Point", "coordinates": [ -73.967572121053308, 40.677604483032205 ] } },
{ "type": "Feature", "properties": { "nta2020": "BK0801", "ntaname.x": "Prospect Heights", "comp_year": 2021.0, "ntaname.y": "Prospect Heights", "units": 14.0, "units_cum": 524.0, "city_units": 20786.0, "city_units_cum": 155673.0 }, "geometry": { "type": "Point", "coordinates": [ -73.967572121053308, 40.677604483032205 ] } },
{ "type": "Feature", "properties": { "nta2020": "BK0801", "ntaname.x": "Prospect Heights", "comp_year": 2022.0, "ntaname.y": "Prospect Heights", "units": 138.0, "units_cum": 662.0, "city_units": 19919.0, "city_units_cum": 175592.0 }, "geometry": { "type": "Point", "coordinates": [ -73.967572121053308, 40.677604483032205 ] } },
{ "type": "Feature", "properties": { "nta2020": "BK0801", "ntaname.x": "Prospect Heights", "comp_year": 2023.0, "ntaname.y": "Prospect Heights", "units": 624.0, "units_cum": 1286.0, "city_units": 35384.0, "city_units_cum": 210976.0 }, "geometry": { "type": "Point", "coordinates": [ -73.967572121053308, 40.677604483032205 ] } },
{ "type": "Feature", "properties": { "nta2020": "BK0801", "ntaname.x": "Prospect Heights", "comp_year": 2024.0, "ntaname.y": "Prospect Heights", "units": 798.0, "units_cum": 2084.0, "city_units": 49047.0, "city_units_cum": 260023.0 }, "geometry": { "type": "Point", "coordinates": [ -73.967572121053308, 40.677604483032205 ] } },
{ "type": "Feature", "properties": { "nta2020": "BK0801", "ntaname.x": "Prospect Heights", "comp_year": 2025.0, "ntaname.y": "Prospect Heights", "units": 11.0, "units_cum": 2095.0, "city_units": 16734.0, "city_units_cum": 276757.0 }, "geometry": { "type": "Point", "coordinates": [ -73.967572121053308, 40.677604483032205 ] } },
{ "type": "Feature", "properties": { "nta2020": "BK0802", "ntaname.x": "Crown Heights (North)", "comp_year": 2014.0, "ntaname.y": null, "units": 0.0, "units_cum": 0.0, "city_units": 4879.0, "city_units_cum": 4879.0 }, "geometry": { "type": "Point", "coordinates": [ -73.941896013932478, 40.673864312585799 ] } },
{ "type": "Feature", "properties": { "nta2020": "BK0802", "ntaname.x": "Crown Heights (North)", "comp_year": 2015.0, "ntaname.y": null, "units": 0.0, "units_cum": 0.0, "city_units": 7562.0, "city_units_cum": 12441.0 }, "geometry": { "type": "Point", "coordinates": [ -73.941896013932478, 40.673864312585799 ] } },
{ "type": "Feature", "properties": { "nta2020": "BK0802", "ntaname.x": "Crown Heights (North)", "comp_year": 2016.0, "ntaname.y": "Crown Heights (North)", "units": 256.0, "units_cum": 256.0, "city_units": 15015.0, "city_units_cum": 27456.0 }, "geometry": { "type": "Point", "coordinates": [ -73.941896013932478, 40.673864312585799 ] } },
{ "type": "Feature", "properties": { "nta2020": "BK0802", "ntaname.x": "Crown Heights (North)", "comp_year": 2017.0, "ntaname.y": "Crown Heights (North)", "units": 852.0, "units_cum": 1108.0, "city_units": 25343.0, "city_units_cum": 52799.0 }, "geometry": { "type": "Point", "coordinates": [ -73.941896013932478, 40.673864312585799 ] } },
{ "type": "Feature", "properties": { "nta2020": "BK0802", "ntaname.x": "Crown Heights (North)", "comp_year": 2018.0, "ntaname.y": "Crown Heights (North)", "units": 320.0, "units_cum": 1428.0, "city_units": 33764.0, "city_units_cum": 86563.0 }, "geometry": { "type": "Point", "coordinates": [ -73.941896013932478, 40.673864312585799 ] } },
{ "type": "Feature", "properties": { "nta2020": "BK0802", "ntaname.x": "Crown Heights (North)", "comp_year": 2019.0, "ntaname.y": "Crown Heights (North)", "units": 706.0, "units_cum": 2134.0, "city_units": 29408.0, "city_units_cum": 115971.0 }, "geometry": { "type": "Point", "coordinates": [ -73.941896013932478, 40.673864312585799 ] } },
{ "type": "Feature", "properties": { "nta2020": "BK0802", "ntaname.x": "Crown Heights (North)", "comp_year": 2020.0, "ntaname.y": "Crown Heights (North)", "units": 358.0, "units_cum": 2492.0, "city_units": 18916.0, "city_units_cum": 134887.0 }, "geometry": { "type": "Point", "coordinates": [ -73.941896013932478, 40.673864312585799 ] } },
{ "type": "Feature", "properties": { "nta2020": "BK0802", "ntaname.x": "Crown Heights (North)", "comp_year": 2021.0, "ntaname.y": "Crown Heights (North)", "units": 97.0, "units_cum": 2589.0, "city_units": 20786.0, "city_units_cum": 155673.0 }, "geometry": { "type": "Point", "coordinates": [ -73.941896013932478, 40.673864312585799 ] } },
{ "type": "Feature", "properties": { "nta2020": "BK0802", "ntaname.x": "Crown Heights (North)", "comp_year": 2022.0, "ntaname.y": "Crown Heights (North)", "units": 217.0, "units_cum": 2806.0, "city_units": 19919.0, "city_units_cum": 175592.0 }, "geometry": { "type": "Point", "coordinates": [ -73.941896013932478, 40.673864312585799 ] } },
{ "type": "Feature", "properties": { "nta2020": "BK0802", "ntaname.x": "Crown Heights (North)", "comp_year": 2023.0, "ntaname.y": "Crown Heights (North)", "units": 229.0, "units_cum": 3035.0, "city_units": 35384.0, "city_units_cum": 210976.0 }, "geometry": { "type": "Point", "coordinates": [ -73.941896013932478, 40.673864312585799 ] } },
{ "type": "Feature", "properties": { "nta2020": "BK0802", "ntaname.x": "Crown Heights (North)", "comp_year": 2024.0, "ntaname.y": "Crown Heights (North)", "units": 383.0, "units_cum": 3418.0, "city_units": 49047.0, "city_units_cum": 260023.0 }, "geometry": { "type": "Point", "coordinates": [ -73.941896013932478, 40.673864312585799 ] } },
{ "type": "Feature", "properties": { "nta2020": "BK0802", "ntaname.x": "Crown Heights (North)", "comp_year": 2025.0, "ntaname.y": "Crown Heights (North)", "units": 309.0, "units_cum": 3727.0, "city_units": 16734.0, "city_units_cum": 276757.0 }, "geometry": { "type": "Point", "coordinates": [ -73.941896013932478, 40.673864312585799 ] } },
{ "type": "Feature", "properties": { "nta2020": "BK0891", "ntaname.x": "Lincoln Terrace Park", "comp_year": null, "ntaname.y": null, "units": null, "units_cum": null, "city_units": null, "city_units_cum": null }, "geometry": { "type": "Point", "coordinates": [ -73.926815832631178, 40.666860986126636 ] } },
{ "type": "Feature", "properties": { "nta2020": "BK0901", "ntaname.x": "Crown Heights (South)", "comp_year": 2014.0, "ntaname.y": null, "units": 0.0, "units_cum": 0.0, "city_units": 4879.0, "city_units_cum": 4879.0 }, "geometry": { "type": "Point", "coordinates": [ -73.946009702544885, 40.666746312200814 ] } },
{ "type": "Feature", "properties": { "nta2020": "BK0901", "ntaname.x": "Crown Heights (South)", "comp_year": 2015.0, "ntaname.y": null, "units": 0.0, "units_cum": 0.0, "city_units": 7562.0, "city_units_cum": 12441.0 }, "geometry": { "type": "Point", "coordinates": [ -73.946009702544885, 40.666746312200814 ] } },
{ "type": "Feature", "properties": { "nta2020": "BK0901", "ntaname.x": "Crown Heights (South)", "comp_year": 2016.0, "ntaname.y": null, "units": 0.0, "units_cum": 0.0, "city_units": 15015.0, "city_units_cum": 27456.0 }, "geometry": { "type": "Point", "coordinates": [ -73.946009702544885, 40.666746312200814 ] } },
{ "type": "Feature", "properties": { "nta2020": "BK0901", "ntaname.x": "Crown Heights (South)", "comp_year": 2017.0, "ntaname.y": null, "units": 0.0, "units_cum": 0.0, "city_units": 25343.0, "city_units_cum": 52799.0 }, "geometry": { "type": "Point", "coordinates": [ -73.946009702544885, 40.666746312200814 ] } },
{ "type": "Feature", "properties": { "nta2020": "BK0901", "ntaname.x": "Crown Heights (South)", "comp_year": 2018.0, "ntaname.y": "Crown Heights (South)", "units": 98.0, "units_cum": 98.0, "city_units": 33764.0, "city_units_cum": 86563.0 }, "geometry": { "type": "Point", "coordinates": [ -73.946009702544885, 40.666746312200814 ] } },
{ "type": "Feature", "properties": { "nta2020": "BK0901", "ntaname.x": "Crown Heights (South)", "comp_year": 2019.0, "ntaname.y": "Crown Heights (South)", "units": 236.0, "units_cum": 334.0, "city_units": 29408.0, "city_units_cum": 115971.0 }, "geometry": { "type": "Point", "coordinates": [ -73.946009702544885, 40.666746312200814 ] } },
{ "type": "Feature", "properties": { "nta2020": "BK0901", "ntaname.x": "Crown Heights (South)", "comp_year": 2020.0, "ntaname.y": "Crown Heights (South)", "units": 60.0, "units_cum": 394.0, "city_units": 18916.0, "city_units_cum": 134887.0 }, "geometry": { "type": "Point", "coordinates": [ -73.946009702544885, 40.666746312200814 ] } },
{ "type": "Feature", "properties": { "nta2020": "BK0901", "ntaname.x": "Crown Heights (South)", "comp_year": 2021.0, "ntaname.y": null, "units": 0.0, "units_cum": 394.0, "city_units": 20786.0, "city_units_cum": 155673.0 }, "geometry": { "type": "Point", "coordinates": [ -73.946009702544885, 40.666746312200814 ] } },
{ "type": "Feature", "properties": { "nta2020": "BK0901", "ntaname.x": "Crown Heights (South)", "comp_year": 2022.0, "ntaname.y": "Crown Heights (South)", "units": 27.0, "units_cum": 421.0, "city_units": 19919.0, "city_units_cum": 175592.0 }, "geometry": { "type": "Point", "coordinates": [ -73.946009702544885, 40.666746312200814 ] } },
{ "type": "Feature", "properties": { "nta2020": "BK0901", "ntaname.x": "Crown Heights (South)", "comp_year": 2023.0, "ntaname.y": "Crown Heights (South)", "units": 534.0, "units_cum": 955.0, "city_units": 35384.0, "city_units_cum": 210976.0 }, "geometry": { "type": "Point", "coordinates": [ -73.946009702544885, 40.666746312200814 ] } },
{ "type": "Feature", "properties": { "nta2020": "BK0901", "ntaname.x": "Crown Heights (South)", "comp_year": 2024.0, "ntaname.y": "Crown Heights (South)", "units": 259.0, "units_cum": 1214.0, "city_units": 49047.0, "city_units_cum": 260023.0 }, "geometry": { "type": "Point", "coordinates": [ -73.946009702544885, 40.666746312200814 ] } },
{ "type": "Feature", "properties": { "nta2020": "BK0901", "ntaname.x": "Crown Heights (South)", "comp_year": 2025.0, "ntaname.y": "Crown Heights (South)", "units": 119.0, "units_cum": 1333.0, "city_units": 16734.0, "city_units_cum": 276757.0 }, "geometry": { "type": "Point", "coordinates": [ -73.946009702544885, 40.666746312200814 ] } },
{ "type": "Feature", "properties": { "nta2020": "BK0902", "ntaname.x": "Prospect Lefferts Gardens-Wingate", "comp_year": 2014.0, "ntaname.y": "Prospect Lefferts Gardens-Wingate", "units": 288.0, "units_cum": 288.0, "city_units": 4879.0, "city_units_cum": 4879.0 }, "geometry": { "type": "Point", "coordinates": [ -73.947961888007953, 40.65975748908847 ] } },
{ "type": "Feature", "properties": { "nta2020": "BK0902", "ntaname.x": "Prospect Lefferts Gardens-Wingate", "comp_year": 2015.0, "ntaname.y": null, "units": 0.0, "units_cum": 288.0, "city_units": 7562.0, "city_units_cum": 12441.0 }, "geometry": { "type": "Point", "coordinates": [ -73.947961888007953, 40.65975748908847 ] } },
{ "type": "Feature", "properties": { "nta2020": "BK0902", "ntaname.x": "Prospect Lefferts Gardens-Wingate", "comp_year": 2016.0, "ntaname.y": "Prospect Lefferts Gardens-Wingate", "units": 293.0, "units_cum": 581.0, "city_units": 15015.0, "city_units_cum": 27456.0 }, "geometry": { "type": "Point", "coordinates": [ -73.947961888007953, 40.65975748908847 ] } },
{ "type": "Feature", "properties": { "nta2020": "BK0902", "ntaname.x": "Prospect Lefferts Gardens-Wingate", "comp_year": 2017.0, "ntaname.y": null, "units": 0.0, "units_cum": 581.0, "city_units": 25343.0, "city_units_cum": 52799.0 }, "geometry": { "type": "Point", "coordinates": [ -73.947961888007953, 40.65975748908847 ] } },
{ "type": "Feature", "properties": { "nta2020": "BK0902", "ntaname.x": "Prospect Lefferts Gardens-Wingate", "comp_year": 2018.0, "ntaname.y": "Prospect Lefferts Gardens-Wingate", "units": 173.0, "units_cum": 754.0, "city_units": 33764.0, "city_units_cum": 86563.0 }, "geometry": { "type": "Point", "coordinates": [ -73.947961888007953, 40.65975748908847 ] } },
{ "type": "Feature", "properties": { "nta2020": "BK0902", "ntaname.x": "Prospect Lefferts Gardens-Wingate", "comp_year": 2019.0, "ntaname.y": "Prospect Lefferts Gardens-Wingate", "units": 166.0, "units_cum": 920.0, "city_units": 29408.0, "city_units_cum": 115971.0 }, "geometry": { "type": "Point", "coordinates": [ -73.947961888007953, 40.65975748908847 ] } },
{ "type": "Feature", "properties": { "nta2020": "BK0902", "ntaname.x": "Prospect Lefferts Gardens-Wingate", "comp_year": 2020.0, "ntaname.y": "Prospect Lefferts Gardens-Wingate", "units": 123.0, "units_cum": 1043.0, "city_units": 18916.0, "city_units_cum": 134887.0 }, "geometry": { "type": "Point", "coordinates": [ -73.947961888007953, 40.65975748908847 ] } },
{ "type": "Feature", "properties": { "nta2020": "BK0902", "ntaname.x": "Prospect Lefferts Gardens-Wingate", "comp_year": 2021.0, "ntaname.y": "Prospect Lefferts Gardens-Wingate", "units": 31.0, "units_cum": 1074.0, "city_units": 20786.0, "city_units_cum": 155673.0 }, "geometry": { "type": "Point", "coordinates": [ -73.947961888007953, 40.65975748908847 ] } },
{ "type": "Feature", "properties": { "nta2020": "BK0902", "ntaname.x": "Prospect Lefferts Gardens-Wingate", "comp_year": 2022.0, "ntaname.y": "Prospect Lefferts Gardens-Wingate", "units": 71.0, "units_cum": 1145.0, "city_units": 19919.0, "city_units_cum": 175592.0 }, "geometry": { "type": "Point", "coordinates": [ -73.947961888007953, 40.65975748908847 ] } },
{ "type": "Feature", "properties": { "nta2020": "BK0902", "ntaname.x": "Prospect Lefferts Gardens-Wingate", "comp_year": 2023.0, "ntaname.y": "Prospect Lefferts Gardens-Wingate", "units": 69.0, "units_cum": 1214.0, "city_units": 35384.0, "city_units_cum": 210976.0 }, "geometry": { "type": "Point", "coordinates": [ -73.947961888007953, 40.65975748908847 ] } },
{ "type": "Feature", "properties": { "nta2020": "BK0902", "ntaname.x": "Prospect Lefferts Gardens-Wingate", "comp_year": 2024.0, "ntaname.y": "Prospect Lefferts Gardens-Wingate", "units": 56.0, "units_cum": 1270.0, "city_units": 49047.0, "city_units_cum": 260023.0 }, "geometry": { "type": "Point", "coordinates": [ -73.947961888007953, 40.65975748908847 ] } },
{ "type": "Feature", "properties": { "nta2020": "BK0902", "ntaname.x": "Prospect Lefferts Gardens-Wingate", "comp_year": 2025.0, "ntaname.y": "Prospect Lefferts Gardens-Wingate", "units": 90.0, "units_cum": 1360.0, "city_units": 16734.0, "city_units_cum": 276757.0 }, "geometry": { "type": "Point", "coordinates": [ -73.947961888007953, 40.65975748908847 ] } },
{ "type": "Feature", "properties": { "nta2020": "BK1001", "ntaname.x": "Bay Ridge", "comp_year": 2014.0, "ntaname.y": null, "units": 0.0, "units_cum": 0.0, "city_units": 4879.0, "city_units_cum": 4879.0 }, "geometry": { "type": "Point", "coordinates": [ -74.029927383338332, 40.62667098849947 ] } },
{ "type": "Feature", "properties": { "nta2020": "BK1001", "ntaname.x": "Bay Ridge", "comp_year": 2015.0, "ntaname.y": null, "units": 0.0, "units_cum": 0.0, "city_units": 7562.0, "city_units_cum": 12441.0 }, "geometry": { "type": "Point", "coordinates": [ -74.029927383338332, 40.62667098849947 ] } },
{ "type": "Feature", "properties": { "nta2020": "BK1001", "ntaname.x": "Bay Ridge", "comp_year": 2016.0, "ntaname.y": null, "units": 0.0, "units_cum": 0.0, "city_units": 15015.0, "city_units_cum": 27456.0 }, "geometry": { "type": "Point", "coordinates": [ -74.029927383338332, 40.62667098849947 ] } },
{ "type": "Feature", "properties": { "nta2020": "BK1001", "ntaname.x": "Bay Ridge", "comp_year": 2017.0, "ntaname.y": null, "units": 0.0, "units_cum": 0.0, "city_units": 25343.0, "city_units_cum": 52799.0 }, "geometry": { "type": "Point", "coordinates": [ -74.029927383338332, 40.62667098849947 ] } },
{ "type": "Feature", "properties": { "nta2020": "BK1001", "ntaname.x": "Bay Ridge", "comp_year": 2018.0, "ntaname.y": null, "units": 0.0, "units_cum": 0.0, "city_units": 33764.0, "city_units_cum": 86563.0 }, "geometry": { "type": "Point", "coordinates": [ -74.029927383338332, 40.62667098849947 ] } },
{ "type": "Feature", "properties": { "nta2020": "BK1001", "ntaname.x": "Bay Ridge", "comp_year": 2019.0, "ntaname.y": null, "units": 0.0, "units_cum": 0.0, "city_units": 29408.0, "city_units_cum": 115971.0 }, "geometry": { "type": "Point", "coordinates": [ -74.029927383338332, 40.62667098849947 ] } },
{ "type": "Feature", "properties": { "nta2020": "BK1001", "ntaname.x": "Bay Ridge", "comp_year": 2020.0, "ntaname.y": null, "units": 0.0, "units_cum": 0.0, "city_units": 18916.0, "city_units_cum": 134887.0 }, "geometry": { "type": "Point", "coordinates": [ -74.029927383338332, 40.62667098849947 ] } },
{ "type": "Feature", "properties": { "nta2020": "BK1001", "ntaname.x": "Bay Ridge", "comp_year": 2021.0, "ntaname.y": null, "units": 0.0, "units_cum": 0.0, "city_units": 20786.0, "city_units_cum": 155673.0 }, "geometry": { "type": "Point", "coordinates": [ -74.029927383338332, 40.62667098849947 ] } },
{ "type": "Feature", "properties": { "nta2020": "BK1001", "ntaname.x": "Bay Ridge", "comp_year": 2022.0, "ntaname.y": "Bay Ridge", "units": 15.0, "units_cum": 15.0, "city_units": 19919.0, "city_units_cum": 175592.0 }, "geometry": { "type": "Point", "coordinates": [ -74.029927383338332, 40.62667098849947 ] } },
{ "type": "Feature", "properties": { "nta2020": "BK1001", "ntaname.x": "Bay Ridge", "comp_year": 2023.0, "ntaname.y": null, "units": 0.0, "units_cum": 15.0, "city_units": 35384.0, "city_units_cum": 210976.0 }, "geometry": { "type": "Point", "coordinates": [ -74.029927383338332, 40.62667098849947 ] } },
{ "type": "Feature", "properties": { "nta2020": "BK1001", "ntaname.x": "Bay Ridge", "comp_year": 2024.0, "ntaname.y": null, "units": 0.0, "units_cum": 15.0, "city_units": 49047.0, "city_units_cum": 260023.0 }, "geometry": { "type": "Point", "coordinates": [ -74.029927383338332, 40.62667098849947 ] } },
{ "type": "Feature", "properties": { "nta2020": "BK1001", "ntaname.x": "Bay Ridge", "comp_year": 2025.0, "ntaname.y": null, "units": 0.0, "units_cum": 15.0, "city_units": 16734.0, "city_units_cum": 276757.0 }, "geometry": { "type": "Point", "coordinates": [ -74.029927383338332, 40.62667098849947 ] } },
{ "type": "Feature", "properties": { "nta2020": "BK1002", "ntaname.x": "Dyker Heights", "comp_year": null, "ntaname.y": null, "units": null, "units_cum": null, "city_units": null, "city_units_cum": null }, "geometry": { "type": "Point", "coordinates": [ -74.010845124593175, 40.623963023609164 ] } },
{ "type": "Feature", "properties": { "nta2020": "BK1061", "ntaname.x": "Fort Hamilton", "comp_year": null, "ntaname.y": null, "units": null, "units_cum": null, "city_units": null, "city_units_cum": null }, "geometry": { "type": "Point", "coordinates": [ -74.027749068410373, 40.608153436738455 ] } },
{ "type": "Feature", "properties": { "nta2020": "BK1091", "ntaname.x": "Dyker Beach Park", "comp_year": null, "ntaname.y": null, "units": null, "units_cum": null, "city_units": null, "city_units_cum": null }, "geometry": { "type": "Point", "coordinates": [ -74.018933156034194, 40.611151531911446 ] } },
{ "type": "Feature", "properties": { "nta2020": "BK1101", "ntaname.x": "Bensonhurst", "comp_year": 2014.0, "ntaname.y": null, "units": 0.0, "units_cum": 0.0, "city_units": 4879.0, "city_units_cum": 4879.0 }, "geometry": { "type": "Point", "coordinates": [ -73.993265255925735, 40.613264655815918 ] } },
{ "type": "Feature", "properties": { "nta2020": "BK1101", "ntaname.x": "Bensonhurst", "comp_year": 2015.0, "ntaname.y": null, "units": 0.0, "units_cum": 0.0, "city_units": 7562.0, "city_units_cum": 12441.0 }, "geometry": { "type": "Point", "coordinates": [ -73.993265255925735, 40.613264655815918 ] } },
{ "type": "Feature", "properties": { "nta2020": "BK1101", "ntaname.x": "Bensonhurst", "comp_year": 2016.0, "ntaname.y": null, "units": 0.0, "units_cum": 0.0, "city_units": 15015.0, "city_units_cum": 27456.0 }, "geometry": { "type": "Point", "coordinates": [ -73.993265255925735, 40.613264655815918 ] } },
{ "type": "Feature", "properties": { "nta2020": "BK1101", "ntaname.x": "Bensonhurst", "comp_year": 2017.0, "ntaname.y": "Bensonhurst", "units": 71.0, "units_cum": 71.0, "city_units": 25343.0, "city_units_cum": 52799.0 }, "geometry": { "type": "Point", "coordinates": [ -73.993265255925735, 40.613264655815918 ] } },
{ "type": "Feature", "properties": { "nta2020": "BK1101", "ntaname.x": "Bensonhurst", "comp_year": 2018.0, "ntaname.y": null, "units": 0.0, "units_cum": 71.0, "city_units": 33764.0, "city_units_cum": 86563.0 }, "geometry": { "type": "Point", "coordinates": [ -73.993265255925735, 40.613264655815918 ] } },
{ "type": "Feature", "properties": { "nta2020": "BK1101", "ntaname.x": "Bensonhurst", "comp_year": 2019.0, "ntaname.y": null, "units": 0.0, "units_cum": 71.0, "city_units": 29408.0, "city_units_cum": 115971.0 }, "geometry": { "type": "Point", "coordinates": [ -73.993265255925735, 40.613264655815918 ] } },
{ "type": "Feature", "properties": { "nta2020": "BK1101", "ntaname.x": "Bensonhurst", "comp_year": 2020.0, "ntaname.y": null, "units": 0.0, "units_cum": 71.0, "city_units": 18916.0, "city_units_cum": 134887.0 }, "geometry": { "type": "Point", "coordinates": [ -73.993265255925735, 40.613264655815918 ] } },
{ "type": "Feature", "properties": { "nta2020": "BK1101", "ntaname.x": "Bensonhurst", "comp_year": 2021.0, "ntaname.y": null, "units": 0.0, "units_cum": 71.0, "city_units": 20786.0, "city_units_cum": 155673.0 }, "geometry": { "type": "Point", "coordinates": [ -73.993265255925735, 40.613264655815918 ] } },
{ "type": "Feature", "properties": { "nta2020": "BK1101", "ntaname.x": "Bensonhurst", "comp_year": 2022.0, "ntaname.y": null, "units": 0.0, "units_cum": 71.0, "city_units": 19919.0, "city_units_cum": 175592.0 }, "geometry": { "type": "Point", "coordinates": [ -73.993265255925735, 40.613264655815918 ] } },
{ "type": "Feature", "properties": { "nta2020": "BK1101", "ntaname.x": "Bensonhurst", "comp_year": 2023.0, "ntaname.y": "Bensonhurst", "units": 18.0, "units_cum": 89.0, "city_units": 35384.0, "city_units_cum": 210976.0 }, "geometry": { "type": "Point", "coordinates": [ -73.993265255925735, 40.613264655815918 ] } },
{ "type": "Feature", "properties": { "nta2020": "BK1101", "ntaname.x": "Bensonhurst", "comp_year": 2024.0, "ntaname.y": null, "units": 0.0, "units_cum": 89.0, "city_units": 49047.0, "city_units_cum": 260023.0 }, "geometry": { "type": "Point", "coordinates": [ -73.993265255925735, 40.613264655815918 ] } },
{ "type": "Feature", "properties": { "nta2020": "BK1101", "ntaname.x": "Bensonhurst", "comp_year": 2025.0, "ntaname.y": "Bensonhurst", "units": 10.0, "units_cum": 99.0, "city_units": 16734.0, "city_units_cum": 276757.0 }, "geometry": { "type": "Point", "coordinates": [ -73.993265255925735, 40.613264655815918 ] } },
{ "type": "Feature", "properties": { "nta2020": "BK1102", "ntaname.x": "Bath Beach", "comp_year": null, "ntaname.y": null, "units": null, "units_cum": null, "city_units": null, "city_units_cum": null }, "geometry": { "type": "Point", "coordinates": [ -74.00748239086299, 40.604260136552952 ] } },
{ "type": "Feature", "properties": { "nta2020": "BK1103", "ntaname.x": "Gravesend (West)", "comp_year": 2014.0, "ntaname.y": null, "units": 0.0, "units_cum": 0.0, "city_units": 4879.0, "city_units_cum": 4879.0 }, "geometry": { "type": "Point", "coordinates": [ -73.985733548248518, 40.599292415282129 ] } },
{ "type": "Feature", "properties": { "nta2020": "BK1103", "ntaname.x": "Gravesend (West)", "comp_year": 2015.0, "ntaname.y": null, "units": 0.0, "units_cum": 0.0, "city_units": 7562.0, "city_units_cum": 12441.0 }, "geometry": { "type": "Point", "coordinates": [ -73.985733548248518, 40.599292415282129 ] } },
{ "type": "Feature", "properties": { "nta2020": "BK1103", "ntaname.x": "Gravesend (West)", "comp_year": 2016.0, "ntaname.y": null, "units": 0.0, "units_cum": 0.0, "city_units": 15015.0, "city_units_cum": 27456.0 }, "geometry": { "type": "Point", "coordinates": [ -73.985733548248518, 40.599292415282129 ] } },
{ "type": "Feature", "properties": { "nta2020": "BK1103", "ntaname.x": "Gravesend (West)", "comp_year": 2017.0, "ntaname.y": null, "units": 0.0, "units_cum": 0.0, "city_units": 25343.0, "city_units_cum": 52799.0 }, "geometry": { "type": "Point", "coordinates": [ -73.985733548248518, 40.599292415282129 ] } },
{ "type": "Feature", "properties": { "nta2020": "BK1103", "ntaname.x": "Gravesend (West)", "comp_year": 2018.0, "ntaname.y": null, "units": 0.0, "units_cum": 0.0, "city_units": 33764.0, "city_units_cum": 86563.0 }, "geometry": { "type": "Point", "coordinates": [ -73.985733548248518, 40.599292415282129 ] } },
{ "type": "Feature", "properties": { "nta2020": "BK1103", "ntaname.x": "Gravesend (West)", "comp_year": 2019.0, "ntaname.y": "Gravesend (West)", "units": 293.0, "units_cum": 293.0, "city_units": 29408.0, "city_units_cum": 115971.0 }, "geometry": { "type": "Point", "coordinates": [ -73.985733548248518, 40.599292415282129 ] } },
{ "type": "Feature", "properties": { "nta2020": "BK1103", "ntaname.x": "Gravesend (West)", "comp_year": 2020.0, "ntaname.y": null, "units": 0.0, "units_cum": 293.0, "city_units": 18916.0, "city_units_cum": 134887.0 }, "geometry": { "type": "Point", "coordinates": [ -73.985733548248518, 40.599292415282129 ] } },
{ "type": "Feature", "properties": { "nta2020": "BK1103", "ntaname.x": "Gravesend (West)", "comp_year": 2021.0, "ntaname.y": null, "units": 0.0, "units_cum": 293.0, "city_units": 20786.0, "city_units_cum": 155673.0 }, "geometry": { "type": "Point", "coordinates": [ -73.985733548248518, 40.599292415282129 ] } },
{ "type": "Feature", "properties": { "nta2020": "BK1103", "ntaname.x": "Gravesend (West)", "comp_year": 2022.0, "ntaname.y": null, "units": 0.0, "units_cum": 293.0, "city_units": 19919.0, "city_units_cum": 175592.0 }, "geometry": { "type": "Point", "coordinates": [ -73.985733548248518, 40.599292415282129 ] } },
{ "type": "Feature", "properties": { "nta2020": "BK1103", "ntaname.x": "Gravesend (West)", "comp_year": 2023.0, "ntaname.y": "Gravesend (West)", "units": 61.0, "units_cum": 354.0, "city_units": 35384.0, "city_units_cum": 210976.0 }, "geometry": { "type": "Point", "coordinates": [ -73.985733548248518, 40.599292415282129 ] } },
{ "type": "Feature", "properties": { "nta2020": "BK1103", "ntaname.x": "Gravesend (West)", "comp_year": 2024.0, "ntaname.y": null, "units": 0.0, "units_cum": 354.0, "city_units": 49047.0, "city_units_cum": 260023.0 }, "geometry": { "type": "Point", "coordinates": [ -73.985733548248518, 40.599292415282129 ] } },
{ "type": "Feature", "properties": { "nta2020": "BK1103", "ntaname.x": "Gravesend (West)", "comp_year": 2025.0, "ntaname.y": null, "units": 0.0, "units_cum": 354.0, "city_units": 16734.0, "city_units_cum": 276757.0 }, "geometry": { "type": "Point", "coordinates": [ -73.985733548248518, 40.599292415282129 ] } },
{ "type": "Feature", "properties": { "nta2020": "BK1201", "ntaname.x": "Sunset Park (East)-Borough Park (West)", "comp_year": 2014.0, "ntaname.y": null, "units": 0.0, "units_cum": 0.0, "city_units": 4879.0, "city_units_cum": 4879.0 }, "geometry": { "type": "Point", "coordinates": [ -73.99938788715788, 40.640826852609855 ] } },
{ "type": "Feature", "properties": { "nta2020": "BK1201", "ntaname.x": "Sunset Park (East)-Borough Park (West)", "comp_year": 2015.0, "ntaname.y": null, "units": 0.0, "units_cum": 0.0, "city_units": 7562.0, "city_units_cum": 12441.0 }, "geometry": { "type": "Point", "coordinates": [ -73.99938788715788, 40.640826852609855 ] } },
{ "type": "Feature", "properties": { "nta2020": "BK1201", "ntaname.x": "Sunset Park (East)-Borough Park (West)", "comp_year": 2016.0, "ntaname.y": null, "units": 0.0, "units_cum": 0.0, "city_units": 15015.0, "city_units_cum": 27456.0 }, "geometry": { "type": "Point", "coordinates": [ -73.99938788715788, 40.640826852609855 ] } },
{ "type": "Feature", "properties": { "nta2020": "BK1201", "ntaname.x": "Sunset Park (East)-Borough Park (West)", "comp_year": 2017.0, "ntaname.y": null, "units": 0.0, "units_cum": 0.0, "city_units": 25343.0, "city_units_cum": 52799.0 }, "geometry": { "type": "Point", "coordinates": [ -73.99938788715788, 40.640826852609855 ] } },
{ "type": "Feature", "properties": { "nta2020": "BK1201", "ntaname.x": "Sunset Park (East)-Borough Park (West)", "comp_year": 2018.0, "ntaname.y": null, "units": 0.0, "units_cum": 0.0, "city_units": 33764.0, "city_units_cum": 86563.0 }, "geometry": { "type": "Point", "coordinates": [ -73.99938788715788, 40.640826852609855 ] } },
{ "type": "Feature", "properties": { "nta2020": "BK1201", "ntaname.x": "Sunset Park (East)-Borough Park (West)", "comp_year": 2019.0, "ntaname.y": null, "units": 0.0, "units_cum": 0.0, "city_units": 29408.0, "city_units_cum": 115971.0 }, "geometry": { "type": "Point", "coordinates": [ -73.99938788715788, 40.640826852609855 ] } },
{ "type": "Feature", "properties": { "nta2020": "BK1201", "ntaname.x": "Sunset Park (East)-Borough Park (West)", "comp_year": 2020.0, "ntaname.y": null, "units": 0.0, "units_cum": 0.0, "city_units": 18916.0, "city_units_cum": 134887.0 }, "geometry": { "type": "Point", "coordinates": [ -73.99938788715788, 40.640826852609855 ] } },
{ "type": "Feature", "properties": { "nta2020": "BK1201", "ntaname.x": "Sunset Park (East)-Borough Park (West)", "comp_year": 2021.0, "ntaname.y": "Sunset Park (East)-Borough Park (West)", "units": 7.0, "units_cum": 7.0, "city_units": 20786.0, "city_units_cum": 155673.0 }, "geometry": { "type": "Point", "coordinates": [ -73.99938788715788, 40.640826852609855 ] } },
{ "type": "Feature", "properties": { "nta2020": "BK1201", "ntaname.x": "Sunset Park (East)-Borough Park (West)", "comp_year": 2022.0, "ntaname.y": null, "units": 0.0, "units_cum": 7.0, "city_units": 19919.0, "city_units_cum": 175592.0 }, "geometry": { "type": "Point", "coordinates": [ -73.99938788715788, 40.640826852609855 ] } },
{ "type": "Feature", "properties": { "nta2020": "BK1201", "ntaname.x": "Sunset Park (East)-Borough Park (West)", "comp_year": 2023.0, "ntaname.y": null, "units": 0.0, "units_cum": 7.0, "city_units": 35384.0, "city_units_cum": 210976.0 }, "geometry": { "type": "Point", "coordinates": [ -73.99938788715788, 40.640826852609855 ] } },
{ "type": "Feature", "properties": { "nta2020": "BK1201", "ntaname.x": "Sunset Park (East)-Borough Park (West)", "comp_year": 2024.0, "ntaname.y": null, "units": 0.0, "units_cum": 7.0, "city_units": 49047.0, "city_units_cum": 260023.0 }, "geometry": { "type": "Point", "coordinates": [ -73.99938788715788, 40.640826852609855 ] } },
{ "type": "Feature", "properties": { "nta2020": "BK1201", "ntaname.x": "Sunset Park (East)-Borough Park (West)", "comp_year": 2025.0, "ntaname.y": null, "units": 0.0, "units_cum": 7.0, "city_units": 16734.0, "city_units_cum": 276757.0 }, "geometry": { "type": "Point", "coordinates": [ -73.99938788715788, 40.640826852609855 ] } },
{ "type": "Feature", "properties": { "nta2020": "BK1202", "ntaname.x": "Borough Park", "comp_year": 2014.0, "ntaname.y": null, "units": 0.0, "units_cum": 0.0, "city_units": 4879.0, "city_units_cum": 4879.0 }, "geometry": { "type": "Point", "coordinates": [ -73.98954499288908, 40.632935519603507 ] } },
{ "type": "Feature", "properties": { "nta2020": "BK1202", "ntaname.x": "Borough Park", "comp_year": 2015.0, "ntaname.y": null, "units": 0.0, "units_cum": 0.0, "city_units": 7562.0, "city_units_cum": 12441.0 }, "geometry": { "type": "Point", "coordinates": [ -73.98954499288908, 40.632935519603507 ] } },
{ "type": "Feature", "properties": { "nta2020": "BK1202", "ntaname.x": "Borough Park", "comp_year": 2016.0, "ntaname.y": null, "units": 0.0, "units_cum": 0.0, "city_units": 15015.0, "city_units_cum": 27456.0 }, "geometry": { "type": "Point", "coordinates": [ -73.98954499288908, 40.632935519603507 ] } },
{ "type": "Feature", "properties": { "nta2020": "BK1202", "ntaname.x": "Borough Park", "comp_year": 2017.0, "ntaname.y": null, "units": 0.0, "units_cum": 0.0, "city_units": 25343.0, "city_units_cum": 52799.0 }, "geometry": { "type": "Point", "coordinates": [ -73.98954499288908, 40.632935519603507 ] } },
{ "type": "Feature", "properties": { "nta2020": "BK1202", "ntaname.x": "Borough Park", "comp_year": 2018.0, "ntaname.y": null, "units": 0.0, "units_cum": 0.0, "city_units": 33764.0, "city_units_cum": 86563.0 }, "geometry": { "type": "Point", "coordinates": [ -73.98954499288908, 40.632935519603507 ] } },
{ "type": "Feature", "properties": { "nta2020": "BK1202", "ntaname.x": "Borough Park", "comp_year": 2019.0, "ntaname.y": "Borough Park", "units": 36.0, "units_cum": 36.0, "city_units": 29408.0, "city_units_cum": 115971.0 }, "geometry": { "type": "Point", "coordinates": [ -73.98954499288908, 40.632935519603507 ] } },
{ "type": "Feature", "properties": { "nta2020": "BK1202", "ntaname.x": "Borough Park", "comp_year": 2020.0, "ntaname.y": "Borough Park", "units": 7.0, "units_cum": 43.0, "city_units": 18916.0, "city_units_cum": 134887.0 }, "geometry": { "type": "Point", "coordinates": [ -73.98954499288908, 40.632935519603507 ] } },
{ "type": "Feature", "properties": { "nta2020": "BK1202", "ntaname.x": "Borough Park", "comp_year": 2021.0, "ntaname.y": "Borough Park", "units": 6.0, "units_cum": 49.0, "city_units": 20786.0, "city_units_cum": 155673.0 }, "geometry": { "type": "Point", "coordinates": [ -73.98954499288908, 40.632935519603507 ] } },
{ "type": "Feature", "properties": { "nta2020": "BK1202", "ntaname.x": "Borough Park", "comp_year": 2022.0, "ntaname.y": "Borough Park", "units": 22.0, "units_cum": 71.0, "city_units": 19919.0, "city_units_cum": 175592.0 }, "geometry": { "type": "Point", "coordinates": [ -73.98954499288908, 40.632935519603507 ] } },
{ "type": "Feature", "properties": { "nta2020": "BK1202", "ntaname.x": "Borough Park", "comp_year": 2023.0, "ntaname.y": null, "units": 0.0, "units_cum": 71.0, "city_units": 35384.0, "city_units_cum": 210976.0 }, "geometry": { "type": "Point", "coordinates": [ -73.98954499288908, 40.632935519603507 ] } },
{ "type": "Feature", "properties": { "nta2020": "BK1202", "ntaname.x": "Borough Park", "comp_year": 2024.0, "ntaname.y": null, "units": 0.0, "units_cum": 71.0, "city_units": 49047.0, "city_units_cum": 260023.0 }, "geometry": { "type": "Point", "coordinates": [ -73.98954499288908, 40.632935519603507 ] } },
{ "type": "Feature", "properties": { "nta2020": "BK1202", "ntaname.x": "Borough Park", "comp_year": 2025.0, "ntaname.y": null, "units": 0.0, "units_cum": 71.0, "city_units": 16734.0, "city_units_cum": 276757.0 }, "geometry": { "type": "Point", "coordinates": [ -73.98954499288908, 40.632935519603507 ] } },
{ "type": "Feature", "properties": { "nta2020": "BK1203", "ntaname.x": "Kensington", "comp_year": 2014.0, "ntaname.y": null, "units": 0.0, "units_cum": 0.0, "city_units": 4879.0, "city_units_cum": 4879.0 }, "geometry": { "type": "Point", "coordinates": [ -73.97605145984933, 40.641135624232199 ] } },
{ "type": "Feature", "properties": { "nta2020": "BK1203", "ntaname.x": "Kensington", "comp_year": 2015.0, "ntaname.y": null, "units": 0.0, "units_cum": 0.0, "city_units": 7562.0, "city_units_cum": 12441.0 }, "geometry": { "type": "Point", "coordinates": [ -73.97605145984933, 40.641135624232199 ] } },
{ "type": "Feature", "properties": { "nta2020": "BK1203", "ntaname.x": "Kensington", "comp_year": 2016.0, "ntaname.y": null, "units": 0.0, "units_cum": 0.0, "city_units": 15015.0, "city_units_cum": 27456.0 }, "geometry": { "type": "Point", "coordinates": [ -73.97605145984933, 40.641135624232199 ] } },
{ "type": "Feature", "properties": { "nta2020": "BK1203", "ntaname.x": "Kensington", "comp_year": 2017.0, "ntaname.y": null, "units": 0.0, "units_cum": 0.0, "city_units": 25343.0, "city_units_cum": 52799.0 }, "geometry": { "type": "Point", "coordinates": [ -73.97605145984933, 40.641135624232199 ] } },
{ "type": "Feature", "properties": { "nta2020": "BK1203", "ntaname.x": "Kensington", "comp_year": 2018.0, "ntaname.y": null, "units": 0.0, "units_cum": 0.0, "city_units": 33764.0, "city_units_cum": 86563.0 }, "geometry": { "type": "Point", "coordinates": [ -73.97605145984933, 40.641135624232199 ] } },
{ "type": "Feature", "properties": { "nta2020": "BK1203", "ntaname.x": "Kensington", "comp_year": 2019.0, "ntaname.y": null, "units": 0.0, "units_cum": 0.0, "city_units": 29408.0, "city_units_cum": 115971.0 }, "geometry": { "type": "Point", "coordinates": [ -73.97605145984933, 40.641135624232199 ] } },
{ "type": "Feature", "properties": { "nta2020": "BK1203", "ntaname.x": "Kensington", "comp_year": 2020.0, "ntaname.y": null, "units": 0.0, "units_cum": 0.0, "city_units": 18916.0, "city_units_cum": 134887.0 }, "geometry": { "type": "Point", "coordinates": [ -73.97605145984933, 40.641135624232199 ] } },
{ "type": "Feature", "properties": { "nta2020": "BK1203", "ntaname.x": "Kensington", "comp_year": 2021.0, "ntaname.y": null, "units": 0.0, "units_cum": 0.0, "city_units": 20786.0, "city_units_cum": 155673.0 }, "geometry": { "type": "Point", "coordinates": [ -73.97605145984933, 40.641135624232199 ] } },
{ "type": "Feature", "properties": { "nta2020": "BK1203", "ntaname.x": "Kensington", "comp_year": 2022.0, "ntaname.y": "Kensington", "units": 6.0, "units_cum": 6.0, "city_units": 19919.0, "city_units_cum": 175592.0 }, "geometry": { "type": "Point", "coordinates": [ -73.97605145984933, 40.641135624232199 ] } },
{ "type": "Feature", "properties": { "nta2020": "BK1203", "ntaname.x": "Kensington", "comp_year": 2023.0, "ntaname.y": "Kensington", "units": 64.0, "units_cum": 70.0, "city_units": 35384.0, "city_units_cum": 210976.0 }, "geometry": { "type": "Point", "coordinates": [ -73.97605145984933, 40.641135624232199 ] } },
{ "type": "Feature", "properties": { "nta2020": "BK1203", "ntaname.x": "Kensington", "comp_year": 2024.0, "ntaname.y": "Kensington", "units": 6.0, "units_cum": 76.0, "city_units": 49047.0, "city_units_cum": 260023.0 }, "geometry": { "type": "Point", "coordinates": [ -73.97605145984933, 40.641135624232199 ] } },
{ "type": "Feature", "properties": { "nta2020": "BK1203", "ntaname.x": "Kensington", "comp_year": 2025.0, "ntaname.y": null, "units": 0.0, "units_cum": 76.0, "city_units": 16734.0, "city_units_cum": 276757.0 }, "geometry": { "type": "Point", "coordinates": [ -73.97605145984933, 40.641135624232199 ] } },
{ "type": "Feature", "properties": { "nta2020": "BK1204", "ntaname.x": "Mapleton-Midwood (West)", "comp_year": 2014.0, "ntaname.y": null, "units": 0.0, "units_cum": 0.0, "city_units": 4879.0, "city_units_cum": 4879.0 }, "geometry": { "type": "Point", "coordinates": [ -73.973318200339222, 40.619318358033397 ] } },
{ "type": "Feature", "properties": { "nta2020": "BK1204", "ntaname.x": "Mapleton-Midwood (West)", "comp_year": 2015.0, "ntaname.y": null, "units": 0.0, "units_cum": 0.0, "city_units": 7562.0, "city_units_cum": 12441.0 }, "geometry": { "type": "Point", "coordinates": [ -73.973318200339222, 40.619318358033397 ] } },
{ "type": "Feature", "properties": { "nta2020": "BK1204", "ntaname.x": "Mapleton-Midwood (West)", "comp_year": 2016.0, "ntaname.y": null, "units": 0.0, "units_cum": 0.0, "city_units": 15015.0, "city_units_cum": 27456.0 }, "geometry": { "type": "Point", "coordinates": [ -73.973318200339222, 40.619318358033397 ] } },
{ "type": "Feature", "properties": { "nta2020": "BK1204", "ntaname.x": "Mapleton-Midwood (West)", "comp_year": 2017.0, "ntaname.y": null, "units": 0.0, "units_cum": 0.0, "city_units": 25343.0, "city_units_cum": 52799.0 }, "geometry": { "type": "Point", "coordinates": [ -73.973318200339222, 40.619318358033397 ] } },
{ "type": "Feature", "properties": { "nta2020": "BK1204", "ntaname.x": "Mapleton-Midwood (West)", "comp_year": 2018.0, "ntaname.y": null, "units": 0.0, "units_cum": 0.0, "city_units": 33764.0, "city_units_cum": 86563.0 }, "geometry": { "type": "Point", "coordinates": [ -73.973318200339222, 40.619318358033397 ] } },
{ "type": "Feature", "properties": { "nta2020": "BK1204", "ntaname.x": "Mapleton-Midwood (West)", "comp_year": 2019.0, "ntaname.y": null, "units": 0.0, "units_cum": 0.0, "city_units": 29408.0, "city_units_cum": 115971.0 }, "geometry": { "type": "Point", "coordinates": [ -73.973318200339222, 40.619318358033397 ] } },
{ "type": "Feature", "properties": { "nta2020": "BK1204", "ntaname.x": "Mapleton-Midwood (West)", "comp_year": 2020.0, "ntaname.y": null, "units": 0.0, "units_cum": 0.0, "city_units": 18916.0, "city_units_cum": 134887.0 }, "geometry": { "type": "Point", "coordinates": [ -73.973318200339222, 40.619318358033397 ] } },
{ "type": "Feature", "properties": { "nta2020": "BK1204", "ntaname.x": "Mapleton-Midwood (West)", "comp_year": 2021.0, "ntaname.y": "Mapleton-Midwood (West)", "units": 10.0, "units_cum": 10.0, "city_units": 20786.0, "city_units_cum": 155673.0 }, "geometry": { "type": "Point", "coordinates": [ -73.973318200339222, 40.619318358033397 ] } },
{ "type": "Feature", "properties": { "nta2020": "BK1204", "ntaname.x": "Mapleton-Midwood (West)", "comp_year": 2022.0, "ntaname.y": null, "units": 0.0, "units_cum": 10.0, "city_units": 19919.0, "city_units_cum": 175592.0 }, "geometry": { "type": "Point", "coordinates": [ -73.973318200339222, 40.619318358033397 ] } },
{ "type": "Feature", "properties": { "nta2020": "BK1204", "ntaname.x": "Mapleton-Midwood (West)", "comp_year": 2023.0, "ntaname.y": null, "units": 0.0, "units_cum": 10.0, "city_units": 35384.0, "city_units_cum": 210976.0 }, "geometry": { "type": "Point", "coordinates": [ -73.973318200339222, 40.619318358033397 ] } },
{ "type": "Feature", "properties": { "nta2020": "BK1204", "ntaname.x": "Mapleton-Midwood (West)", "comp_year": 2024.0, "ntaname.y": "Mapleton-Midwood (West)", "units": 44.0, "units_cum": 54.0, "city_units": 49047.0, "city_units_cum": 260023.0 }, "geometry": { "type": "Point", "coordinates": [ -73.973318200339222, 40.619318358033397 ] } },
{ "type": "Feature", "properties": { "nta2020": "BK1204", "ntaname.x": "Mapleton-Midwood (West)", "comp_year": 2025.0, "ntaname.y": null, "units": 0.0, "units_cum": 54.0, "city_units": 16734.0, "city_units_cum": 276757.0 }, "geometry": { "type": "Point", "coordinates": [ -73.973318200339222, 40.619318358033397 ] } },
{ "type": "Feature", "properties": { "nta2020": "BK1301", "ntaname.x": "Gravesend (South)", "comp_year": 2014.0, "ntaname.y": null, "units": 0.0, "units_cum": 0.0, "city_units": 4879.0, "city_units_cum": 4879.0 }, "geometry": { "type": "Point", "coordinates": [ -73.977959870036614, 40.587978322875088 ] } },
{ "type": "Feature", "properties": { "nta2020": "BK1301", "ntaname.x": "Gravesend (South)", "comp_year": 2015.0, "ntaname.y": null, "units": 0.0, "units_cum": 0.0, "city_units": 7562.0, "city_units_cum": 12441.0 }, "geometry": { "type": "Point", "coordinates": [ -73.977959870036614, 40.587978322875088 ] } },
{ "type": "Feature", "properties": { "nta2020": "BK1301", "ntaname.x": "Gravesend (South)", "comp_year": 2016.0, "ntaname.y": "Gravesend (South)", "units": 106.0, "units_cum": 106.0, "city_units": 15015.0, "city_units_cum": 27456.0 }, "geometry": { "type": "Point", "coordinates": [ -73.977959870036614, 40.587978322875088 ] } },
{ "type": "Feature", "properties": { "nta2020": "BK1301", "ntaname.x": "Gravesend (South)", "comp_year": 2017.0, "ntaname.y": null, "units": 0.0, "units_cum": 106.0, "city_units": 25343.0, "city_units_cum": 52799.0 }, "geometry": { "type": "Point", "coordinates": [ -73.977959870036614, 40.587978322875088 ] } },
{ "type": "Feature", "properties": { "nta2020": "BK1301", "ntaname.x": "Gravesend (South)", "comp_year": 2018.0, "ntaname.y": null, "units": 0.0, "units_cum": 106.0, "city_units": 33764.0, "city_units_cum": 86563.0 }, "geometry": { "type": "Point", "coordinates": [ -73.977959870036614, 40.587978322875088 ] } },
{ "type": "Feature", "properties": { "nta2020": "BK1301", "ntaname.x": "Gravesend (South)", "comp_year": 2019.0, "ntaname.y": null, "units": 0.0, "units_cum": 106.0, "city_units": 29408.0, "city_units_cum": 115971.0 }, "geometry": { "type": "Point", "coordinates": [ -73.977959870036614, 40.587978322875088 ] } },
{ "type": "Feature", "properties": { "nta2020": "BK1301", "ntaname.x": "Gravesend (South)", "comp_year": 2020.0, "ntaname.y": null, "units": 0.0, "units_cum": 106.0, "city_units": 18916.0, "city_units_cum": 134887.0 }, "geometry": { "type": "Point", "coordinates": [ -73.977959870036614, 40.587978322875088 ] } },
{ "type": "Feature", "properties": { "nta2020": "BK1301", "ntaname.x": "Gravesend (South)", "comp_year": 2021.0, "ntaname.y": null, "units": 0.0, "units_cum": 106.0, "city_units": 20786.0, "city_units_cum": 155673.0 }, "geometry": { "type": "Point", "coordinates": [ -73.977959870036614, 40.587978322875088 ] } },
{ "type": "Feature", "properties": { "nta2020": "BK1301", "ntaname.x": "Gravesend (South)", "comp_year": 2022.0, "ntaname.y": null, "units": 0.0, "units_cum": 106.0, "city_units": 19919.0, "city_units_cum": 175592.0 }, "geometry": { "type": "Point", "coordinates": [ -73.977959870036614, 40.587978322875088 ] } },
{ "type": "Feature", "properties": { "nta2020": "BK1301", "ntaname.x": "Gravesend (South)", "comp_year": 2023.0, "ntaname.y": null, "units": 0.0, "units_cum": 106.0, "city_units": 35384.0, "city_units_cum": 210976.0 }, "geometry": { "type": "Point", "coordinates": [ -73.977959870036614, 40.587978322875088 ] } },
{ "type": "Feature", "properties": { "nta2020": "BK1301", "ntaname.x": "Gravesend (South)", "comp_year": 2024.0, "ntaname.y": null, "units": 0.0, "units_cum": 106.0, "city_units": 49047.0, "city_units_cum": 260023.0 }, "geometry": { "type": "Point", "coordinates": [ -73.977959870036614, 40.587978322875088 ] } },
{ "type": "Feature", "properties": { "nta2020": "BK1301", "ntaname.x": "Gravesend (South)", "comp_year": 2025.0, "ntaname.y": null, "units": 0.0, "units_cum": 106.0, "city_units": 16734.0, "city_units_cum": 276757.0 }, "geometry": { "type": "Point", "coordinates": [ -73.977959870036614, 40.587978322875088 ] } },
{ "type": "Feature", "properties": { "nta2020": "BK1302", "ntaname.x": "Coney Island-Sea Gate", "comp_year": 2014.0, "ntaname.y": null, "units": 0.0, "units_cum": 0.0, "city_units": 4879.0, "city_units_cum": 4879.0 }, "geometry": { "type": "Point", "coordinates": [ -73.987966059175861, 40.576965796557268 ] } },
{ "type": "Feature", "properties": { "nta2020": "BK1302", "ntaname.x": "Coney Island-Sea Gate", "comp_year": 2015.0, "ntaname.y": null, "units": 0.0, "units_cum": 0.0, "city_units": 7562.0, "city_units_cum": 12441.0 }, "geometry": { "type": "Point", "coordinates": [ -73.987966059175861, 40.576965796557268 ] } },
{ "type": "Feature", "properties": { "nta2020": "BK1302", "ntaname.x": "Coney Island-Sea Gate", "comp_year": 2016.0, "ntaname.y": "Coney Island-Sea Gate", "units": 147.0, "units_cum": 147.0, "city_units": 15015.0, "city_units_cum": 27456.0 }, "geometry": { "type": "Point", "coordinates": [ -73.987966059175861, 40.576965796557268 ] } },
{ "type": "Feature", "properties": { "nta2020": "BK1302", "ntaname.x": "Coney Island-Sea Gate", "comp_year": 2017.0, "ntaname.y": "Coney Island-Sea Gate", "units": 21.0, "units_cum": 168.0, "city_units": 25343.0, "city_units_cum": 52799.0 }, "geometry": { "type": "Point", "coordinates": [ -73.987966059175861, 40.576965796557268 ] } },
{ "type": "Feature", "properties": { "nta2020": "BK1302", "ntaname.x": "Coney Island-Sea Gate", "comp_year": 2018.0, "ntaname.y": null, "units": 0.0, "units_cum": 168.0, "city_units": 33764.0, "city_units_cum": 86563.0 }, "geometry": { "type": "Point", "coordinates": [ -73.987966059175861, 40.576965796557268 ] } },
{ "type": "Feature", "properties": { "nta2020": "BK1302", "ntaname.x": "Coney Island-Sea Gate", "comp_year": 2019.0, "ntaname.y": null, "units": 0.0, "units_cum": 168.0, "city_units": 29408.0, "city_units_cum": 115971.0 }, "geometry": { "type": "Point", "coordinates": [ -73.987966059175861, 40.576965796557268 ] } },
{ "type": "Feature", "properties": { "nta2020": "BK1302", "ntaname.x": "Coney Island-Sea Gate", "comp_year": 2020.0, "ntaname.y": "Coney Island-Sea Gate", "units": 135.0, "units_cum": 303.0, "city_units": 18916.0, "city_units_cum": 134887.0 }, "geometry": { "type": "Point", "coordinates": [ -73.987966059175861, 40.576965796557268 ] } },
{ "type": "Feature", "properties": { "nta2020": "BK1302", "ntaname.x": "Coney Island-Sea Gate", "comp_year": 2021.0, "ntaname.y": "Coney Island-Sea Gate", "units": 371.0, "units_cum": 674.0, "city_units": 20786.0, "city_units_cum": 155673.0 }, "geometry": { "type": "Point", "coordinates": [ -73.987966059175861, 40.576965796557268 ] } },
{ "type": "Feature", "properties": { "nta2020": "BK1302", "ntaname.x": "Coney Island-Sea Gate", "comp_year": 2022.0, "ntaname.y": "Coney Island-Sea Gate", "units": 251.0, "units_cum": 925.0, "city_units": 19919.0, "city_units_cum": 175592.0 }, "geometry": { "type": "Point", "coordinates": [ -73.987966059175861, 40.576965796557268 ] } },
{ "type": "Feature", "properties": { "nta2020": "BK1302", "ntaname.x": "Coney Island-Sea Gate", "comp_year": 2023.0, "ntaname.y": "Coney Island-Sea Gate", "units": 1262.0, "units_cum": 2187.0, "city_units": 35384.0, "city_units_cum": 210976.0 }, "geometry": { "type": "Point", "coordinates": [ -73.987966059175861, 40.576965796557268 ] } },
{ "type": "Feature", "properties": { "nta2020": "BK1302", "ntaname.x": "Coney Island-Sea Gate", "comp_year": 2024.0, "ntaname.y": null, "units": 0.0, "units_cum": 2187.0, "city_units": 49047.0, "city_units_cum": 260023.0 }, "geometry": { "type": "Point", "coordinates": [ -73.987966059175861, 40.576965796557268 ] } },
{ "type": "Feature", "properties": { "nta2020": "BK1302", "ntaname.x": "Coney Island-Sea Gate", "comp_year": 2025.0, "ntaname.y": null, "units": 0.0, "units_cum": 2187.0, "city_units": 16734.0, "city_units_cum": 276757.0 }, "geometry": { "type": "Point", "coordinates": [ -73.987966059175861, 40.576965796557268 ] } },
{ "type": "Feature", "properties": { "nta2020": "BK1303", "ntaname.x": "Brighton Beach", "comp_year": 2014.0, "ntaname.y": null, "units": 0.0, "units_cum": 0.0, "city_units": 4879.0, "city_units_cum": 4879.0 }, "geometry": { "type": "Point", "coordinates": [ -73.960693869229559, 40.579075528454133 ] } },
{ "type": "Feature", "properties": { "nta2020": "BK1303", "ntaname.x": "Brighton Beach", "comp_year": 2015.0, "ntaname.y": null, "units": 0.0, "units_cum": 0.0, "city_units": 7562.0, "city_units_cum": 12441.0 }, "geometry": { "type": "Point", "coordinates": [ -73.960693869229559, 40.579075528454133 ] } },
{ "type": "Feature", "properties": { "nta2020": "BK1303", "ntaname.x": "Brighton Beach", "comp_year": 2016.0, "ntaname.y": null, "units": 0.0, "units_cum": 0.0, "city_units": 15015.0, "city_units_cum": 27456.0 }, "geometry": { "type": "Point", "coordinates": [ -73.960693869229559, 40.579075528454133 ] } },
{ "type": "Feature", "properties": { "nta2020": "BK1303", "ntaname.x": "Brighton Beach", "comp_year": 2017.0, "ntaname.y": null, "units": 0.0, "units_cum": 0.0, "city_units": 25343.0, "city_units_cum": 52799.0 }, "geometry": { "type": "Point", "coordinates": [ -73.960693869229559, 40.579075528454133 ] } },
{ "type": "Feature", "properties": { "nta2020": "BK1303", "ntaname.x": "Brighton Beach", "comp_year": 2018.0, "ntaname.y": "Brighton Beach", "units": 193.0, "units_cum": 193.0, "city_units": 33764.0, "city_units_cum": 86563.0 }, "geometry": { "type": "Point", "coordinates": [ -73.960693869229559, 40.579075528454133 ] } },
{ "type": "Feature", "properties": { "nta2020": "BK1303", "ntaname.x": "Brighton Beach", "comp_year": 2019.0, "ntaname.y": "Brighton Beach", "units": 20.0, "units_cum": 213.0, "city_units": 29408.0, "city_units_cum": 115971.0 }, "geometry": { "type": "Point", "coordinates": [ -73.960693869229559, 40.579075528454133 ] } },
{ "type": "Feature", "properties": { "nta2020": "BK1303", "ntaname.x": "Brighton Beach", "comp_year": 2020.0, "ntaname.y": "Brighton Beach", "units": 16.0, "units_cum": 229.0, "city_units": 18916.0, "city_units_cum": 134887.0 }, "geometry": { "type": "Point", "coordinates": [ -73.960693869229559, 40.579075528454133 ] } },
{ "type": "Feature", "properties": { "nta2020": "BK1303", "ntaname.x": "Brighton Beach", "comp_year": 2021.0, "ntaname.y": "Brighton Beach", "units": 163.0, "units_cum": 392.0, "city_units": 20786.0, "city_units_cum": 155673.0 }, "geometry": { "type": "Point", "coordinates": [ -73.960693869229559, 40.579075528454133 ] } },
{ "type": "Feature", "properties": { "nta2020": "BK1303", "ntaname.x": "Brighton Beach", "comp_year": 2022.0, "ntaname.y": "Brighton Beach", "units": 45.0, "units_cum": 437.0, "city_units": 19919.0, "city_units_cum": 175592.0 }, "geometry": { "type": "Point", "coordinates": [ -73.960693869229559, 40.579075528454133 ] } },
{ "type": "Feature", "properties": { "nta2020": "BK1303", "ntaname.x": "Brighton Beach", "comp_year": 2023.0, "ntaname.y": "Brighton Beach", "units": 154.0, "units_cum": 591.0, "city_units": 35384.0, "city_units_cum": 210976.0 }, "geometry": { "type": "Point", "coordinates": [ -73.960693869229559, 40.579075528454133 ] } },
{ "type": "Feature", "properties": { "nta2020": "BK1303", "ntaname.x": "Brighton Beach", "comp_year": 2024.0, "ntaname.y": null, "units": 0.0, "units_cum": 591.0, "city_units": 49047.0, "city_units_cum": 260023.0 }, "geometry": { "type": "Point", "coordinates": [ -73.960693869229559, 40.579075528454133 ] } },
{ "type": "Feature", "properties": { "nta2020": "BK1303", "ntaname.x": "Brighton Beach", "comp_year": 2025.0, "ntaname.y": "Brighton Beach", "units": 8.0, "units_cum": 599.0, "city_units": 16734.0, "city_units_cum": 276757.0 }, "geometry": { "type": "Point", "coordinates": [ -73.960693869229559, 40.579075528454133 ] } },
{ "type": "Feature", "properties": { "nta2020": "BK1391", "ntaname.x": "Calvert Vaux Park", "comp_year": null, "ntaname.y": null, "units": null, "units_cum": null, "city_units": null, "city_units_cum": null }, "geometry": { "type": "Point", "coordinates": [ -73.994086361076427, 40.584353255332886 ] } },
{ "type": "Feature", "properties": { "nta2020": "BK1401", "ntaname.x": "Flatbush", "comp_year": 2014.0, "ntaname.y": null, "units": 0.0, "units_cum": 0.0, "city_units": 4879.0, "city_units_cum": 4879.0 }, "geometry": { "type": "Point", "coordinates": [ -73.95638837156153, 40.640666094551541 ] } },
{ "type": "Feature", "properties": { "nta2020": "BK1401", "ntaname.x": "Flatbush", "comp_year": 2015.0, "ntaname.y": null, "units": 0.0, "units_cum": 0.0, "city_units": 7562.0, "city_units_cum": 12441.0 }, "geometry": { "type": "Point", "coordinates": [ -73.95638837156153, 40.640666094551541 ] } },
{ "type": "Feature", "properties": { "nta2020": "BK1401", "ntaname.x": "Flatbush", "comp_year": 2016.0, "ntaname.y": null, "units": 0.0, "units_cum": 0.0, "city_units": 15015.0, "city_units_cum": 27456.0 }, "geometry": { "type": "Point", "coordinates": [ -73.95638837156153, 40.640666094551541 ] } },
{ "type": "Feature", "properties": { "nta2020": "BK1401", "ntaname.x": "Flatbush", "comp_year": 2017.0, "ntaname.y": null, "units": 0.0, "units_cum": 0.0, "city_units": 25343.0, "city_units_cum": 52799.0 }, "geometry": { "type": "Point", "coordinates": [ -73.95638837156153, 40.640666094551541 ] } },
{ "type": "Feature", "properties": { "nta2020": "BK1401", "ntaname.x": "Flatbush", "comp_year": 2018.0, "ntaname.y": null, "units": 0.0, "units_cum": 0.0, "city_units": 33764.0, "city_units_cum": 86563.0 }, "geometry": { "type": "Point", "coordinates": [ -73.95638837156153, 40.640666094551541 ] } },
{ "type": "Feature", "properties": { "nta2020": "BK1401", "ntaname.x": "Flatbush", "comp_year": 2019.0, "ntaname.y": "Flatbush", "units": 69.0, "units_cum": 69.0, "city_units": 29408.0, "city_units_cum": 115971.0 }, "geometry": { "type": "Point", "coordinates": [ -73.95638837156153, 40.640666094551541 ] } },
{ "type": "Feature", "properties": { "nta2020": "BK1401", "ntaname.x": "Flatbush", "comp_year": 2020.0, "ntaname.y": "Flatbush", "units": 448.0, "units_cum": 517.0, "city_units": 18916.0, "city_units_cum": 134887.0 }, "geometry": { "type": "Point", "coordinates": [ -73.95638837156153, 40.640666094551541 ] } },
{ "type": "Feature", "properties": { "nta2020": "BK1401", "ntaname.x": "Flatbush", "comp_year": 2021.0, "ntaname.y": "Flatbush", "units": 97.0, "units_cum": 614.0, "city_units": 20786.0, "city_units_cum": 155673.0 }, "geometry": { "type": "Point", "coordinates": [ -73.95638837156153, 40.640666094551541 ] } },
{ "type": "Feature", "properties": { "nta2020": "BK1401", "ntaname.x": "Flatbush", "comp_year": 2022.0, "ntaname.y": "Flatbush", "units": 320.0, "units_cum": 934.0, "city_units": 19919.0, "city_units_cum": 175592.0 }, "geometry": { "type": "Point", "coordinates": [ -73.95638837156153, 40.640666094551541 ] } },
{ "type": "Feature", "properties": { "nta2020": "BK1401", "ntaname.x": "Flatbush", "comp_year": 2023.0, "ntaname.y": "Flatbush", "units": 474.0, "units_cum": 1408.0, "city_units": 35384.0, "city_units_cum": 210976.0 }, "geometry": { "type": "Point", "coordinates": [ -73.95638837156153, 40.640666094551541 ] } },
{ "type": "Feature", "properties": { "nta2020": "BK1401", "ntaname.x": "Flatbush", "comp_year": 2024.0, "ntaname.y": "Flatbush", "units": 68.0, "units_cum": 1476.0, "city_units": 49047.0, "city_units_cum": 260023.0 }, "geometry": { "type": "Point", "coordinates": [ -73.95638837156153, 40.640666094551541 ] } },
{ "type": "Feature", "properties": { "nta2020": "BK1401", "ntaname.x": "Flatbush", "comp_year": 2025.0, "ntaname.y": "Flatbush", "units": 263.0, "units_cum": 1739.0, "city_units": 16734.0, "city_units_cum": 276757.0 }, "geometry": { "type": "Point", "coordinates": [ -73.95638837156153, 40.640666094551541 ] } },
{ "type": "Feature", "properties": { "nta2020": "BK1402", "ntaname.x": "Flatbush (West)-Ditmas Park-Parkville", "comp_year": 2014.0, "ntaname.y": null, "units": 0.0, "units_cum": 0.0, "city_units": 4879.0, "city_units_cum": 4879.0 }, "geometry": { "type": "Point", "coordinates": [ -73.966189889689801, 40.636526259204928 ] } },
{ "type": "Feature", "properties": { "nta2020": "BK1402", "ntaname.x": "Flatbush (West)-Ditmas Park-Parkville", "comp_year": 2015.0, "ntaname.y": null, "units": 0.0, "units_cum": 0.0, "city_units": 7562.0, "city_units_cum": 12441.0 }, "geometry": { "type": "Point", "coordinates": [ -73.966189889689801, 40.636526259204928 ] } },
{ "type": "Feature", "properties": { "nta2020": "BK1402", "ntaname.x": "Flatbush (West)-Ditmas Park-Parkville", "comp_year": 2016.0, "ntaname.y": null, "units": 0.0, "units_cum": 0.0, "city_units": 15015.0, "city_units_cum": 27456.0 }, "geometry": { "type": "Point", "coordinates": [ -73.966189889689801, 40.636526259204928 ] } },
{ "type": "Feature", "properties": { "nta2020": "BK1402", "ntaname.x": "Flatbush (West)-Ditmas Park-Parkville", "comp_year": 2017.0, "ntaname.y": "Flatbush (West)-Ditmas Park-Parkville", "units": 182.0, "units_cum": 182.0, "city_units": 25343.0, "city_units_cum": 52799.0 }, "geometry": { "type": "Point", "coordinates": [ -73.966189889689801, 40.636526259204928 ] } },
{ "type": "Feature", "properties": { "nta2020": "BK1402", "ntaname.x": "Flatbush (West)-Ditmas Park-Parkville", "comp_year": 2018.0, "ntaname.y": null, "units": 0.0, "units_cum": 182.0, "city_units": 33764.0, "city_units_cum": 86563.0 }, "geometry": { "type": "Point", "coordinates": [ -73.966189889689801, 40.636526259204928 ] } },
{ "type": "Feature", "properties": { "nta2020": "BK1402", "ntaname.x": "Flatbush (West)-Ditmas Park-Parkville", "comp_year": 2019.0, "ntaname.y": null, "units": 0.0, "units_cum": 182.0, "city_units": 29408.0, "city_units_cum": 115971.0 }, "geometry": { "type": "Point", "coordinates": [ -73.966189889689801, 40.636526259204928 ] } },
{ "type": "Feature", "properties": { "nta2020": "BK1402", "ntaname.x": "Flatbush (West)-Ditmas Park-Parkville", "comp_year": 2020.0, "ntaname.y": "Flatbush (West)-Ditmas Park-Parkville", "units": 20.0, "units_cum": 202.0, "city_units": 18916.0, "city_units_cum": 134887.0 }, "geometry": { "type": "Point", "coordinates": [ -73.966189889689801, 40.636526259204928 ] } },
{ "type": "Feature", "properties": { "nta2020": "BK1402", "ntaname.x": "Flatbush (West)-Ditmas Park-Parkville", "comp_year": 2021.0, "ntaname.y": "Flatbush (West)-Ditmas Park-Parkville", "units": 53.0, "units_cum": 255.0, "city_units": 20786.0, "city_units_cum": 155673.0 }, "geometry": { "type": "Point", "coordinates": [ -73.966189889689801, 40.636526259204928 ] } },
{ "type": "Feature", "properties": { "nta2020": "BK1402", "ntaname.x": "Flatbush (West)-Ditmas Park-Parkville", "comp_year": 2022.0, "ntaname.y": "Flatbush (West)-Ditmas Park-Parkville", "units": 96.0, "units_cum": 351.0, "city_units": 19919.0, "city_units_cum": 175592.0 }, "geometry": { "type": "Point", "coordinates": [ -73.966189889689801, 40.636526259204928 ] } },
{ "type": "Feature", "properties": { "nta2020": "BK1402", "ntaname.x": "Flatbush (West)-Ditmas Park-Parkville", "comp_year": 2023.0, "ntaname.y": null, "units": 0.0, "units_cum": 351.0, "city_units": 35384.0, "city_units_cum": 210976.0 }, "geometry": { "type": "Point", "coordinates": [ -73.966189889689801, 40.636526259204928 ] } },
{ "type": "Feature", "properties": { "nta2020": "BK1402", "ntaname.x": "Flatbush (West)-Ditmas Park-Parkville", "comp_year": 2024.0, "ntaname.y": null, "units": 0.0, "units_cum": 351.0, "city_units": 49047.0, "city_units_cum": 260023.0 }, "geometry": { "type": "Point", "coordinates": [ -73.966189889689801, 40.636526259204928 ] } },
{ "type": "Feature", "properties": { "nta2020": "BK1402", "ntaname.x": "Flatbush (West)-Ditmas Park-Parkville", "comp_year": 2025.0, "ntaname.y": null, "units": 0.0, "units_cum": 351.0, "city_units": 16734.0, "city_units_cum": 276757.0 }, "geometry": { "type": "Point", "coordinates": [ -73.966189889689801, 40.636526259204928 ] } },
{ "type": "Feature", "properties": { "nta2020": "BK1403", "ntaname.x": "Midwood", "comp_year": 2014.0, "ntaname.y": null, "units": 0.0, "units_cum": 0.0, "city_units": 4879.0, "city_units_cum": 4879.0 }, "geometry": { "type": "Point", "coordinates": [ -73.955592912277297, 40.620369040731269 ] } },
{ "type": "Feature", "properties": { "nta2020": "BK1403", "ntaname.x": "Midwood", "comp_year": 2015.0, "ntaname.y": null, "units": 0.0, "units_cum": 0.0, "city_units": 7562.0, "city_units_cum": 12441.0 }, "geometry": { "type": "Point", "coordinates": [ -73.955592912277297, 40.620369040731269 ] } },
{ "type": "Feature", "properties": { "nta2020": "BK1403", "ntaname.x": "Midwood", "comp_year": 2016.0, "ntaname.y": null, "units": 0.0, "units_cum": 0.0, "city_units": 15015.0, "city_units_cum": 27456.0 }, "geometry": { "type": "Point", "coordinates": [ -73.955592912277297, 40.620369040731269 ] } },
{ "type": "Feature", "properties": { "nta2020": "BK1403", "ntaname.x": "Midwood", "comp_year": 2017.0, "ntaname.y": null, "units": 0.0, "units_cum": 0.0, "city_units": 25343.0, "city_units_cum": 52799.0 }, "geometry": { "type": "Point", "coordinates": [ -73.955592912277297, 40.620369040731269 ] } },
{ "type": "Feature", "properties": { "nta2020": "BK1403", "ntaname.x": "Midwood", "comp_year": 2018.0, "ntaname.y": null, "units": 0.0, "units_cum": 0.0, "city_units": 33764.0, "city_units_cum": 86563.0 }, "geometry": { "type": "Point", "coordinates": [ -73.955592912277297, 40.620369040731269 ] } },
{ "type": "Feature", "properties": { "nta2020": "BK1403", "ntaname.x": "Midwood", "comp_year": 2019.0, "ntaname.y": "Midwood", "units": 64.0, "units_cum": 64.0, "city_units": 29408.0, "city_units_cum": 115971.0 }, "geometry": { "type": "Point", "coordinates": [ -73.955592912277297, 40.620369040731269 ] } },
{ "type": "Feature", "properties": { "nta2020": "BK1403", "ntaname.x": "Midwood", "comp_year": 2020.0, "ntaname.y": null, "units": 0.0, "units_cum": 64.0, "city_units": 18916.0, "city_units_cum": 134887.0 }, "geometry": { "type": "Point", "coordinates": [ -73.955592912277297, 40.620369040731269 ] } },
{ "type": "Feature", "properties": { "nta2020": "BK1403", "ntaname.x": "Midwood", "comp_year": 2021.0, "ntaname.y": "Midwood", "units": 302.0, "units_cum": 366.0, "city_units": 20786.0, "city_units_cum": 155673.0 }, "geometry": { "type": "Point", "coordinates": [ -73.955592912277297, 40.620369040731269 ] } },
{ "type": "Feature", "properties": { "nta2020": "BK1403", "ntaname.x": "Midwood", "comp_year": 2022.0, "ntaname.y": "Midwood", "units": 160.0, "units_cum": 526.0, "city_units": 19919.0, "city_units_cum": 175592.0 }, "geometry": { "type": "Point", "coordinates": [ -73.955592912277297, 40.620369040731269 ] } },
{ "type": "Feature", "properties": { "nta2020": "BK1403", "ntaname.x": "Midwood", "comp_year": 2023.0, "ntaname.y": "Midwood", "units": 58.0, "units_cum": 584.0, "city_units": 35384.0, "city_units_cum": 210976.0 }, "geometry": { "type": "Point", "coordinates": [ -73.955592912277297, 40.620369040731269 ] } },
{ "type": "Feature", "properties": { "nta2020": "BK1403", "ntaname.x": "Midwood", "comp_year": 2024.0, "ntaname.y": "Midwood", "units": 74.0, "units_cum": 658.0, "city_units": 49047.0, "city_units_cum": 260023.0 }, "geometry": { "type": "Point", "coordinates": [ -73.955592912277297, 40.620369040731269 ] } },
{ "type": "Feature", "properties": { "nta2020": "BK1403", "ntaname.x": "Midwood", "comp_year": 2025.0, "ntaname.y": "Midwood", "units": 64.0, "units_cum": 722.0, "city_units": 16734.0, "city_units_cum": 276757.0 }, "geometry": { "type": "Point", "coordinates": [ -73.955592912277297, 40.620369040731269 ] } },
{ "type": "Feature", "properties": { "nta2020": "BK1501", "ntaname.x": "Gravesend (East)-Homecrest", "comp_year": 2014.0, "ntaname.y": null, "units": 0.0, "units_cum": 0.0, "city_units": 4879.0, "city_units_cum": 4879.0 }, "geometry": { "type": "Point", "coordinates": [ -73.96586922061141, 40.599081768510906 ] } },
{ "type": "Feature", "properties": { "nta2020": "BK1501", "ntaname.x": "Gravesend (East)-Homecrest", "comp_year": 2015.0, "ntaname.y": null, "units": 0.0, "units_cum": 0.0, "city_units": 7562.0, "city_units_cum": 12441.0 }, "geometry": { "type": "Point", "coordinates": [ -73.96586922061141, 40.599081768510906 ] } },
{ "type": "Feature", "properties": { "nta2020": "BK1501", "ntaname.x": "Gravesend (East)-Homecrest", "comp_year": 2016.0, "ntaname.y": null, "units": 0.0, "units_cum": 0.0, "city_units": 15015.0, "city_units_cum": 27456.0 }, "geometry": { "type": "Point", "coordinates": [ -73.96586922061141, 40.599081768510906 ] } },
{ "type": "Feature", "properties": { "nta2020": "BK1501", "ntaname.x": "Gravesend (East)-Homecrest", "comp_year": 2017.0, "ntaname.y": "Gravesend (East)-Homecrest", "units": 74.0, "units_cum": 74.0, "city_units": 25343.0, "city_units_cum": 52799.0 }, "geometry": { "type": "Point", "coordinates": [ -73.96586922061141, 40.599081768510906 ] } },
{ "type": "Feature", "properties": { "nta2020": "BK1501", "ntaname.x": "Gravesend (East)-Homecrest", "comp_year": 2018.0, "ntaname.y": null, "units": 0.0, "units_cum": 74.0, "city_units": 33764.0, "city_units_cum": 86563.0 }, "geometry": { "type": "Point", "coordinates": [ -73.96586922061141, 40.599081768510906 ] } },
{ "type": "Feature", "properties": { "nta2020": "BK1501", "ntaname.x": "Gravesend (East)-Homecrest", "comp_year": 2019.0, "ntaname.y": null, "units": 0.0, "units_cum": 74.0, "city_units": 29408.0, "city_units_cum": 115971.0 }, "geometry": { "type": "Point", "coordinates": [ -73.96586922061141, 40.599081768510906 ] } },
{ "type": "Feature", "properties": { "nta2020": "BK1501", "ntaname.x": "Gravesend (East)-Homecrest", "comp_year": 2020.0, "ntaname.y": "Gravesend (East)-Homecrest", "units": 28.0, "units_cum": 102.0, "city_units": 18916.0, "city_units_cum": 134887.0 }, "geometry": { "type": "Point", "coordinates": [ -73.96586922061141, 40.599081768510906 ] } },
{ "type": "Feature", "properties": { "nta2020": "BK1501", "ntaname.x": "Gravesend (East)-Homecrest", "comp_year": 2021.0, "ntaname.y": null, "units": 0.0, "units_cum": 102.0, "city_units": 20786.0, "city_units_cum": 155673.0 }, "geometry": { "type": "Point", "coordinates": [ -73.96586922061141, 40.599081768510906 ] } },
{ "type": "Feature", "properties": { "nta2020": "BK1501", "ntaname.x": "Gravesend (East)-Homecrest", "comp_year": 2022.0, "ntaname.y": "Gravesend (East)-Homecrest", "units": 43.0, "units_cum": 145.0, "city_units": 19919.0, "city_units_cum": 175592.0 }, "geometry": { "type": "Point", "coordinates": [ -73.96586922061141, 40.599081768510906 ] } },
{ "type": "Feature", "properties": { "nta2020": "BK1501", "ntaname.x": "Gravesend (East)-Homecrest", "comp_year": 2023.0, "ntaname.y": null, "units": 0.0, "units_cum": 145.0, "city_units": 35384.0, "city_units_cum": 210976.0 }, "geometry": { "type": "Point", "coordinates": [ -73.96586922061141, 40.599081768510906 ] } },
{ "type": "Feature", "properties": { "nta2020": "BK1501", "ntaname.x": "Gravesend (East)-Homecrest", "comp_year": 2024.0, "ntaname.y": "Gravesend (East)-Homecrest", "units": 6.0, "units_cum": 151.0, "city_units": 49047.0, "city_units_cum": 260023.0 }, "geometry": { "type": "Point", "coordinates": [ -73.96586922061141, 40.599081768510906 ] } },
{ "type": "Feature", "properties": { "nta2020": "BK1501", "ntaname.x": "Gravesend (East)-Homecrest", "comp_year": 2025.0, "ntaname.y": "Gravesend (East)-Homecrest", "units": 12.0, "units_cum": 163.0, "city_units": 16734.0, "city_units_cum": 276757.0 }, "geometry": { "type": "Point", "coordinates": [ -73.96586922061141, 40.599081768510906 ] } },
{ "type": "Feature", "properties": { "nta2020": "BK1502", "ntaname.x": "Madison", "comp_year": 2014.0, "ntaname.y": null, "units": 0.0, "units_cum": 0.0, "city_units": 4879.0, "city_units_cum": 4879.0 }, "geometry": { "type": "Point", "coordinates": [ -73.948135628043531, 40.604913458240333 ] } },
{ "type": "Feature", "properties": { "nta2020": "BK1502", "ntaname.x": "Madison", "comp_year": 2015.0, "ntaname.y": null, "units": 0.0, "units_cum": 0.0, "city_units": 7562.0, "city_units_cum": 12441.0 }, "geometry": { "type": "Point", "coordinates": [ -73.948135628043531, 40.604913458240333 ] } },
{ "type": "Feature", "properties": { "nta2020": "BK1502", "ntaname.x": "Madison", "comp_year": 2016.0, "ntaname.y": null, "units": 0.0, "units_cum": 0.0, "city_units": 15015.0, "city_units_cum": 27456.0 }, "geometry": { "type": "Point", "coordinates": [ -73.948135628043531, 40.604913458240333 ] } },
{ "type": "Feature", "properties": { "nta2020": "BK1502", "ntaname.x": "Madison", "comp_year": 2017.0, "ntaname.y": null, "units": 0.0, "units_cum": 0.0, "city_units": 25343.0, "city_units_cum": 52799.0 }, "geometry": { "type": "Point", "coordinates": [ -73.948135628043531, 40.604913458240333 ] } },
{ "type": "Feature", "properties": { "nta2020": "BK1502", "ntaname.x": "Madison", "comp_year": 2018.0, "ntaname.y": "Madison", "units": 29.0, "units_cum": 29.0, "city_units": 33764.0, "city_units_cum": 86563.0 }, "geometry": { "type": "Point", "coordinates": [ -73.948135628043531, 40.604913458240333 ] } },
{ "type": "Feature", "properties": { "nta2020": "BK1502", "ntaname.x": "Madison", "comp_year": 2019.0, "ntaname.y": null, "units": 0.0, "units_cum": 29.0, "city_units": 29408.0, "city_units_cum": 115971.0 }, "geometry": { "type": "Point", "coordinates": [ -73.948135628043531, 40.604913458240333 ] } },
{ "type": "Feature", "properties": { "nta2020": "BK1502", "ntaname.x": "Madison", "comp_year": 2020.0, "ntaname.y": "Madison", "units": 105.0, "units_cum": 134.0, "city_units": 18916.0, "city_units_cum": 134887.0 }, "geometry": { "type": "Point", "coordinates": [ -73.948135628043531, 40.604913458240333 ] } },
{ "type": "Feature", "properties": { "nta2020": "BK1502", "ntaname.x": "Madison", "comp_year": 2021.0, "ntaname.y": "Madison", "units": 35.0, "units_cum": 169.0, "city_units": 20786.0, "city_units_cum": 155673.0 }, "geometry": { "type": "Point", "coordinates": [ -73.948135628043531, 40.604913458240333 ] } },
{ "type": "Feature", "properties": { "nta2020": "BK1502", "ntaname.x": "Madison", "comp_year": 2022.0, "ntaname.y": null, "units": 0.0, "units_cum": 169.0, "city_units": 19919.0, "city_units_cum": 175592.0 }, "geometry": { "type": "Point", "coordinates": [ -73.948135628043531, 40.604913458240333 ] } },
{ "type": "Feature", "properties": { "nta2020": "BK1502", "ntaname.x": "Madison", "comp_year": 2023.0, "ntaname.y": "Madison", "units": 29.0, "units_cum": 198.0, "city_units": 35384.0, "city_units_cum": 210976.0 }, "geometry": { "type": "Point", "coordinates": [ -73.948135628043531, 40.604913458240333 ] } },
{ "type": "Feature", "properties": { "nta2020": "BK1502", "ntaname.x": "Madison", "comp_year": 2024.0, "ntaname.y": "Madison", "units": 19.0, "units_cum": 217.0, "city_units": 49047.0, "city_units_cum": 260023.0 }, "geometry": { "type": "Point", "coordinates": [ -73.948135628043531, 40.604913458240333 ] } },
{ "type": "Feature", "properties": { "nta2020": "BK1502", "ntaname.x": "Madison", "comp_year": 2025.0, "ntaname.y": "Madison", "units": 47.0, "units_cum": 264.0, "city_units": 16734.0, "city_units_cum": 276757.0 }, "geometry": { "type": "Point", "coordinates": [ -73.948135628043531, 40.604913458240333 ] } },
{ "type": "Feature", "properties": { "nta2020": "BK1503", "ntaname.x": "Sheepshead Bay-Manhattan Beach-Gerritsen Beach", "comp_year": 2014.0, "ntaname.y": null, "units": 0.0, "units_cum": 0.0, "city_units": 4879.0, "city_units_cum": 4879.0 }, "geometry": { "type": "Point", "coordinates": [ -73.941504465822874, 40.588298223805154 ] } },
{ "type": "Feature", "properties": { "nta2020": "BK1503", "ntaname.x": "Sheepshead Bay-Manhattan Beach-Gerritsen Beach", "comp_year": 2015.0, "ntaname.y": null, "units": 0.0, "units_cum": 0.0, "city_units": 7562.0, "city_units_cum": 12441.0 }, "geometry": { "type": "Point", "coordinates": [ -73.941504465822874, 40.588298223805154 ] } },
{ "type": "Feature", "properties": { "nta2020": "BK1503", "ntaname.x": "Sheepshead Bay-Manhattan Beach-Gerritsen Beach", "comp_year": 2016.0, "ntaname.y": null, "units": 0.0, "units_cum": 0.0, "city_units": 15015.0, "city_units_cum": 27456.0 }, "geometry": { "type": "Point", "coordinates": [ -73.941504465822874, 40.588298223805154 ] } },
{ "type": "Feature", "properties": { "nta2020": "BK1503", "ntaname.x": "Sheepshead Bay-Manhattan Beach-Gerritsen Beach", "comp_year": 2017.0, "ntaname.y": null, "units": 0.0, "units_cum": 0.0, "city_units": 25343.0, "city_units_cum": 52799.0 }, "geometry": { "type": "Point", "coordinates": [ -73.941504465822874, 40.588298223805154 ] } },
{ "type": "Feature", "properties": { "nta2020": "BK1503", "ntaname.x": "Sheepshead Bay-Manhattan Beach-Gerritsen Beach", "comp_year": 2018.0, "ntaname.y": "Sheepshead Bay-Manhattan Beach-Gerritsen Beach", "units": 540.0, "units_cum": 540.0, "city_units": 33764.0, "city_units_cum": 86563.0 }, "geometry": { "type": "Point", "coordinates": [ -73.941504465822874, 40.588298223805154 ] } },
{ "type": "Feature", "properties": { "nta2020": "BK1503", "ntaname.x": "Sheepshead Bay-Manhattan Beach-Gerritsen Beach", "comp_year": 2019.0, "ntaname.y": null, "units": 0.0, "units_cum": 540.0, "city_units": 29408.0, "city_units_cum": 115971.0 }, "geometry": { "type": "Point", "coordinates": [ -73.941504465822874, 40.588298223805154 ] } },
{ "type": "Feature", "properties": { "nta2020": "BK1503", "ntaname.x": "Sheepshead Bay-Manhattan Beach-Gerritsen Beach", "comp_year": 2020.0, "ntaname.y": "Sheepshead Bay-Manhattan Beach-Gerritsen Beach", "units": 357.0, "units_cum": 897.0, "city_units": 18916.0, "city_units_cum": 134887.0 }, "geometry": { "type": "Point", "coordinates": [ -73.941504465822874, 40.588298223805154 ] } },
{ "type": "Feature", "properties": { "nta2020": "BK1503", "ntaname.x": "Sheepshead Bay-Manhattan Beach-Gerritsen Beach", "comp_year": 2021.0, "ntaname.y": "Sheepshead Bay-Manhattan Beach-Gerritsen Beach", "units": 83.0, "units_cum": 980.0, "city_units": 20786.0, "city_units_cum": 155673.0 }, "geometry": { "type": "Point", "coordinates": [ -73.941504465822874, 40.588298223805154 ] } },
{ "type": "Feature", "properties": { "nta2020": "BK1503", "ntaname.x": "Sheepshead Bay-Manhattan Beach-Gerritsen Beach", "comp_year": 2022.0, "ntaname.y": "Sheepshead Bay-Manhattan Beach-Gerritsen Beach", "units": 30.0, "units_cum": 1010.0, "city_units": 19919.0, "city_units_cum": 175592.0 }, "geometry": { "type": "Point", "coordinates": [ -73.941504465822874, 40.588298223805154 ] } },
{ "type": "Feature", "properties": { "nta2020": "BK1503", "ntaname.x": "Sheepshead Bay-Manhattan Beach-Gerritsen Beach", "comp_year": 2023.0, "ntaname.y": "Sheepshead Bay-Manhattan Beach-Gerritsen Beach", "units": 64.0, "units_cum": 1074.0, "city_units": 35384.0, "city_units_cum": 210976.0 }, "geometry": { "type": "Point", "coordinates": [ -73.941504465822874, 40.588298223805154 ] } },
{ "type": "Feature", "properties": { "nta2020": "BK1503", "ntaname.x": "Sheepshead Bay-Manhattan Beach-Gerritsen Beach", "comp_year": 2024.0, "ntaname.y": "Sheepshead Bay-Manhattan Beach-Gerritsen Beach", "units": 9.0, "units_cum": 1083.0, "city_units": 49047.0, "city_units_cum": 260023.0 }, "geometry": { "type": "Point", "coordinates": [ -73.941504465822874, 40.588298223805154 ] } },
{ "type": "Feature", "properties": { "nta2020": "BK1503", "ntaname.x": "Sheepshead Bay-Manhattan Beach-Gerritsen Beach", "comp_year": 2025.0, "ntaname.y": "Sheepshead Bay-Manhattan Beach-Gerritsen Beach", "units": 36.0, "units_cum": 1119.0, "city_units": 16734.0, "city_units_cum": 276757.0 }, "geometry": { "type": "Point", "coordinates": [ -73.941504465822874, 40.588298223805154 ] } },
{ "type": "Feature", "properties": { "nta2020": "BK1601", "ntaname.x": "Ocean Hill", "comp_year": 2014.0, "ntaname.y": null, "units": 0.0, "units_cum": 0.0, "city_units": 4879.0, "city_units_cum": 4879.0 }, "geometry": { "type": "Point", "coordinates": [ -73.913647536504357, 40.676637281077909 ] } },
{ "type": "Feature", "properties": { "nta2020": "BK1601", "ntaname.x": "Ocean Hill", "comp_year": 2015.0, "ntaname.y": null, "units": 0.0, "units_cum": 0.0, "city_units": 7562.0, "city_units_cum": 12441.0 }, "geometry": { "type": "Point", "coordinates": [ -73.913647536504357, 40.676637281077909 ] } },
{ "type": "Feature", "properties": { "nta2020": "BK1601", "ntaname.x": "Ocean Hill", "comp_year": 2016.0, "ntaname.y": "Ocean Hill", "units": 1235.0, "units_cum": 1235.0, "city_units": 15015.0, "city_units_cum": 27456.0 }, "geometry": { "type": "Point", "coordinates": [ -73.913647536504357, 40.676637281077909 ] } },
{ "type": "Feature", "properties": { "nta2020": "BK1601", "ntaname.x": "Ocean Hill", "comp_year": 2017.0, "ntaname.y": "Ocean Hill", "units": 382.0, "units_cum": 1617.0, "city_units": 25343.0, "city_units_cum": 52799.0 }, "geometry": { "type": "Point", "coordinates": [ -73.913647536504357, 40.676637281077909 ] } },
{ "type": "Feature", "properties": { "nta2020": "BK1601", "ntaname.x": "Ocean Hill", "comp_year": 2018.0, "ntaname.y": "Ocean Hill", "units": 341.0, "units_cum": 1958.0, "city_units": 33764.0, "city_units_cum": 86563.0 }, "geometry": { "type": "Point", "coordinates": [ -73.913647536504357, 40.676637281077909 ] } },
{ "type": "Feature", "properties": { "nta2020": "BK1601", "ntaname.x": "Ocean Hill", "comp_year": 2019.0, "ntaname.y": "Ocean Hill", "units": 86.0, "units_cum": 2044.0, "city_units": 29408.0, "city_units_cum": 115971.0 }, "geometry": { "type": "Point", "coordinates": [ -73.913647536504357, 40.676637281077909 ] } },
{ "type": "Feature", "properties": { "nta2020": "BK1601", "ntaname.x": "Ocean Hill", "comp_year": 2020.0, "ntaname.y": "Ocean Hill", "units": 49.0, "units_cum": 2093.0, "city_units": 18916.0, "city_units_cum": 134887.0 }, "geometry": { "type": "Point", "coordinates": [ -73.913647536504357, 40.676637281077909 ] } },
{ "type": "Feature", "properties": { "nta2020": "BK1601", "ntaname.x": "Ocean Hill", "comp_year": 2021.0, "ntaname.y": "Ocean Hill", "units": 118.0, "units_cum": 2211.0, "city_units": 20786.0, "city_units_cum": 155673.0 }, "geometry": { "type": "Point", "coordinates": [ -73.913647536504357, 40.676637281077909 ] } },
{ "type": "Feature", "properties": { "nta2020": "BK1601", "ntaname.x": "Ocean Hill", "comp_year": 2022.0, "ntaname.y": "Ocean Hill", "units": 306.0, "units_cum": 2517.0, "city_units": 19919.0, "city_units_cum": 175592.0 }, "geometry": { "type": "Point", "coordinates": [ -73.913647536504357, 40.676637281077909 ] } },
{ "type": "Feature", "properties": { "nta2020": "BK1601", "ntaname.x": "Ocean Hill", "comp_year": 2023.0, "ntaname.y": "Ocean Hill", "units": 287.0, "units_cum": 2804.0, "city_units": 35384.0, "city_units_cum": 210976.0 }, "geometry": { "type": "Point", "coordinates": [ -73.913647536504357, 40.676637281077909 ] } },
{ "type": "Feature", "properties": { "nta2020": "BK1601", "ntaname.x": "Ocean Hill", "comp_year": 2024.0, "ntaname.y": "Ocean Hill", "units": 464.0, "units_cum": 3268.0, "city_units": 49047.0, "city_units_cum": 260023.0 }, "geometry": { "type": "Point", "coordinates": [ -73.913647536504357, 40.676637281077909 ] } },
{ "type": "Feature", "properties": { "nta2020": "BK1601", "ntaname.x": "Ocean Hill", "comp_year": 2025.0, "ntaname.y": "Ocean Hill", "units": 24.0, "units_cum": 3292.0, "city_units": 16734.0, "city_units_cum": 276757.0 }, "geometry": { "type": "Point", "coordinates": [ -73.913647536504357, 40.676637281077909 ] } },
{ "type": "Feature", "properties": { "nta2020": "BK1602", "ntaname.x": "Brownsville", "comp_year": 2014.0, "ntaname.y": null, "units": 0.0, "units_cum": 0.0, "city_units": 4879.0, "city_units_cum": 4879.0 }, "geometry": { "type": "Point", "coordinates": [ -73.909522217752965, 40.664046698695465 ] } },
{ "type": "Feature", "properties": { "nta2020": "BK1602", "ntaname.x": "Brownsville", "comp_year": 2015.0, "ntaname.y": null, "units": 0.0, "units_cum": 0.0, "city_units": 7562.0, "city_units_cum": 12441.0 }, "geometry": { "type": "Point", "coordinates": [ -73.909522217752965, 40.664046698695465 ] } },
{ "type": "Feature", "properties": { "nta2020": "BK1602", "ntaname.x": "Brownsville", "comp_year": 2016.0, "ntaname.y": "Brownsville", "units": 625.0, "units_cum": 625.0, "city_units": 15015.0, "city_units_cum": 27456.0 }, "geometry": { "type": "Point", "coordinates": [ -73.909522217752965, 40.664046698695465 ] } },
{ "type": "Feature", "properties": { "nta2020": "BK1602", "ntaname.x": "Brownsville", "comp_year": 2017.0, "ntaname.y": "Brownsville", "units": 270.0, "units_cum": 895.0, "city_units": 25343.0, "city_units_cum": 52799.0 }, "geometry": { "type": "Point", "coordinates": [ -73.909522217752965, 40.664046698695465 ] } },
{ "type": "Feature", "properties": { "nta2020": "BK1602", "ntaname.x": "Brownsville", "comp_year": 2018.0, "ntaname.y": "Brownsville", "units": 38.0, "units_cum": 933.0, "city_units": 33764.0, "city_units_cum": 86563.0 }, "geometry": { "type": "Point", "coordinates": [ -73.909522217752965, 40.664046698695465 ] } },
{ "type": "Feature", "properties": { "nta2020": "BK1602", "ntaname.x": "Brownsville", "comp_year": 2019.0, "ntaname.y": "Brownsville", "units": 77.0, "units_cum": 1010.0, "city_units": 29408.0, "city_units_cum": 115971.0 }, "geometry": { "type": "Point", "coordinates": [ -73.909522217752965, 40.664046698695465 ] } },
{ "type": "Feature", "properties": { "nta2020": "BK1602", "ntaname.x": "Brownsville", "comp_year": 2020.0, "ntaname.y": "Brownsville", "units": 830.0, "units_cum": 1840.0, "city_units": 18916.0, "city_units_cum": 134887.0 }, "geometry": { "type": "Point", "coordinates": [ -73.909522217752965, 40.664046698695465 ] } },
{ "type": "Feature", "properties": { "nta2020": "BK1602", "ntaname.x": "Brownsville", "comp_year": 2021.0, "ntaname.y": "Brownsville", "units": 188.0, "units_cum": 2028.0, "city_units": 20786.0, "city_units_cum": 155673.0 }, "geometry": { "type": "Point", "coordinates": [ -73.909522217752965, 40.664046698695465 ] } },
{ "type": "Feature", "properties": { "nta2020": "BK1602", "ntaname.x": "Brownsville", "comp_year": 2022.0, "ntaname.y": "Brownsville", "units": 310.0, "units_cum": 2338.0, "city_units": 19919.0, "city_units_cum": 175592.0 }, "geometry": { "type": "Point", "coordinates": [ -73.909522217752965, 40.664046698695465 ] } },
{ "type": "Feature", "properties": { "nta2020": "BK1602", "ntaname.x": "Brownsville", "comp_year": 2023.0, "ntaname.y": "Brownsville", "units": 364.0, "units_cum": 2702.0, "city_units": 35384.0, "city_units_cum": 210976.0 }, "geometry": { "type": "Point", "coordinates": [ -73.909522217752965, 40.664046698695465 ] } },
{ "type": "Feature", "properties": { "nta2020": "BK1602", "ntaname.x": "Brownsville", "comp_year": 2024.0, "ntaname.y": "Brownsville", "units": 172.0, "units_cum": 2874.0, "city_units": 49047.0, "city_units_cum": 260023.0 }, "geometry": { "type": "Point", "coordinates": [ -73.909522217752965, 40.664046698695465 ] } },
{ "type": "Feature", "properties": { "nta2020": "BK1602", "ntaname.x": "Brownsville", "comp_year": 2025.0, "ntaname.y": "Brownsville", "units": 396.0, "units_cum": 3270.0, "city_units": 16734.0, "city_units_cum": 276757.0 }, "geometry": { "type": "Point", "coordinates": [ -73.909522217752965, 40.664046698695465 ] } },
{ "type": "Feature", "properties": { "nta2020": "BK1701", "ntaname.x": "East Flatbush-Erasmus", "comp_year": 2014.0, "ntaname.y": null, "units": 0.0, "units_cum": 0.0, "city_units": 4879.0, "city_units_cum": 4879.0 }, "geometry": { "type": "Point", "coordinates": [ -73.950138466125324, 40.648551026798017 ] } },
{ "type": "Feature", "properties": { "nta2020": "BK1701", "ntaname.x": "East Flatbush-Erasmus", "comp_year": 2015.0, "ntaname.y": null, "units": 0.0, "units_cum": 0.0, "city_units": 7562.0, "city_units_cum": 12441.0 }, "geometry": { "type": "Point", "coordinates": [ -73.950138466125324, 40.648551026798017 ] } },
{ "type": "Feature", "properties": { "nta2020": "BK1701", "ntaname.x": "East Flatbush-Erasmus", "comp_year": 2016.0, "ntaname.y": null, "units": 0.0, "units_cum": 0.0, "city_units": 15015.0, "city_units_cum": 27456.0 }, "geometry": { "type": "Point", "coordinates": [ -73.950138466125324, 40.648551026798017 ] } },
{ "type": "Feature", "properties": { "nta2020": "BK1701", "ntaname.x": "East Flatbush-Erasmus", "comp_year": 2017.0, "ntaname.y": null, "units": 0.0, "units_cum": 0.0, "city_units": 25343.0, "city_units_cum": 52799.0 }, "geometry": { "type": "Point", "coordinates": [ -73.950138466125324, 40.648551026798017 ] } },
{ "type": "Feature", "properties": { "nta2020": "BK1701", "ntaname.x": "East Flatbush-Erasmus", "comp_year": 2018.0, "ntaname.y": "East Flatbush-Erasmus", "units": 24.0, "units_cum": 24.0, "city_units": 33764.0, "city_units_cum": 86563.0 }, "geometry": { "type": "Point", "coordinates": [ -73.950138466125324, 40.648551026798017 ] } },
{ "type": "Feature", "properties": { "nta2020": "BK1701", "ntaname.x": "East Flatbush-Erasmus", "comp_year": 2019.0, "ntaname.y": "East Flatbush-Erasmus", "units": 370.0, "units_cum": 394.0, "city_units": 29408.0, "city_units_cum": 115971.0 }, "geometry": { "type": "Point", "coordinates": [ -73.950138466125324, 40.648551026798017 ] } },
{ "type": "Feature", "properties": { "nta2020": "BK1701", "ntaname.x": "East Flatbush-Erasmus", "comp_year": 2020.0, "ntaname.y": "East Flatbush-Erasmus", "units": 712.0, "units_cum": 1106.0, "city_units": 18916.0, "city_units_cum": 134887.0 }, "geometry": { "type": "Point", "coordinates": [ -73.950138466125324, 40.648551026798017 ] } },
{ "type": "Feature", "properties": { "nta2020": "BK1701", "ntaname.x": "East Flatbush-Erasmus", "comp_year": 2021.0, "ntaname.y": "East Flatbush-Erasmus", "units": 453.0, "units_cum": 1559.0, "city_units": 20786.0, "city_units_cum": 155673.0 }, "geometry": { "type": "Point", "coordinates": [ -73.950138466125324, 40.648551026798017 ] } },
{ "type": "Feature", "properties": { "nta2020": "BK1701", "ntaname.x": "East Flatbush-Erasmus", "comp_year": 2022.0, "ntaname.y": "East Flatbush-Erasmus", "units": 389.0, "units_cum": 1948.0, "city_units": 19919.0, "city_units_cum": 175592.0 }, "geometry": { "type": "Point", "coordinates": [ -73.950138466125324, 40.648551026798017 ] } },
{ "type": "Feature", "properties": { "nta2020": "BK1701", "ntaname.x": "East Flatbush-Erasmus", "comp_year": 2023.0, "ntaname.y": "East Flatbush-Erasmus", "units": 421.0, "units_cum": 2369.0, "city_units": 35384.0, "city_units_cum": 210976.0 }, "geometry": { "type": "Point", "coordinates": [ -73.950138466125324, 40.648551026798017 ] } },
{ "type": "Feature", "properties": { "nta2020": "BK1701", "ntaname.x": "East Flatbush-Erasmus", "comp_year": 2024.0, "ntaname.y": "East Flatbush-Erasmus", "units": 427.0, "units_cum": 2796.0, "city_units": 49047.0, "city_units_cum": 260023.0 }, "geometry": { "type": "Point", "coordinates": [ -73.950138466125324, 40.648551026798017 ] } },
{ "type": "Feature", "properties": { "nta2020": "BK1701", "ntaname.x": "East Flatbush-Erasmus", "comp_year": 2025.0, "ntaname.y": "East Flatbush-Erasmus", "units": 76.0, "units_cum": 2872.0, "city_units": 16734.0, "city_units_cum": 276757.0 }, "geometry": { "type": "Point", "coordinates": [ -73.950138466125324, 40.648551026798017 ] } },
{ "type": "Feature", "properties": { "nta2020": "BK1702", "ntaname.x": "East Flatbush-Farragut", "comp_year": 2014.0, "ntaname.y": null, "units": 0.0, "units_cum": 0.0, "city_units": 4879.0, "city_units_cum": 4879.0 }, "geometry": { "type": "Point", "coordinates": [ -73.937636962359761, 40.639146238829447 ] } },
{ "type": "Feature", "properties": { "nta2020": "BK1702", "ntaname.x": "East Flatbush-Farragut", "comp_year": 2015.0, "ntaname.y": null, "units": 0.0, "units_cum": 0.0, "city_units": 7562.0, "city_units_cum": 12441.0 }, "geometry": { "type": "Point", "coordinates": [ -73.937636962359761, 40.639146238829447 ] } },
{ "type": "Feature", "properties": { "nta2020": "BK1702", "ntaname.x": "East Flatbush-Farragut", "comp_year": 2016.0, "ntaname.y": null, "units": 0.0, "units_cum": 0.0, "city_units": 15015.0, "city_units_cum": 27456.0 }, "geometry": { "type": "Point", "coordinates": [ -73.937636962359761, 40.639146238829447 ] } },
{ "type": "Feature", "properties": { "nta2020": "BK1702", "ntaname.x": "East Flatbush-Farragut", "comp_year": 2017.0, "ntaname.y": null, "units": 0.0, "units_cum": 0.0, "city_units": 25343.0, "city_units_cum": 52799.0 }, "geometry": { "type": "Point", "coordinates": [ -73.937636962359761, 40.639146238829447 ] } },
{ "type": "Feature", "properties": { "nta2020": "BK1702", "ntaname.x": "East Flatbush-Farragut", "comp_year": 2018.0, "ntaname.y": null, "units": 0.0, "units_cum": 0.0, "city_units": 33764.0, "city_units_cum": 86563.0 }, "geometry": { "type": "Point", "coordinates": [ -73.937636962359761, 40.639146238829447 ] } },
{ "type": "Feature", "properties": { "nta2020": "BK1702", "ntaname.x": "East Flatbush-Farragut", "comp_year": 2019.0, "ntaname.y": "East Flatbush-Farragut", "units": 71.0, "units_cum": 71.0, "city_units": 29408.0, "city_units_cum": 115971.0 }, "geometry": { "type": "Point", "coordinates": [ -73.937636962359761, 40.639146238829447 ] } },
{ "type": "Feature", "properties": { "nta2020": "BK1702", "ntaname.x": "East Flatbush-Farragut", "comp_year": 2020.0, "ntaname.y": "East Flatbush-Farragut", "units": 114.0, "units_cum": 185.0, "city_units": 18916.0, "city_units_cum": 134887.0 }, "geometry": { "type": "Point", "coordinates": [ -73.937636962359761, 40.639146238829447 ] } },
{ "type": "Feature", "properties": { "nta2020": "BK1702", "ntaname.x": "East Flatbush-Farragut", "comp_year": 2021.0, "ntaname.y": "East Flatbush-Farragut", "units": 225.0, "units_cum": 410.0, "city_units": 20786.0, "city_units_cum": 155673.0 }, "geometry": { "type": "Point", "coordinates": [ -73.937636962359761, 40.639146238829447 ] } },
{ "type": "Feature", "properties": { "nta2020": "BK1702", "ntaname.x": "East Flatbush-Farragut", "comp_year": 2022.0, "ntaname.y": "East Flatbush-Farragut", "units": 199.0, "units_cum": 609.0, "city_units": 19919.0, "city_units_cum": 175592.0 }, "geometry": { "type": "Point", "coordinates": [ -73.937636962359761, 40.639146238829447 ] } },
{ "type": "Feature", "properties": { "nta2020": "BK1702", "ntaname.x": "East Flatbush-Farragut", "comp_year": 2023.0, "ntaname.y": "East Flatbush-Farragut", "units": 258.0, "units_cum": 867.0, "city_units": 35384.0, "city_units_cum": 210976.0 }, "geometry": { "type": "Point", "coordinates": [ -73.937636962359761, 40.639146238829447 ] } },
{ "type": "Feature", "properties": { "nta2020": "BK1702", "ntaname.x": "East Flatbush-Farragut", "comp_year": 2024.0, "ntaname.y": "East Flatbush-Farragut", "units": 154.0, "units_cum": 1021.0, "city_units": 49047.0, "city_units_cum": 260023.0 }, "geometry": { "type": "Point", "coordinates": [ -73.937636962359761, 40.639146238829447 ] } },
{ "type": "Feature", "properties": { "nta2020": "BK1702", "ntaname.x": "East Flatbush-Farragut", "comp_year": 2025.0, "ntaname.y": "East Flatbush-Farragut", "units": 16.0, "units_cum": 1037.0, "city_units": 16734.0, "city_units_cum": 276757.0 }, "geometry": { "type": "Point", "coordinates": [ -73.937636962359761, 40.639146238829447 ] } },
{ "type": "Feature", "properties": { "nta2020": "BK1703", "ntaname.x": "East Flatbush-Rugby", "comp_year": 2014.0, "ntaname.y": null, "units": 0.0, "units_cum": 0.0, "city_units": 4879.0, "city_units_cum": 4879.0 }, "geometry": { "type": "Point", "coordinates": [ -73.929752596722437, 40.651546724186396 ] } },
{ "type": "Feature", "properties": { "nta2020": "BK1703", "ntaname.x": "East Flatbush-Rugby", "comp_year": 2015.0, "ntaname.y": null, "units": 0.0, "units_cum": 0.0, "city_units": 7562.0, "city_units_cum": 12441.0 }, "geometry": { "type": "Point", "coordinates": [ -73.929752596722437, 40.651546724186396 ] } },
{ "type": "Feature", "properties": { "nta2020": "BK1703", "ntaname.x": "East Flatbush-Rugby", "comp_year": 2016.0, "ntaname.y": null, "units": 0.0, "units_cum": 0.0, "city_units": 15015.0, "city_units_cum": 27456.0 }, "geometry": { "type": "Point", "coordinates": [ -73.929752596722437, 40.651546724186396 ] } },
{ "type": "Feature", "properties": { "nta2020": "BK1703", "ntaname.x": "East Flatbush-Rugby", "comp_year": 2017.0, "ntaname.y": null, "units": 0.0, "units_cum": 0.0, "city_units": 25343.0, "city_units_cum": 52799.0 }, "geometry": { "type": "Point", "coordinates": [ -73.929752596722437, 40.651546724186396 ] } },
{ "type": "Feature", "properties": { "nta2020": "BK1703", "ntaname.x": "East Flatbush-Rugby", "comp_year": 2018.0, "ntaname.y": null, "units": 0.0, "units_cum": 0.0, "city_units": 33764.0, "city_units_cum": 86563.0 }, "geometry": { "type": "Point", "coordinates": [ -73.929752596722437, 40.651546724186396 ] } },
{ "type": "Feature", "properties": { "nta2020": "BK1703", "ntaname.x": "East Flatbush-Rugby", "comp_year": 2019.0, "ntaname.y": null, "units": 0.0, "units_cum": 0.0, "city_units": 29408.0, "city_units_cum": 115971.0 }, "geometry": { "type": "Point", "coordinates": [ -73.929752596722437, 40.651546724186396 ] } },
{ "type": "Feature", "properties": { "nta2020": "BK1703", "ntaname.x": "East Flatbush-Rugby", "comp_year": 2020.0, "ntaname.y": null, "units": 0.0, "units_cum": 0.0, "city_units": 18916.0, "city_units_cum": 134887.0 }, "geometry": { "type": "Point", "coordinates": [ -73.929752596722437, 40.651546724186396 ] } },
{ "type": "Feature", "properties": { "nta2020": "BK1703", "ntaname.x": "East Flatbush-Rugby", "comp_year": 2021.0, "ntaname.y": null, "units": 0.0, "units_cum": 0.0, "city_units": 20786.0, "city_units_cum": 155673.0 }, "geometry": { "type": "Point", "coordinates": [ -73.929752596722437, 40.651546724186396 ] } },
{ "type": "Feature", "properties": { "nta2020": "BK1703", "ntaname.x": "East Flatbush-Rugby", "comp_year": 2022.0, "ntaname.y": "East Flatbush-Rugby", "units": 8.0, "units_cum": 8.0, "city_units": 19919.0, "city_units_cum": 175592.0 }, "geometry": { "type": "Point", "coordinates": [ -73.929752596722437, 40.651546724186396 ] } },
{ "type": "Feature", "properties": { "nta2020": "BK1703", "ntaname.x": "East Flatbush-Rugby", "comp_year": 2023.0, "ntaname.y": "East Flatbush-Rugby", "units": 27.0, "units_cum": 35.0, "city_units": 35384.0, "city_units_cum": 210976.0 }, "geometry": { "type": "Point", "coordinates": [ -73.929752596722437, 40.651546724186396 ] } },
{ "type": "Feature", "properties": { "nta2020": "BK1703", "ntaname.x": "East Flatbush-Rugby", "comp_year": 2024.0, "ntaname.y": "East Flatbush-Rugby", "units": 8.0, "units_cum": 43.0, "city_units": 49047.0, "city_units_cum": 260023.0 }, "geometry": { "type": "Point", "coordinates": [ -73.929752596722437, 40.651546724186396 ] } },
{ "type": "Feature", "properties": { "nta2020": "BK1703", "ntaname.x": "East Flatbush-Rugby", "comp_year": 2025.0, "ntaname.y": "East Flatbush-Rugby", "units": 8.0, "units_cum": 51.0, "city_units": 16734.0, "city_units_cum": 276757.0 }, "geometry": { "type": "Point", "coordinates": [ -73.929752596722437, 40.651546724186396 ] } },
{ "type": "Feature", "properties": { "nta2020": "BK1704", "ntaname.x": "East Flatbush-Remsen Village", "comp_year": 2014.0, "ntaname.y": null, "units": 0.0, "units_cum": 0.0, "city_units": 4879.0, "city_units_cum": 4879.0 }, "geometry": { "type": "Point", "coordinates": [ -73.919168954412399, 40.656215917353123 ] } },
{ "type": "Feature", "properties": { "nta2020": "BK1704", "ntaname.x": "East Flatbush-Remsen Village", "comp_year": 2015.0, "ntaname.y": null, "units": 0.0, "units_cum": 0.0, "city_units": 7562.0, "city_units_cum": 12441.0 }, "geometry": { "type": "Point", "coordinates": [ -73.919168954412399, 40.656215917353123 ] } },
{ "type": "Feature", "properties": { "nta2020": "BK1704", "ntaname.x": "East Flatbush-Remsen Village", "comp_year": 2016.0, "ntaname.y": null, "units": 0.0, "units_cum": 0.0, "city_units": 15015.0, "city_units_cum": 27456.0 }, "geometry": { "type": "Point", "coordinates": [ -73.919168954412399, 40.656215917353123 ] } },
{ "type": "Feature", "properties": { "nta2020": "BK1704", "ntaname.x": "East Flatbush-Remsen Village", "comp_year": 2017.0, "ntaname.y": "East Flatbush-Remsen Village", "units": 102.0, "units_cum": 102.0, "city_units": 25343.0, "city_units_cum": 52799.0 }, "geometry": { "type": "Point", "coordinates": [ -73.919168954412399, 40.656215917353123 ] } },
{ "type": "Feature", "properties": { "nta2020": "BK1704", "ntaname.x": "East Flatbush-Remsen Village", "comp_year": 2018.0, "ntaname.y": null, "units": 0.0, "units_cum": 102.0, "city_units": 33764.0, "city_units_cum": 86563.0 }, "geometry": { "type": "Point", "coordinates": [ -73.919168954412399, 40.656215917353123 ] } },
{ "type": "Feature", "properties": { "nta2020": "BK1704", "ntaname.x": "East Flatbush-Remsen Village", "comp_year": 2019.0, "ntaname.y": null, "units": 0.0, "units_cum": 102.0, "city_units": 29408.0, "city_units_cum": 115971.0 }, "geometry": { "type": "Point", "coordinates": [ -73.919168954412399, 40.656215917353123 ] } },
{ "type": "Feature", "properties": { "nta2020": "BK1704", "ntaname.x": "East Flatbush-Remsen Village", "comp_year": 2020.0, "ntaname.y": null, "units": 0.0, "units_cum": 102.0, "city_units": 18916.0, "city_units_cum": 134887.0 }, "geometry": { "type": "Point", "coordinates": [ -73.919168954412399, 40.656215917353123 ] } },
{ "type": "Feature", "properties": { "nta2020": "BK1704", "ntaname.x": "East Flatbush-Remsen Village", "comp_year": 2021.0, "ntaname.y": "East Flatbush-Remsen Village", "units": 10.0, "units_cum": 112.0, "city_units": 20786.0, "city_units_cum": 155673.0 }, "geometry": { "type": "Point", "coordinates": [ -73.919168954412399, 40.656215917353123 ] } },
{ "type": "Feature", "properties": { "nta2020": "BK1704", "ntaname.x": "East Flatbush-Remsen Village", "comp_year": 2022.0, "ntaname.y": "East Flatbush-Remsen Village", "units": 39.0, "units_cum": 151.0, "city_units": 19919.0, "city_units_cum": 175592.0 }, "geometry": { "type": "Point", "coordinates": [ -73.919168954412399, 40.656215917353123 ] } },
{ "type": "Feature", "properties": { "nta2020": "BK1704", "ntaname.x": "East Flatbush-Remsen Village", "comp_year": 2023.0, "ntaname.y": null, "units": 0.0, "units_cum": 151.0, "city_units": 35384.0, "city_units_cum": 210976.0 }, "geometry": { "type": "Point", "coordinates": [ -73.919168954412399, 40.656215917353123 ] } },
{ "type": "Feature", "properties": { "nta2020": "BK1704", "ntaname.x": "East Flatbush-Remsen Village", "comp_year": 2024.0, "ntaname.y": null, "units": 0.0, "units_cum": 151.0, "city_units": 49047.0, "city_units_cum": 260023.0 }, "geometry": { "type": "Point", "coordinates": [ -73.919168954412399, 40.656215917353123 ] } },
{ "type": "Feature", "properties": { "nta2020": "BK1704", "ntaname.x": "East Flatbush-Remsen Village", "comp_year": 2025.0, "ntaname.y": null, "units": 0.0, "units_cum": 151.0, "city_units": 16734.0, "city_units_cum": 276757.0 }, "geometry": { "type": "Point", "coordinates": [ -73.919168954412399, 40.656215917353123 ] } },
{ "type": "Feature", "properties": { "nta2020": "BK1771", "ntaname.x": "Holy Cross Cemetery", "comp_year": null, "ntaname.y": null, "units": null, "units_cum": null, "city_units": null, "city_units_cum": null }, "geometry": { "type": "Point", "coordinates": [ -73.938253065362829, 40.646980647847606 ] } },
{ "type": "Feature", "properties": { "nta2020": "BK1801", "ntaname.x": "Flatlands", "comp_year": 2014.0, "ntaname.y": null, "units": 0.0, "units_cum": 0.0, "city_units": 4879.0, "city_units_cum": 4879.0 }, "geometry": { "type": "Point", "coordinates": [ -73.930097308094915, 40.626274563147845 ] } },
{ "type": "Feature", "properties": { "nta2020": "BK1801", "ntaname.x": "Flatlands", "comp_year": 2015.0, "ntaname.y": null, "units": 0.0, "units_cum": 0.0, "city_units": 7562.0, "city_units_cum": 12441.0 }, "geometry": { "type": "Point", "coordinates": [ -73.930097308094915, 40.626274563147845 ] } },
{ "type": "Feature", "properties": { "nta2020": "BK1801", "ntaname.x": "Flatlands", "comp_year": 2016.0, "ntaname.y": null, "units": 0.0, "units_cum": 0.0, "city_units": 15015.0, "city_units_cum": 27456.0 }, "geometry": { "type": "Point", "coordinates": [ -73.930097308094915, 40.626274563147845 ] } },
{ "type": "Feature", "properties": { "nta2020": "BK1801", "ntaname.x": "Flatlands", "comp_year": 2017.0, "ntaname.y": null, "units": 0.0, "units_cum": 0.0, "city_units": 25343.0, "city_units_cum": 52799.0 }, "geometry": { "type": "Point", "coordinates": [ -73.930097308094915, 40.626274563147845 ] } },
{ "type": "Feature", "properties": { "nta2020": "BK1801", "ntaname.x": "Flatlands", "comp_year": 2018.0, "ntaname.y": null, "units": 0.0, "units_cum": 0.0, "city_units": 33764.0, "city_units_cum": 86563.0 }, "geometry": { "type": "Point", "coordinates": [ -73.930097308094915, 40.626274563147845 ] } },
{ "type": "Feature", "properties": { "nta2020": "BK1801", "ntaname.x": "Flatlands", "comp_year": 2019.0, "ntaname.y": null, "units": 0.0, "units_cum": 0.0, "city_units": 29408.0, "city_units_cum": 115971.0 }, "geometry": { "type": "Point", "coordinates": [ -73.930097308094915, 40.626274563147845 ] } },
{ "type": "Feature", "properties": { "nta2020": "BK1801", "ntaname.x": "Flatlands", "comp_year": 2020.0, "ntaname.y": null, "units": 0.0, "units_cum": 0.0, "city_units": 18916.0, "city_units_cum": 134887.0 }, "geometry": { "type": "Point", "coordinates": [ -73.930097308094915, 40.626274563147845 ] } },
{ "type": "Feature", "properties": { "nta2020": "BK1801", "ntaname.x": "Flatlands", "comp_year": 2021.0, "ntaname.y": null, "units": 0.0, "units_cum": 0.0, "city_units": 20786.0, "city_units_cum": 155673.0 }, "geometry": { "type": "Point", "coordinates": [ -73.930097308094915, 40.626274563147845 ] } },
{ "type": "Feature", "properties": { "nta2020": "BK1801", "ntaname.x": "Flatlands", "comp_year": 2022.0, "ntaname.y": null, "units": 0.0, "units_cum": 0.0, "city_units": 19919.0, "city_units_cum": 175592.0 }, "geometry": { "type": "Point", "coordinates": [ -73.930097308094915, 40.626274563147845 ] } },
{ "type": "Feature", "properties": { "nta2020": "BK1801", "ntaname.x": "Flatlands", "comp_year": 2023.0, "ntaname.y": "Flatlands", "units": 18.0, "units_cum": 18.0, "city_units": 35384.0, "city_units_cum": 210976.0 }, "geometry": { "type": "Point", "coordinates": [ -73.930097308094915, 40.626274563147845 ] } },
{ "type": "Feature", "properties": { "nta2020": "BK1801", "ntaname.x": "Flatlands", "comp_year": 2024.0, "ntaname.y": null, "units": 0.0, "units_cum": 18.0, "city_units": 49047.0, "city_units_cum": 260023.0 }, "geometry": { "type": "Point", "coordinates": [ -73.930097308094915, 40.626274563147845 ] } },
{ "type": "Feature", "properties": { "nta2020": "BK1801", "ntaname.x": "Flatlands", "comp_year": 2025.0, "ntaname.y": "Flatlands", "units": 64.0, "units_cum": 82.0, "city_units": 16734.0, "city_units_cum": 276757.0 }, "geometry": { "type": "Point", "coordinates": [ -73.930097308094915, 40.626274563147845 ] } },
{ "type": "Feature", "properties": { "nta2020": "BK1802", "ntaname.x": "Marine Park-Mill Basin-Bergen Beach", "comp_year": 2014.0, "ntaname.y": null, "units": 0.0, "units_cum": 0.0, "city_units": 4879.0, "city_units_cum": 4879.0 }, "geometry": { "type": "Point", "coordinates": [ -73.918537261246797, 40.614975539429778 ] } },
{ "type": "Feature", "properties": { "nta2020": "BK1802", "ntaname.x": "Marine Park-Mill Basin-Bergen Beach", "comp_year": 2015.0, "ntaname.y": null, "units": 0.0, "units_cum": 0.0, "city_units": 7562.0, "city_units_cum": 12441.0 }, "geometry": { "type": "Point", "coordinates": [ -73.918537261246797, 40.614975539429778 ] } },
{ "type": "Feature", "properties": { "nta2020": "BK1802", "ntaname.x": "Marine Park-Mill Basin-Bergen Beach", "comp_year": 2016.0, "ntaname.y": null, "units": 0.0, "units_cum": 0.0, "city_units": 15015.0, "city_units_cum": 27456.0 }, "geometry": { "type": "Point", "coordinates": [ -73.918537261246797, 40.614975539429778 ] } },
{ "type": "Feature", "properties": { "nta2020": "BK1802", "ntaname.x": "Marine Park-Mill Basin-Bergen Beach", "comp_year": 2017.0, "ntaname.y": null, "units": 0.0, "units_cum": 0.0, "city_units": 25343.0, "city_units_cum": 52799.0 }, "geometry": { "type": "Point", "coordinates": [ -73.918537261246797, 40.614975539429778 ] } },
{ "type": "Feature", "properties": { "nta2020": "BK1802", "ntaname.x": "Marine Park-Mill Basin-Bergen Beach", "comp_year": 2018.0, "ntaname.y": null, "units": 0.0, "units_cum": 0.0, "city_units": 33764.0, "city_units_cum": 86563.0 }, "geometry": { "type": "Point", "coordinates": [ -73.918537261246797, 40.614975539429778 ] } },
{ "type": "Feature", "properties": { "nta2020": "BK1802", "ntaname.x": "Marine Park-Mill Basin-Bergen Beach", "comp_year": 2019.0, "ntaname.y": null, "units": 0.0, "units_cum": 0.0, "city_units": 29408.0, "city_units_cum": 115971.0 }, "geometry": { "type": "Point", "coordinates": [ -73.918537261246797, 40.614975539429778 ] } },
{ "type": "Feature", "properties": { "nta2020": "BK1802", "ntaname.x": "Marine Park-Mill Basin-Bergen Beach", "comp_year": 2020.0, "ntaname.y": null, "units": 0.0, "units_cum": 0.0, "city_units": 18916.0, "city_units_cum": 134887.0 }, "geometry": { "type": "Point", "coordinates": [ -73.918537261246797, 40.614975539429778 ] } },
{ "type": "Feature", "properties": { "nta2020": "BK1802", "ntaname.x": "Marine Park-Mill Basin-Bergen Beach", "comp_year": 2021.0, "ntaname.y": null, "units": 0.0, "units_cum": 0.0, "city_units": 20786.0, "city_units_cum": 155673.0 }, "geometry": { "type": "Point", "coordinates": [ -73.918537261246797, 40.614975539429778 ] } },
{ "type": "Feature", "properties": { "nta2020": "BK1802", "ntaname.x": "Marine Park-Mill Basin-Bergen Beach", "comp_year": 2022.0, "ntaname.y": null, "units": 0.0, "units_cum": 0.0, "city_units": 19919.0, "city_units_cum": 175592.0 }, "geometry": { "type": "Point", "coordinates": [ -73.918537261246797, 40.614975539429778 ] } },
{ "type": "Feature", "properties": { "nta2020": "BK1802", "ntaname.x": "Marine Park-Mill Basin-Bergen Beach", "comp_year": 2023.0, "ntaname.y": null, "units": 0.0, "units_cum": 0.0, "city_units": 35384.0, "city_units_cum": 210976.0 }, "geometry": { "type": "Point", "coordinates": [ -73.918537261246797, 40.614975539429778 ] } },
{ "type": "Feature", "properties": { "nta2020": "BK1802", "ntaname.x": "Marine Park-Mill Basin-Bergen Beach", "comp_year": 2024.0, "ntaname.y": null, "units": 0.0, "units_cum": 0.0, "city_units": 49047.0, "city_units_cum": 260023.0 }, "geometry": { "type": "Point", "coordinates": [ -73.918537261246797, 40.614975539429778 ] } },
{ "type": "Feature", "properties": { "nta2020": "BK1802", "ntaname.x": "Marine Park-Mill Basin-Bergen Beach", "comp_year": 2025.0, "ntaname.y": "Marine Park-Mill Basin-Bergen Beach", "units": 6.0, "units_cum": 6.0, "city_units": 16734.0, "city_units_cum": 276757.0 }, "geometry": { "type": "Point", "coordinates": [ -73.918537261246797, 40.614975539429778 ] } },
{ "type": "Feature", "properties": { "nta2020": "BK1803", "ntaname.x": "Canarsie", "comp_year": 2014.0, "ntaname.y": null, "units": 0.0, "units_cum": 0.0, "city_units": 4879.0, "city_units_cum": 4879.0 }, "geometry": { "type": "Point", "coordinates": [ -73.90146155518535, 40.639352874114756 ] } },
{ "type": "Feature", "properties": { "nta2020": "BK1803", "ntaname.x": "Canarsie", "comp_year": 2015.0, "ntaname.y": null, "units": 0.0, "units_cum": 0.0, "city_units": 7562.0, "city_units_cum": 12441.0 }, "geometry": { "type": "Point", "coordinates": [ -73.90146155518535, 40.639352874114756 ] } },
{ "type": "Feature", "properties": { "nta2020": "BK1803", "ntaname.x": "Canarsie", "comp_year": 2016.0, "ntaname.y": "Canarsie", "units": 41.0, "units_cum": 41.0, "city_units": 15015.0, "city_units_cum": 27456.0 }, "geometry": { "type": "Point", "coordinates": [ -73.90146155518535, 40.639352874114756 ] } },
{ "type": "Feature", "properties": { "nta2020": "BK1803", "ntaname.x": "Canarsie", "comp_year": 2017.0, "ntaname.y": null, "units": 0.0, "units_cum": 41.0, "city_units": 25343.0, "city_units_cum": 52799.0 }, "geometry": { "type": "Point", "coordinates": [ -73.90146155518535, 40.639352874114756 ] } },
{ "type": "Feature", "properties": { "nta2020": "BK1803", "ntaname.x": "Canarsie", "comp_year": 2018.0, "ntaname.y": null, "units": 0.0, "units_cum": 41.0, "city_units": 33764.0, "city_units_cum": 86563.0 }, "geometry": { "type": "Point", "coordinates": [ -73.90146155518535, 40.639352874114756 ] } },
{ "type": "Feature", "properties": { "nta2020": "BK1803", "ntaname.x": "Canarsie", "comp_year": 2019.0, "ntaname.y": null, "units": 0.0, "units_cum": 41.0, "city_units": 29408.0, "city_units_cum": 115971.0 }, "geometry": { "type": "Point", "coordinates": [ -73.90146155518535, 40.639352874114756 ] } },
{ "type": "Feature", "properties": { "nta2020": "BK1803", "ntaname.x": "Canarsie", "comp_year": 2020.0, "ntaname.y": null, "units": 0.0, "units_cum": 41.0, "city_units": 18916.0, "city_units_cum": 134887.0 }, "geometry": { "type": "Point", "coordinates": [ -73.90146155518535, 40.639352874114756 ] } },
{ "type": "Feature", "properties": { "nta2020": "BK1803", "ntaname.x": "Canarsie", "comp_year": 2021.0, "ntaname.y": null, "units": 0.0, "units_cum": 41.0, "city_units": 20786.0, "city_units_cum": 155673.0 }, "geometry": { "type": "Point", "coordinates": [ -73.90146155518535, 40.639352874114756 ] } },
{ "type": "Feature", "properties": { "nta2020": "BK1803", "ntaname.x": "Canarsie", "comp_year": 2022.0, "ntaname.y": null, "units": 0.0, "units_cum": 41.0, "city_units": 19919.0, "city_units_cum": 175592.0 }, "geometry": { "type": "Point", "coordinates": [ -73.90146155518535, 40.639352874114756 ] } },
{ "type": "Feature", "properties": { "nta2020": "BK1803", "ntaname.x": "Canarsie", "comp_year": 2023.0, "ntaname.y": "Canarsie", "units": 6.0, "units_cum": 47.0, "city_units": 35384.0, "city_units_cum": 210976.0 }, "geometry": { "type": "Point", "coordinates": [ -73.90146155518535, 40.639352874114756 ] } },
{ "type": "Feature", "properties": { "nta2020": "BK1803", "ntaname.x": "Canarsie", "comp_year": 2024.0, "ntaname.y": null, "units": 0.0, "units_cum": 47.0, "city_units": 49047.0, "city_units_cum": 260023.0 }, "geometry": { "type": "Point", "coordinates": [ -73.90146155518535, 40.639352874114756 ] } },
{ "type": "Feature", "properties": { "nta2020": "BK1803", "ntaname.x": "Canarsie", "comp_year": 2025.0, "ntaname.y": null, "units": 0.0, "units_cum": 47.0, "city_units": 16734.0, "city_units_cum": 276757.0 }, "geometry": { "type": "Point", "coordinates": [ -73.90146155518535, 40.639352874114756 ] } },
{ "type": "Feature", "properties": { "nta2020": "BK1891", "ntaname.x": "Marine Park-Plumb Island", "comp_year": null, "ntaname.y": null, "units": null, "units_cum": null, "city_units": null, "city_units_cum": null }, "geometry": { "type": "Point", "coordinates": [ -73.916243972476138, 40.59404661591384 ] } },
{ "type": "Feature", "properties": { "nta2020": "BK1892", "ntaname.x": "McGuire Fields", "comp_year": null, "ntaname.y": null, "units": null, "units_cum": null, "city_units": null, "city_units_cum": null }, "geometry": { "type": "Point", "coordinates": [ -73.896958157787338, 40.612380217099052 ] } },
{ "type": "Feature", "properties": { "nta2020": "BK1893", "ntaname.x": "Canarsie Park & Pier", "comp_year": null, "ntaname.y": null, "units": null, "units_cum": null, "city_units": null, "city_units_cum": null }, "geometry": { "type": "Point", "coordinates": [ -73.889308499335002, 40.630032877368222 ] } },
{ "type": "Feature", "properties": { "nta2020": "BK5591", "ntaname.x": "Prospect Park", "comp_year": null, "ntaname.y": null, "units": null, "units_cum": null, "city_units": null, "city_units_cum": null }, "geometry": { "type": "Point", "coordinates": [ -73.968920766058304, 40.661601486980757 ] } },
{ "type": "Feature", "properties": { "nta2020": "BK5691", "ntaname.x": "Barren Island-Floyd Bennett Field", "comp_year": null, "ntaname.y": null, "units": null, "units_cum": null, "city_units": null, "city_units_cum": null }, "geometry": { "type": "Point", "coordinates": [ -73.891849884576416, 40.593191334308081 ] } },
{ "type": "Feature", "properties": { "nta2020": "BK5692", "ntaname.x": "Jamaica Bay (West)", "comp_year": null, "ntaname.y": null, "units": null, "units_cum": null, "city_units": null, "city_units_cum": null }, "geometry": { "type": "Point", "coordinates": [ -73.859511781232925, 40.610238940291012 ] } },
{ "type": "Feature", "properties": { "nta2020": "BK5693", "ntaname.x": "Shirley Chisholm State Park", "comp_year": null, "ntaname.y": null, "units": null, "units_cum": null, "city_units": null, "city_units_cum": null }, "geometry": { "type": "Point", "coordinates": [ -73.866741383458702, 40.645325111826089 ] } },
{ "type": "Feature", "properties": { "nta2020": "BX0101", "ntaname.x": "Mott Haven-Port Morris", "comp_year": 2014.0, "ntaname.y": null, "units": 0.0, "units_cum": 0.0, "city_units": 4879.0, "city_units_cum": 4879.0 }, "geometry": { "type": "Point", "coordinates": [ -73.917242616441143, 40.807524579141983 ] } },
{ "type": "Feature", "properties": { "nta2020": "BX0101", "ntaname.x": "Mott Haven-Port Morris", "comp_year": 2015.0, "ntaname.y": null, "units": 0.0, "units_cum": 0.0, "city_units": 7562.0, "city_units_cum": 12441.0 }, "geometry": { "type": "Point", "coordinates": [ -73.917242616441143, 40.807524579141983 ] } },
{ "type": "Feature", "properties": { "nta2020": "BX0101", "ntaname.x": "Mott Haven-Port Morris", "comp_year": 2016.0, "ntaname.y": "Mott Haven-Port Morris", "units": 66.0, "units_cum": 66.0, "city_units": 15015.0, "city_units_cum": 27456.0 }, "geometry": { "type": "Point", "coordinates": [ -73.917242616441143, 40.807524579141983 ] } },
{ "type": "Feature", "properties": { "nta2020": "BX0101", "ntaname.x": "Mott Haven-Port Morris", "comp_year": 2017.0, "ntaname.y": "Mott Haven-Port Morris", "units": 438.0, "units_cum": 504.0, "city_units": 25343.0, "city_units_cum": 52799.0 }, "geometry": { "type": "Point", "coordinates": [ -73.917242616441143, 40.807524579141983 ] } },
{ "type": "Feature", "properties": { "nta2020": "BX0101", "ntaname.x": "Mott Haven-Port Morris", "comp_year": 2018.0, "ntaname.y": "Mott Haven-Port Morris", "units": 338.0, "units_cum": 842.0, "city_units": 33764.0, "city_units_cum": 86563.0 }, "geometry": { "type": "Point", "coordinates": [ -73.917242616441143, 40.807524579141983 ] } },
{ "type": "Feature", "properties": { "nta2020": "BX0101", "ntaname.x": "Mott Haven-Port Morris", "comp_year": 2019.0, "ntaname.y": "Mott Haven-Port Morris", "units": 434.0, "units_cum": 1276.0, "city_units": 29408.0, "city_units_cum": 115971.0 }, "geometry": { "type": "Point", "coordinates": [ -73.917242616441143, 40.807524579141983 ] } },
{ "type": "Feature", "properties": { "nta2020": "BX0101", "ntaname.x": "Mott Haven-Port Morris", "comp_year": 2020.0, "ntaname.y": "Mott Haven-Port Morris", "units": 292.0, "units_cum": 1568.0, "city_units": 18916.0, "city_units_cum": 134887.0 }, "geometry": { "type": "Point", "coordinates": [ -73.917242616441143, 40.807524579141983 ] } },
{ "type": "Feature", "properties": { "nta2020": "BX0101", "ntaname.x": "Mott Haven-Port Morris", "comp_year": 2021.0, "ntaname.y": "Mott Haven-Port Morris", "units": 785.0, "units_cum": 2353.0, "city_units": 20786.0, "city_units_cum": 155673.0 }, "geometry": { "type": "Point", "coordinates": [ -73.917242616441143, 40.807524579141983 ] } },
{ "type": "Feature", "properties": { "nta2020": "BX0101", "ntaname.x": "Mott Haven-Port Morris", "comp_year": 2022.0, "ntaname.y": "Mott Haven-Port Morris", "units": 637.0, "units_cum": 2990.0, "city_units": 19919.0, "city_units_cum": 175592.0 }, "geometry": { "type": "Point", "coordinates": [ -73.917242616441143, 40.807524579141983 ] } },
{ "type": "Feature", "properties": { "nta2020": "BX0101", "ntaname.x": "Mott Haven-Port Morris", "comp_year": 2023.0, "ntaname.y": "Mott Haven-Port Morris", "units": 522.0, "units_cum": 3512.0, "city_units": 35384.0, "city_units_cum": 210976.0 }, "geometry": { "type": "Point", "coordinates": [ -73.917242616441143, 40.807524579141983 ] } },
{ "type": "Feature", "properties": { "nta2020": "BX0101", "ntaname.x": "Mott Haven-Port Morris", "comp_year": 2024.0, "ntaname.y": "Mott Haven-Port Morris", "units": 1799.0, "units_cum": 5311.0, "city_units": 49047.0, "city_units_cum": 260023.0 }, "geometry": { "type": "Point", "coordinates": [ -73.917242616441143, 40.807524579141983 ] } },
{ "type": "Feature", "properties": { "nta2020": "BX0101", "ntaname.x": "Mott Haven-Port Morris", "comp_year": 2025.0, "ntaname.y": "Mott Haven-Port Morris", "units": 1048.0, "units_cum": 6359.0, "city_units": 16734.0, "city_units_cum": 276757.0 }, "geometry": { "type": "Point", "coordinates": [ -73.917242616441143, 40.807524579141983 ] } },
{ "type": "Feature", "properties": { "nta2020": "BX0102", "ntaname.x": "Melrose", "comp_year": 2014.0, "ntaname.y": "Melrose", "units": 160.0, "units_cum": 160.0, "city_units": 4879.0, "city_units_cum": 4879.0 }, "geometry": { "type": "Point", "coordinates": [ -73.912850055740122, 40.818259617734412 ] } },
{ "type": "Feature", "properties": { "nta2020": "BX0102", "ntaname.x": "Melrose", "comp_year": 2015.0, "ntaname.y": null, "units": 0.0, "units_cum": 160.0, "city_units": 7562.0, "city_units_cum": 12441.0 }, "geometry": { "type": "Point", "coordinates": [ -73.912850055740122, 40.818259617734412 ] } },
{ "type": "Feature", "properties": { "nta2020": "BX0102", "ntaname.x": "Melrose", "comp_year": 2016.0, "ntaname.y": "Melrose", "units": 383.0, "units_cum": 543.0, "city_units": 15015.0, "city_units_cum": 27456.0 }, "geometry": { "type": "Point", "coordinates": [ -73.912850055740122, 40.818259617734412 ] } },
{ "type": "Feature", "properties": { "nta2020": "BX0102", "ntaname.x": "Melrose", "comp_year": 2017.0, "ntaname.y": "Melrose", "units": 307.0, "units_cum": 850.0, "city_units": 25343.0, "city_units_cum": 52799.0 }, "geometry": { "type": "Point", "coordinates": [ -73.912850055740122, 40.818259617734412 ] } },
{ "type": "Feature", "properties": { "nta2020": "BX0102", "ntaname.x": "Melrose", "comp_year": 2018.0, "ntaname.y": "Melrose", "units": 154.0, "units_cum": 1004.0, "city_units": 33764.0, "city_units_cum": 86563.0 }, "geometry": { "type": "Point", "coordinates": [ -73.912850055740122, 40.818259617734412 ] } },
{ "type": "Feature", "properties": { "nta2020": "BX0102", "ntaname.x": "Melrose", "comp_year": 2019.0, "ntaname.y": "Melrose", "units": 313.0, "units_cum": 1317.0, "city_units": 29408.0, "city_units_cum": 115971.0 }, "geometry": { "type": "Point", "coordinates": [ -73.912850055740122, 40.818259617734412 ] } },
{ "type": "Feature", "properties": { "nta2020": "BX0102", "ntaname.x": "Melrose", "comp_year": 2020.0, "ntaname.y": "Melrose", "units": 145.0, "units_cum": 1462.0, "city_units": 18916.0, "city_units_cum": 134887.0 }, "geometry": { "type": "Point", "coordinates": [ -73.912850055740122, 40.818259617734412 ] } },
{ "type": "Feature", "properties": { "nta2020": "BX0102", "ntaname.x": "Melrose", "comp_year": 2021.0, "ntaname.y": "Melrose", "units": 106.0, "units_cum": 1568.0, "city_units": 20786.0, "city_units_cum": 155673.0 }, "geometry": { "type": "Point", "coordinates": [ -73.912850055740122, 40.818259617734412 ] } },
{ "type": "Feature", "properties": { "nta2020": "BX0102", "ntaname.x": "Melrose", "comp_year": 2022.0, "ntaname.y": "Melrose", "units": 175.0, "units_cum": 1743.0, "city_units": 19919.0, "city_units_cum": 175592.0 }, "geometry": { "type": "Point", "coordinates": [ -73.912850055740122, 40.818259617734412 ] } },
{ "type": "Feature", "properties": { "nta2020": "BX0102", "ntaname.x": "Melrose", "comp_year": 2023.0, "ntaname.y": "Melrose", "units": 596.0, "units_cum": 2339.0, "city_units": 35384.0, "city_units_cum": 210976.0 }, "geometry": { "type": "Point", "coordinates": [ -73.912850055740122, 40.818259617734412 ] } },
{ "type": "Feature", "properties": { "nta2020": "BX0102", "ntaname.x": "Melrose", "comp_year": 2024.0, "ntaname.y": "Melrose", "units": 124.0, "units_cum": 2463.0, "city_units": 49047.0, "city_units_cum": 260023.0 }, "geometry": { "type": "Point", "coordinates": [ -73.912850055740122, 40.818259617734412 ] } },
{ "type": "Feature", "properties": { "nta2020": "BX0102", "ntaname.x": "Melrose", "comp_year": 2025.0, "ntaname.y": "Melrose", "units": 84.0, "units_cum": 2547.0, "city_units": 16734.0, "city_units_cum": 276757.0 }, "geometry": { "type": "Point", "coordinates": [ -73.912850055740122, 40.818259617734412 ] } },
{ "type": "Feature", "properties": { "nta2020": "BX0201", "ntaname.x": "Hunts Point", "comp_year": 2014.0, "ntaname.y": "Hunts Point", "units": 91.0, "units_cum": 91.0, "city_units": 4879.0, "city_units_cum": 4879.0 }, "geometry": { "type": "Point", "coordinates": [ -73.884976984399046, 40.810860272677253 ] } },
{ "type": "Feature", "properties": { "nta2020": "BX0201", "ntaname.x": "Hunts Point", "comp_year": 2015.0, "ntaname.y": "Hunts Point", "units": 107.0, "units_cum": 198.0, "city_units": 7562.0, "city_units_cum": 12441.0 }, "geometry": { "type": "Point", "coordinates": [ -73.884976984399046, 40.810860272677253 ] } },
{ "type": "Feature", "properties": { "nta2020": "BX0201", "ntaname.x": "Hunts Point", "comp_year": 2016.0, "ntaname.y": "Hunts Point", "units": 49.0, "units_cum": 247.0, "city_units": 15015.0, "city_units_cum": 27456.0 }, "geometry": { "type": "Point", "coordinates": [ -73.884976984399046, 40.810860272677253 ] } },
{ "type": "Feature", "properties": { "nta2020": "BX0201", "ntaname.x": "Hunts Point", "comp_year": 2017.0, "ntaname.y": "Hunts Point", "units": 244.0, "units_cum": 491.0, "city_units": 25343.0, "city_units_cum": 52799.0 }, "geometry": { "type": "Point", "coordinates": [ -73.884976984399046, 40.810860272677253 ] } },
{ "type": "Feature", "properties": { "nta2020": "BX0201", "ntaname.x": "Hunts Point", "comp_year": 2018.0, "ntaname.y": "Hunts Point", "units": 60.0, "units_cum": 551.0, "city_units": 33764.0, "city_units_cum": 86563.0 }, "geometry": { "type": "Point", "coordinates": [ -73.884976984399046, 40.810860272677253 ] } },
{ "type": "Feature", "properties": { "nta2020": "BX0201", "ntaname.x": "Hunts Point", "comp_year": 2019.0, "ntaname.y": null, "units": 0.0, "units_cum": 551.0, "city_units": 29408.0, "city_units_cum": 115971.0 }, "geometry": { "type": "Point", "coordinates": [ -73.884976984399046, 40.810860272677253 ] } },
{ "type": "Feature", "properties": { "nta2020": "BX0201", "ntaname.x": "Hunts Point", "comp_year": 2020.0, "ntaname.y": "Hunts Point", "units": 215.0, "units_cum": 766.0, "city_units": 18916.0, "city_units_cum": 134887.0 }, "geometry": { "type": "Point", "coordinates": [ -73.884976984399046, 40.810860272677253 ] } },
{ "type": "Feature", "properties": { "nta2020": "BX0201", "ntaname.x": "Hunts Point", "comp_year": 2021.0, "ntaname.y": "Hunts Point", "units": 127.0, "units_cum": 893.0, "city_units": 20786.0, "city_units_cum": 155673.0 }, "geometry": { "type": "Point", "coordinates": [ -73.884976984399046, 40.810860272677253 ] } },
{ "type": "Feature", "properties": { "nta2020": "BX0201", "ntaname.x": "Hunts Point", "comp_year": 2022.0, "ntaname.y": "Hunts Point", "units": 56.0, "units_cum": 949.0, "city_units": 19919.0, "city_units_cum": 175592.0 }, "geometry": { "type": "Point", "coordinates": [ -73.884976984399046, 40.810860272677253 ] } },
{ "type": "Feature", "properties": { "nta2020": "BX0201", "ntaname.x": "Hunts Point", "comp_year": 2023.0, "ntaname.y": "Hunts Point", "units": 297.0, "units_cum": 1246.0, "city_units": 35384.0, "city_units_cum": 210976.0 }, "geometry": { "type": "Point", "coordinates": [ -73.884976984399046, 40.810860272677253 ] } },
{ "type": "Feature", "properties": { "nta2020": "BX0201", "ntaname.x": "Hunts Point", "comp_year": 2024.0, "ntaname.y": "Hunts Point", "units": 48.0, "units_cum": 1294.0, "city_units": 49047.0, "city_units_cum": 260023.0 }, "geometry": { "type": "Point", "coordinates": [ -73.884976984399046, 40.810860272677253 ] } },
{ "type": "Feature", "properties": { "nta2020": "BX0201", "ntaname.x": "Hunts Point", "comp_year": 2025.0, "ntaname.y": null, "units": 0.0, "units_cum": 1294.0, "city_units": 16734.0, "city_units_cum": 276757.0 }, "geometry": { "type": "Point", "coordinates": [ -73.884976984399046, 40.810860272677253 ] } },
{ "type": "Feature", "properties": { "nta2020": "BX0202", "ntaname.x": "Longwood", "comp_year": 2014.0, "ntaname.y": "Longwood", "units": 69.0, "units_cum": 69.0, "city_units": 4879.0, "city_units_cum": 4879.0 }, "geometry": { "type": "Point", "coordinates": [ -73.896559970148047, 40.820967839610454 ] } },
{ "type": "Feature", "properties": { "nta2020": "BX0202", "ntaname.x": "Longwood", "comp_year": 2015.0, "ntaname.y": "Longwood", "units": 72.0, "units_cum": 141.0, "city_units": 7562.0, "city_units_cum": 12441.0 }, "geometry": { "type": "Point", "coordinates": [ -73.896559970148047, 40.820967839610454 ] } },
{ "type": "Feature", "properties": { "nta2020": "BX0202", "ntaname.x": "Longwood", "comp_year": 2016.0, "ntaname.y": "Longwood", "units": 281.0, "units_cum": 422.0, "city_units": 15015.0, "city_units_cum": 27456.0 }, "geometry": { "type": "Point", "coordinates": [ -73.896559970148047, 40.820967839610454 ] } },
{ "type": "Feature", "properties": { "nta2020": "BX0202", "ntaname.x": "Longwood", "comp_year": 2017.0, "ntaname.y": "Longwood", "units": 204.0, "units_cum": 626.0, "city_units": 25343.0, "city_units_cum": 52799.0 }, "geometry": { "type": "Point", "coordinates": [ -73.896559970148047, 40.820967839610454 ] } },
{ "type": "Feature", "properties": { "nta2020": "BX0202", "ntaname.x": "Longwood", "comp_year": 2018.0, "ntaname.y": "Longwood", "units": 131.0, "units_cum": 757.0, "city_units": 33764.0, "city_units_cum": 86563.0 }, "geometry": { "type": "Point", "coordinates": [ -73.896559970148047, 40.820967839610454 ] } },
{ "type": "Feature", "properties": { "nta2020": "BX0202", "ntaname.x": "Longwood", "comp_year": 2019.0, "ntaname.y": "Longwood", "units": 487.0, "units_cum": 1244.0, "city_units": 29408.0, "city_units_cum": 115971.0 }, "geometry": { "type": "Point", "coordinates": [ -73.896559970148047, 40.820967839610454 ] } },
{ "type": "Feature", "properties": { "nta2020": "BX0202", "ntaname.x": "Longwood", "comp_year": 2020.0, "ntaname.y": "Longwood", "units": 190.0, "units_cum": 1434.0, "city_units": 18916.0, "city_units_cum": 134887.0 }, "geometry": { "type": "Point", "coordinates": [ -73.896559970148047, 40.820967839610454 ] } },
{ "type": "Feature", "properties": { "nta2020": "BX0202", "ntaname.x": "Longwood", "comp_year": 2021.0, "ntaname.y": "Longwood", "units": 522.0, "units_cum": 1956.0, "city_units": 20786.0, "city_units_cum": 155673.0 }, "geometry": { "type": "Point", "coordinates": [ -73.896559970148047, 40.820967839610454 ] } },
{ "type": "Feature", "properties": { "nta2020": "BX0202", "ntaname.x": "Longwood", "comp_year": 2022.0, "ntaname.y": "Longwood", "units": 366.0, "units_cum": 2322.0, "city_units": 19919.0, "city_units_cum": 175592.0 }, "geometry": { "type": "Point", "coordinates": [ -73.896559970148047, 40.820967839610454 ] } },
{ "type": "Feature", "properties": { "nta2020": "BX0202", "ntaname.x": "Longwood", "comp_year": 2023.0, "ntaname.y": "Longwood", "units": 145.0, "units_cum": 2467.0, "city_units": 35384.0, "city_units_cum": 210976.0 }, "geometry": { "type": "Point", "coordinates": [ -73.896559970148047, 40.820967839610454 ] } },
{ "type": "Feature", "properties": { "nta2020": "BX0202", "ntaname.x": "Longwood", "comp_year": 2024.0, "ntaname.y": "Longwood", "units": 379.0, "units_cum": 2846.0, "city_units": 49047.0, "city_units_cum": 260023.0 }, "geometry": { "type": "Point", "coordinates": [ -73.896559970148047, 40.820967839610454 ] } },
{ "type": "Feature", "properties": { "nta2020": "BX0202", "ntaname.x": "Longwood", "comp_year": 2025.0, "ntaname.y": "Longwood", "units": 108.0, "units_cum": 2954.0, "city_units": 16734.0, "city_units_cum": 276757.0 }, "geometry": { "type": "Point", "coordinates": [ -73.896559970148047, 40.820967839610454 ] } },
{ "type": "Feature", "properties": { "nta2020": "BX0291", "ntaname.x": "North & South Brother Islands", "comp_year": null, "ntaname.y": null, "units": null, "units_cum": null, "city_units": null, "city_units_cum": null }, "geometry": { "type": "Point", "coordinates": [ -73.898369792510366, 40.799576364647699 ] } },
{ "type": "Feature", "properties": { "nta2020": "BX0301", "ntaname.x": "Morrisania", "comp_year": 2014.0, "ntaname.y": null, "units": 0.0, "units_cum": 0.0, "city_units": 4879.0, "city_units_cum": 4879.0 }, "geometry": { "type": "Point", "coordinates": [ -73.904742093001659, 40.827294523758631 ] } },
{ "type": "Feature", "properties": { "nta2020": "BX0301", "ntaname.x": "Morrisania", "comp_year": 2015.0, "ntaname.y": null, "units": 0.0, "units_cum": 0.0, "city_units": 7562.0, "city_units_cum": 12441.0 }, "geometry": { "type": "Point", "coordinates": [ -73.904742093001659, 40.827294523758631 ] } },
{ "type": "Feature", "properties": { "nta2020": "BX0301", "ntaname.x": "Morrisania", "comp_year": 2016.0, "ntaname.y": "Morrisania", "units": 304.0, "units_cum": 304.0, "city_units": 15015.0, "city_units_cum": 27456.0 }, "geometry": { "type": "Point", "coordinates": [ -73.904742093001659, 40.827294523758631 ] } },
{ "type": "Feature", "properties": { "nta2020": "BX0301", "ntaname.x": "Morrisania", "comp_year": 2017.0, "ntaname.y": "Morrisania", "units": 213.0, "units_cum": 517.0, "city_units": 25343.0, "city_units_cum": 52799.0 }, "geometry": { "type": "Point", "coordinates": [ -73.904742093001659, 40.827294523758631 ] } },
{ "type": "Feature", "properties": { "nta2020": "BX0301", "ntaname.x": "Morrisania", "comp_year": 2018.0, "ntaname.y": "Morrisania", "units": 445.0, "units_cum": 962.0, "city_units": 33764.0, "city_units_cum": 86563.0 }, "geometry": { "type": "Point", "coordinates": [ -73.904742093001659, 40.827294523758631 ] } },
{ "type": "Feature", "properties": { "nta2020": "BX0301", "ntaname.x": "Morrisania", "comp_year": 2019.0, "ntaname.y": "Morrisania", "units": 662.0, "units_cum": 1624.0, "city_units": 29408.0, "city_units_cum": 115971.0 }, "geometry": { "type": "Point", "coordinates": [ -73.904742093001659, 40.827294523758631 ] } },
{ "type": "Feature", "properties": { "nta2020": "BX0301", "ntaname.x": "Morrisania", "comp_year": 2020.0, "ntaname.y": "Morrisania", "units": 152.0, "units_cum": 1776.0, "city_units": 18916.0, "city_units_cum": 134887.0 }, "geometry": { "type": "Point", "coordinates": [ -73.904742093001659, 40.827294523758631 ] } },
{ "type": "Feature", "properties": { "nta2020": "BX0301", "ntaname.x": "Morrisania", "comp_year": 2021.0, "ntaname.y": "Morrisania", "units": 240.0, "units_cum": 2016.0, "city_units": 20786.0, "city_units_cum": 155673.0 }, "geometry": { "type": "Point", "coordinates": [ -73.904742093001659, 40.827294523758631 ] } },
{ "type": "Feature", "properties": { "nta2020": "BX0301", "ntaname.x": "Morrisania", "comp_year": 2022.0, "ntaname.y": "Morrisania", "units": 420.0, "units_cum": 2436.0, "city_units": 19919.0, "city_units_cum": 175592.0 }, "geometry": { "type": "Point", "coordinates": [ -73.904742093001659, 40.827294523758631 ] } },
{ "type": "Feature", "properties": { "nta2020": "BX0301", "ntaname.x": "Morrisania", "comp_year": 2023.0, "ntaname.y": "Morrisania", "units": 680.0, "units_cum": 3116.0, "city_units": 35384.0, "city_units_cum": 210976.0 }, "geometry": { "type": "Point", "coordinates": [ -73.904742093001659, 40.827294523758631 ] } },
{ "type": "Feature", "properties": { "nta2020": "BX0301", "ntaname.x": "Morrisania", "comp_year": 2024.0, "ntaname.y": "Morrisania", "units": 84.0, "units_cum": 3200.0, "city_units": 49047.0, "city_units_cum": 260023.0 }, "geometry": { "type": "Point", "coordinates": [ -73.904742093001659, 40.827294523758631 ] } },
{ "type": "Feature", "properties": { "nta2020": "BX0301", "ntaname.x": "Morrisania", "comp_year": 2025.0, "ntaname.y": "Morrisania", "units": 278.0, "units_cum": 3478.0, "city_units": 16734.0, "city_units_cum": 276757.0 }, "geometry": { "type": "Point", "coordinates": [ -73.904742093001659, 40.827294523758631 ] } },
{ "type": "Feature", "properties": { "nta2020": "BX0302", "ntaname.x": "Claremont Village-Claremont (East)", "comp_year": 2014.0, "ntaname.y": null, "units": 0.0, "units_cum": 0.0, "city_units": 4879.0, "city_units_cum": 4879.0 }, "geometry": { "type": "Point", "coordinates": [ -73.903535625810107, 40.837576414336624 ] } },
{ "type": "Feature", "properties": { "nta2020": "BX0302", "ntaname.x": "Claremont Village-Claremont (East)", "comp_year": 2015.0, "ntaname.y": null, "units": 0.0, "units_cum": 0.0, "city_units": 7562.0, "city_units_cum": 12441.0 }, "geometry": { "type": "Point", "coordinates": [ -73.903535625810107, 40.837576414336624 ] } },
{ "type": "Feature", "properties": { "nta2020": "BX0302", "ntaname.x": "Claremont Village-Claremont (East)", "comp_year": 2016.0, "ntaname.y": null, "units": 0.0, "units_cum": 0.0, "city_units": 15015.0, "city_units_cum": 27456.0 }, "geometry": { "type": "Point", "coordinates": [ -73.903535625810107, 40.837576414336624 ] } },
{ "type": "Feature", "properties": { "nta2020": "BX0302", "ntaname.x": "Claremont Village-Claremont (East)", "comp_year": 2017.0, "ntaname.y": "Claremont Village-Claremont (East)", "units": 59.0, "units_cum": 59.0, "city_units": 25343.0, "city_units_cum": 52799.0 }, "geometry": { "type": "Point", "coordinates": [ -73.903535625810107, 40.837576414336624 ] } },
{ "type": "Feature", "properties": { "nta2020": "BX0302", "ntaname.x": "Claremont Village-Claremont (East)", "comp_year": 2018.0, "ntaname.y": "Claremont Village-Claremont (East)", "units": 148.0, "units_cum": 207.0, "city_units": 33764.0, "city_units_cum": 86563.0 }, "geometry": { "type": "Point", "coordinates": [ -73.903535625810107, 40.837576414336624 ] } },
{ "type": "Feature", "properties": { "nta2020": "BX0302", "ntaname.x": "Claremont Village-Claremont (East)", "comp_year": 2019.0, "ntaname.y": "Claremont Village-Claremont (East)", "units": 55.0, "units_cum": 262.0, "city_units": 29408.0, "city_units_cum": 115971.0 }, "geometry": { "type": "Point", "coordinates": [ -73.903535625810107, 40.837576414336624 ] } },
{ "type": "Feature", "properties": { "nta2020": "BX0302", "ntaname.x": "Claremont Village-Claremont (East)", "comp_year": 2020.0, "ntaname.y": "Claremont Village-Claremont (East)", "units": 140.0, "units_cum": 402.0, "city_units": 18916.0, "city_units_cum": 134887.0 }, "geometry": { "type": "Point", "coordinates": [ -73.903535625810107, 40.837576414336624 ] } },
{ "type": "Feature", "properties": { "nta2020": "BX0302", "ntaname.x": "Claremont Village-Claremont (East)", "comp_year": 2021.0, "ntaname.y": "Claremont Village-Claremont (East)", "units": 100.0, "units_cum": 502.0, "city_units": 20786.0, "city_units_cum": 155673.0 }, "geometry": { "type": "Point", "coordinates": [ -73.903535625810107, 40.837576414336624 ] } },
{ "type": "Feature", "properties": { "nta2020": "BX0302", "ntaname.x": "Claremont Village-Claremont (East)", "comp_year": 2022.0, "ntaname.y": null, "units": 0.0, "units_cum": 502.0, "city_units": 19919.0, "city_units_cum": 175592.0 }, "geometry": { "type": "Point", "coordinates": [ -73.903535625810107, 40.837576414336624 ] } },
{ "type": "Feature", "properties": { "nta2020": "BX0302", "ntaname.x": "Claremont Village-Claremont (East)", "comp_year": 2023.0, "ntaname.y": null, "units": 0.0, "units_cum": 502.0, "city_units": 35384.0, "city_units_cum": 210976.0 }, "geometry": { "type": "Point", "coordinates": [ -73.903535625810107, 40.837576414336624 ] } },
{ "type": "Feature", "properties": { "nta2020": "BX0302", "ntaname.x": "Claremont Village-Claremont (East)", "comp_year": 2024.0, "ntaname.y": "Claremont Village-Claremont (East)", "units": 593.0, "units_cum": 1095.0, "city_units": 49047.0, "city_units_cum": 260023.0 }, "geometry": { "type": "Point", "coordinates": [ -73.903535625810107, 40.837576414336624 ] } },
{ "type": "Feature", "properties": { "nta2020": "BX0302", "ntaname.x": "Claremont Village-Claremont (East)", "comp_year": 2025.0, "ntaname.y": "Claremont Village-Claremont (East)", "units": 19.0, "units_cum": 1114.0, "city_units": 16734.0, "city_units_cum": 276757.0 }, "geometry": { "type": "Point", "coordinates": [ -73.903535625810107, 40.837576414336624 ] } },
{ "type": "Feature", "properties": { "nta2020": "BX0303", "ntaname.x": "Crotona Park East", "comp_year": 2014.0, "ntaname.y": "Crotona Park East", "units": 159.0, "units_cum": 159.0, "city_units": 4879.0, "city_units_cum": 4879.0 }, "geometry": { "type": "Point", "coordinates": [ -73.888697358789898, 40.832138601127646 ] } },
{ "type": "Feature", "properties": { "nta2020": "BX0303", "ntaname.x": "Crotona Park East", "comp_year": 2015.0, "ntaname.y": "Crotona Park East", "units": 39.0, "units_cum": 198.0, "city_units": 7562.0, "city_units_cum": 12441.0 }, "geometry": { "type": "Point", "coordinates": [ -73.888697358789898, 40.832138601127646 ] } },
{ "type": "Feature", "properties": { "nta2020": "BX0303", "ntaname.x": "Crotona Park East", "comp_year": 2016.0, "ntaname.y": "Crotona Park East", "units": 450.0, "units_cum": 648.0, "city_units": 15015.0, "city_units_cum": 27456.0 }, "geometry": { "type": "Point", "coordinates": [ -73.888697358789898, 40.832138601127646 ] } },
{ "type": "Feature", "properties": { "nta2020": "BX0303", "ntaname.x": "Crotona Park East", "comp_year": 2017.0, "ntaname.y": "Crotona Park East", "units": 550.0, "units_cum": 1198.0, "city_units": 25343.0, "city_units_cum": 52799.0 }, "geometry": { "type": "Point", "coordinates": [ -73.888697358789898, 40.832138601127646 ] } },
{ "type": "Feature", "properties": { "nta2020": "BX0303", "ntaname.x": "Crotona Park East", "comp_year": 2018.0, "ntaname.y": "Crotona Park East", "units": 387.0, "units_cum": 1585.0, "city_units": 33764.0, "city_units_cum": 86563.0 }, "geometry": { "type": "Point", "coordinates": [ -73.888697358789898, 40.832138601127646 ] } },
{ "type": "Feature", "properties": { "nta2020": "BX0303", "ntaname.x": "Crotona Park East", "comp_year": 2019.0, "ntaname.y": "Crotona Park East", "units": 182.0, "units_cum": 1767.0, "city_units": 29408.0, "city_units_cum": 115971.0 }, "geometry": { "type": "Point", "coordinates": [ -73.888697358789898, 40.832138601127646 ] } },
{ "type": "Feature", "properties": { "nta2020": "BX0303", "ntaname.x": "Crotona Park East", "comp_year": 2020.0, "ntaname.y": "Crotona Park East", "units": 242.0, "units_cum": 2009.0, "city_units": 18916.0, "city_units_cum": 134887.0 }, "geometry": { "type": "Point", "coordinates": [ -73.888697358789898, 40.832138601127646 ] } },
{ "type": "Feature", "properties": { "nta2020": "BX0303", "ntaname.x": "Crotona Park East", "comp_year": 2021.0, "ntaname.y": "Crotona Park East", "units": 376.0, "units_cum": 2385.0, "city_units": 20786.0, "city_units_cum": 155673.0 }, "geometry": { "type": "Point", "coordinates": [ -73.888697358789898, 40.832138601127646 ] } },
{ "type": "Feature", "properties": { "nta2020": "BX0303", "ntaname.x": "Crotona Park East", "comp_year": 2022.0, "ntaname.y": "Crotona Park East", "units": 209.0, "units_cum": 2594.0, "city_units": 19919.0, "city_units_cum": 175592.0 }, "geometry": { "type": "Point", "coordinates": [ -73.888697358789898, 40.832138601127646 ] } },
{ "type": "Feature", "properties": { "nta2020": "BX0303", "ntaname.x": "Crotona Park East", "comp_year": 2023.0, "ntaname.y": "Crotona Park East", "units": 247.0, "units_cum": 2841.0, "city_units": 35384.0, "city_units_cum": 210976.0 }, "geometry": { "type": "Point", "coordinates": [ -73.888697358789898, 40.832138601127646 ] } },
{ "type": "Feature", "properties": { "nta2020": "BX0303", "ntaname.x": "Crotona Park East", "comp_year": 2024.0, "ntaname.y": "Crotona Park East", "units": 461.0, "units_cum": 3302.0, "city_units": 49047.0, "city_units_cum": 260023.0 }, "geometry": { "type": "Point", "coordinates": [ -73.888697358789898, 40.832138601127646 ] } },
{ "type": "Feature", "properties": { "nta2020": "BX0303", "ntaname.x": "Crotona Park East", "comp_year": 2025.0, "ntaname.y": "Crotona Park East", "units": 181.0, "units_cum": 3483.0, "city_units": 16734.0, "city_units_cum": 276757.0 }, "geometry": { "type": "Point", "coordinates": [ -73.888697358789898, 40.832138601127646 ] } },
{ "type": "Feature", "properties": { "nta2020": "BX0391", "ntaname.x": "Crotona Park", "comp_year": null, "ntaname.y": null, "units": null, "units_cum": null, "city_units": null, "city_units_cum": null }, "geometry": { "type": "Point", "coordinates": [ -73.894986791080385, 40.83854942606515 ] } },
{ "type": "Feature", "properties": { "nta2020": "BX0401", "ntaname.x": "Concourse-Concourse Village", "comp_year": 2014.0, "ntaname.y": null, "units": 0.0, "units_cum": 0.0, "city_units": 4879.0, "city_units_cum": 4879.0 }, "geometry": { "type": "Point", "coordinates": [ -73.921724878252533, 40.826747442185074 ] } },
{ "type": "Feature", "properties": { "nta2020": "BX0401", "ntaname.x": "Concourse-Concourse Village", "comp_year": 2015.0, "ntaname.y": "Concourse-Concourse Village", "units": 549.0, "units_cum": 549.0, "city_units": 7562.0, "city_units_cum": 12441.0 }, "geometry": { "type": "Point", "coordinates": [ -73.921724878252533, 40.826747442185074 ] } },
{ "type": "Feature", "properties": { "nta2020": "BX0401", "ntaname.x": "Concourse-Concourse Village", "comp_year": 2016.0, "ntaname.y": "Concourse-Concourse Village", "units": 126.0, "units_cum": 675.0, "city_units": 15015.0, "city_units_cum": 27456.0 }, "geometry": { "type": "Point", "coordinates": [ -73.921724878252533, 40.826747442185074 ] } },
{ "type": "Feature", "properties": { "nta2020": "BX0401", "ntaname.x": "Concourse-Concourse Village", "comp_year": 2017.0, "ntaname.y": "Concourse-Concourse Village", "units": 375.0, "units_cum": 1050.0, "city_units": 25343.0, "city_units_cum": 52799.0 }, "geometry": { "type": "Point", "coordinates": [ -73.921724878252533, 40.826747442185074 ] } },
{ "type": "Feature", "properties": { "nta2020": "BX0401", "ntaname.x": "Concourse-Concourse Village", "comp_year": 2018.0, "ntaname.y": "Concourse-Concourse Village", "units": 570.0, "units_cum": 1620.0, "city_units": 33764.0, "city_units_cum": 86563.0 }, "geometry": { "type": "Point", "coordinates": [ -73.921724878252533, 40.826747442185074 ] } },
{ "type": "Feature", "properties": { "nta2020": "BX0401", "ntaname.x": "Concourse-Concourse Village", "comp_year": 2019.0, "ntaname.y": "Concourse-Concourse Village", "units": 52.0, "units_cum": 1672.0, "city_units": 29408.0, "city_units_cum": 115971.0 }, "geometry": { "type": "Point", "coordinates": [ -73.921724878252533, 40.826747442185074 ] } },
{ "type": "Feature", "properties": { "nta2020": "BX0401", "ntaname.x": "Concourse-Concourse Village", "comp_year": 2020.0, "ntaname.y": "Concourse-Concourse Village", "units": 10.0, "units_cum": 1682.0, "city_units": 18916.0, "city_units_cum": 134887.0 }, "geometry": { "type": "Point", "coordinates": [ -73.921724878252533, 40.826747442185074 ] } },
{ "type": "Feature", "properties": { "nta2020": "BX0401", "ntaname.x": "Concourse-Concourse Village", "comp_year": 2021.0, "ntaname.y": "Concourse-Concourse Village", "units": 265.0, "units_cum": 1947.0, "city_units": 20786.0, "city_units_cum": 155673.0 }, "geometry": { "type": "Point", "coordinates": [ -73.921724878252533, 40.826747442185074 ] } },
{ "type": "Feature", "properties": { "nta2020": "BX0401", "ntaname.x": "Concourse-Concourse Village", "comp_year": 2022.0, "ntaname.y": null, "units": 0.0, "units_cum": 1947.0, "city_units": 19919.0, "city_units_cum": 175592.0 }, "geometry": { "type": "Point", "coordinates": [ -73.921724878252533, 40.826747442185074 ] } },
{ "type": "Feature", "properties": { "nta2020": "BX0401", "ntaname.x": "Concourse-Concourse Village", "comp_year": 2023.0, "ntaname.y": "Concourse-Concourse Village", "units": 2355.0, "units_cum": 4302.0, "city_units": 35384.0, "city_units_cum": 210976.0 }, "geometry": { "type": "Point", "coordinates": [ -73.921724878252533, 40.826747442185074 ] } },
{ "type": "Feature", "properties": { "nta2020": "BX0401", "ntaname.x": "Concourse-Concourse Village", "comp_year": 2024.0, "ntaname.y": "Concourse-Concourse Village", "units": 1449.0, "units_cum": 5751.0, "city_units": 49047.0, "city_units_cum": 260023.0 }, "geometry": { "type": "Point", "coordinates": [ -73.921724878252533, 40.826747442185074 ] } },
{ "type": "Feature", "properties": { "nta2020": "BX0401", "ntaname.x": "Concourse-Concourse Village", "comp_year": 2025.0, "ntaname.y": "Concourse-Concourse Village", "units": 508.0, "units_cum": 6259.0, "city_units": 16734.0, "city_units_cum": 276757.0 }, "geometry": { "type": "Point", "coordinates": [ -73.921724878252533, 40.826747442185074 ] } },
{ "type": "Feature", "properties": { "nta2020": "BX0402", "ntaname.x": "Highbridge", "comp_year": 2014.0, "ntaname.y": "Highbridge", "units": 41.0, "units_cum": 41.0, "city_units": 4879.0, "city_units_cum": 4879.0 }, "geometry": { "type": "Point", "coordinates": [ -73.927762905239817, 40.836857336702543 ] } },
{ "type": "Feature", "properties": { "nta2020": "BX0402", "ntaname.x": "Highbridge", "comp_year": 2015.0, "ntaname.y": "Highbridge", "units": 139.0, "units_cum": 180.0, "city_units": 7562.0, "city_units_cum": 12441.0 }, "geometry": { "type": "Point", "coordinates": [ -73.927762905239817, 40.836857336702543 ] } },
{ "type": "Feature", "properties": { "nta2020": "BX0402", "ntaname.x": "Highbridge", "comp_year": 2016.0, "ntaname.y": null, "units": 0.0, "units_cum": 180.0, "city_units": 15015.0, "city_units_cum": 27456.0 }, "geometry": { "type": "Point", "coordinates": [ -73.927762905239817, 40.836857336702543 ] } },
{ "type": "Feature", "properties": { "nta2020": "BX0402", "ntaname.x": "Highbridge", "comp_year": 2017.0, "ntaname.y": "Highbridge", "units": 216.0, "units_cum": 396.0, "city_units": 25343.0, "city_units_cum": 52799.0 }, "geometry": { "type": "Point", "coordinates": [ -73.927762905239817, 40.836857336702543 ] } },
{ "type": "Feature", "properties": { "nta2020": "BX0402", "ntaname.x": "Highbridge", "comp_year": 2018.0, "ntaname.y": "Highbridge", "units": 123.0, "units_cum": 519.0, "city_units": 33764.0, "city_units_cum": 86563.0 }, "geometry": { "type": "Point", "coordinates": [ -73.927762905239817, 40.836857336702543 ] } },
{ "type": "Feature", "properties": { "nta2020": "BX0402", "ntaname.x": "Highbridge", "comp_year": 2019.0, "ntaname.y": "Highbridge", "units": 705.0, "units_cum": 1224.0, "city_units": 29408.0, "city_units_cum": 115971.0 }, "geometry": { "type": "Point", "coordinates": [ -73.927762905239817, 40.836857336702543 ] } },
{ "type": "Feature", "properties": { "nta2020": "BX0402", "ntaname.x": "Highbridge", "comp_year": 2020.0, "ntaname.y": null, "units": 0.0, "units_cum": 1224.0, "city_units": 18916.0, "city_units_cum": 134887.0 }, "geometry": { "type": "Point", "coordinates": [ -73.927762905239817, 40.836857336702543 ] } },
{ "type": "Feature", "properties": { "nta2020": "BX0402", "ntaname.x": "Highbridge", "comp_year": 2021.0, "ntaname.y": "Highbridge", "units": 176.0, "units_cum": 1400.0, "city_units": 20786.0, "city_units_cum": 155673.0 }, "geometry": { "type": "Point", "coordinates": [ -73.927762905239817, 40.836857336702543 ] } },
{ "type": "Feature", "properties": { "nta2020": "BX0402", "ntaname.x": "Highbridge", "comp_year": 2022.0, "ntaname.y": "Highbridge", "units": 275.0, "units_cum": 1675.0, "city_units": 19919.0, "city_units_cum": 175592.0 }, "geometry": { "type": "Point", "coordinates": [ -73.927762905239817, 40.836857336702543 ] } },
{ "type": "Feature", "properties": { "nta2020": "BX0402", "ntaname.x": "Highbridge", "comp_year": 2023.0, "ntaname.y": "Highbridge", "units": 861.0, "units_cum": 2536.0, "city_units": 35384.0, "city_units_cum": 210976.0 }, "geometry": { "type": "Point", "coordinates": [ -73.927762905239817, 40.836857336702543 ] } },
{ "type": "Feature", "properties": { "nta2020": "BX0402", "ntaname.x": "Highbridge", "comp_year": 2024.0, "ntaname.y": "Highbridge", "units": 607.0, "units_cum": 3143.0, "city_units": 49047.0, "city_units_cum": 260023.0 }, "geometry": { "type": "Point", "coordinates": [ -73.927762905239817, 40.836857336702543 ] } },
{ "type": "Feature", "properties": { "nta2020": "BX0402", "ntaname.x": "Highbridge", "comp_year": 2025.0, "ntaname.y": "Highbridge", "units": 84.0, "units_cum": 3227.0, "city_units": 16734.0, "city_units_cum": 276757.0 }, "geometry": { "type": "Point", "coordinates": [ -73.927762905239817, 40.836857336702543 ] } },
{ "type": "Feature", "properties": { "nta2020": "BX0403", "ntaname.x": "Mount Eden-Claremont (West)", "comp_year": 2014.0, "ntaname.y": null, "units": 0.0, "units_cum": 0.0, "city_units": 4879.0, "city_units_cum": 4879.0 }, "geometry": { "type": "Point", "coordinates": [ -73.914428254662965, 40.840479777088596 ] } },
{ "type": "Feature", "properties": { "nta2020": "BX0403", "ntaname.x": "Mount Eden-Claremont (West)", "comp_year": 2015.0, "ntaname.y": "Mount Eden-Claremont (West)", "units": 127.0, "units_cum": 127.0, "city_units": 7562.0, "city_units_cum": 12441.0 }, "geometry": { "type": "Point", "coordinates": [ -73.914428254662965, 40.840479777088596 ] } },
{ "type": "Feature", "properties": { "nta2020": "BX0403", "ntaname.x": "Mount Eden-Claremont (West)", "comp_year": 2016.0, "ntaname.y": null, "units": 0.0, "units_cum": 127.0, "city_units": 15015.0, "city_units_cum": 27456.0 }, "geometry": { "type": "Point", "coordinates": [ -73.914428254662965, 40.840479777088596 ] } },
{ "type": "Feature", "properties": { "nta2020": "BX0403", "ntaname.x": "Mount Eden-Claremont (West)", "comp_year": 2017.0, "ntaname.y": "Mount Eden-Claremont (West)", "units": 544.0, "units_cum": 671.0, "city_units": 25343.0, "city_units_cum": 52799.0 }, "geometry": { "type": "Point", "coordinates": [ -73.914428254662965, 40.840479777088596 ] } },
{ "type": "Feature", "properties": { "nta2020": "BX0403", "ntaname.x": "Mount Eden-Claremont (West)", "comp_year": 2018.0, "ntaname.y": "Mount Eden-Claremont (West)", "units": 952.0, "units_cum": 1623.0, "city_units": 33764.0, "city_units_cum": 86563.0 }, "geometry": { "type": "Point", "coordinates": [ -73.914428254662965, 40.840479777088596 ] } },
{ "type": "Feature", "properties": { "nta2020": "BX0403", "ntaname.x": "Mount Eden-Claremont (West)", "comp_year": 2019.0, "ntaname.y": "Mount Eden-Claremont (West)", "units": 255.0, "units_cum": 1878.0, "city_units": 29408.0, "city_units_cum": 115971.0 }, "geometry": { "type": "Point", "coordinates": [ -73.914428254662965, 40.840479777088596 ] } },
{ "type": "Feature", "properties": { "nta2020": "BX0403", "ntaname.x": "Mount Eden-Claremont (West)", "comp_year": 2020.0, "ntaname.y": "Mount Eden-Claremont (West)", "units": 9.0, "units_cum": 1887.0, "city_units": 18916.0, "city_units_cum": 134887.0 }, "geometry": { "type": "Point", "coordinates": [ -73.914428254662965, 40.840479777088596 ] } },
{ "type": "Feature", "properties": { "nta2020": "BX0403", "ntaname.x": "Mount Eden-Claremont (West)", "comp_year": 2021.0, "ntaname.y": "Mount Eden-Claremont (West)", "units": 187.0, "units_cum": 2074.0, "city_units": 20786.0, "city_units_cum": 155673.0 }, "geometry": { "type": "Point", "coordinates": [ -73.914428254662965, 40.840479777088596 ] } },
{ "type": "Feature", "properties": { "nta2020": "BX0403", "ntaname.x": "Mount Eden-Claremont (West)", "comp_year": 2022.0, "ntaname.y": "Mount Eden-Claremont (West)", "units": 419.0, "units_cum": 2493.0, "city_units": 19919.0, "city_units_cum": 175592.0 }, "geometry": { "type": "Point", "coordinates": [ -73.914428254662965, 40.840479777088596 ] } },
{ "type": "Feature", "properties": { "nta2020": "BX0403", "ntaname.x": "Mount Eden-Claremont (West)", "comp_year": 2023.0, "ntaname.y": "Mount Eden-Claremont (West)", "units": 159.0, "units_cum": 2652.0, "city_units": 35384.0, "city_units_cum": 210976.0 }, "geometry": { "type": "Point", "coordinates": [ -73.914428254662965, 40.840479777088596 ] } },
{ "type": "Feature", "properties": { "nta2020": "BX0403", "ntaname.x": "Mount Eden-Claremont (West)", "comp_year": 2024.0, "ntaname.y": "Mount Eden-Claremont (West)", "units": 208.0, "units_cum": 2860.0, "city_units": 49047.0, "city_units_cum": 260023.0 }, "geometry": { "type": "Point", "coordinates": [ -73.914428254662965, 40.840479777088596 ] } },
{ "type": "Feature", "properties": { "nta2020": "BX0403", "ntaname.x": "Mount Eden-Claremont (West)", "comp_year": 2025.0, "ntaname.y": "Mount Eden-Claremont (West)", "units": 26.0, "units_cum": 2886.0, "city_units": 16734.0, "city_units_cum": 276757.0 }, "geometry": { "type": "Point", "coordinates": [ -73.914428254662965, 40.840479777088596 ] } },
{ "type": "Feature", "properties": { "nta2020": "BX0491", "ntaname.x": "Yankee Stadium-Macombs Dam Park", "comp_year": null, "ntaname.y": null, "units": null, "units_cum": null, "city_units": null, "city_units_cum": null }, "geometry": { "type": "Point", "coordinates": [ -73.926390316550027, 40.82998264748754 ] } },
{ "type": "Feature", "properties": { "nta2020": "BX0492", "ntaname.x": "Claremont Park", "comp_year": null, "ntaname.y": null, "units": null, "units_cum": null, "city_units": null, "city_units_cum": null }, "geometry": { "type": "Point", "coordinates": [ -73.907504160062757, 40.840430975270856 ] } },
{ "type": "Feature", "properties": { "nta2020": "BX0501", "ntaname.x": "University Heights (South)-Morris Heights", "comp_year": 2014.0, "ntaname.y": "University Heights (South)-Morris Heights", "units": 44.0, "units_cum": 44.0, "city_units": 4879.0, "city_units_cum": 4879.0 }, "geometry": { "type": "Point", "coordinates": [ -73.916124550445488, 40.851852816899132 ] } },
{ "type": "Feature", "properties": { "nta2020": "BX0501", "ntaname.x": "University Heights (South)-Morris Heights", "comp_year": 2015.0, "ntaname.y": null, "units": 0.0, "units_cum": 44.0, "city_units": 7562.0, "city_units_cum": 12441.0 }, "geometry": { "type": "Point", "coordinates": [ -73.916124550445488, 40.851852816899132 ] } },
{ "type": "Feature", "properties": { "nta2020": "BX0501", "ntaname.x": "University Heights (South)-Morris Heights", "comp_year": 2016.0, "ntaname.y": "University Heights (South)-Morris Heights", "units": 228.0, "units_cum": 272.0, "city_units": 15015.0, "city_units_cum": 27456.0 }, "geometry": { "type": "Point", "coordinates": [ -73.916124550445488, 40.851852816899132 ] } },
{ "type": "Feature", "properties": { "nta2020": "BX0501", "ntaname.x": "University Heights (South)-Morris Heights", "comp_year": 2017.0, "ntaname.y": "University Heights (South)-Morris Heights", "units": 98.0, "units_cum": 370.0, "city_units": 25343.0, "city_units_cum": 52799.0 }, "geometry": { "type": "Point", "coordinates": [ -73.916124550445488, 40.851852816899132 ] } },
{ "type": "Feature", "properties": { "nta2020": "BX0501", "ntaname.x": "University Heights (South)-Morris Heights", "comp_year": 2018.0, "ntaname.y": "University Heights (South)-Morris Heights", "units": 263.0, "units_cum": 633.0, "city_units": 33764.0, "city_units_cum": 86563.0 }, "geometry": { "type": "Point", "coordinates": [ -73.916124550445488, 40.851852816899132 ] } },
{ "type": "Feature", "properties": { "nta2020": "BX0501", "ntaname.x": "University Heights (South)-Morris Heights", "comp_year": 2019.0, "ntaname.y": "University Heights (South)-Morris Heights", "units": 333.0, "units_cum": 966.0, "city_units": 29408.0, "city_units_cum": 115971.0 }, "geometry": { "type": "Point", "coordinates": [ -73.916124550445488, 40.851852816899132 ] } },
{ "type": "Feature", "properties": { "nta2020": "BX0501", "ntaname.x": "University Heights (South)-Morris Heights", "comp_year": 2020.0, "ntaname.y": "University Heights (South)-Morris Heights", "units": 261.0, "units_cum": 1227.0, "city_units": 18916.0, "city_units_cum": 134887.0 }, "geometry": { "type": "Point", "coordinates": [ -73.916124550445488, 40.851852816899132 ] } },
{ "type": "Feature", "properties": { "nta2020": "BX0501", "ntaname.x": "University Heights (South)-Morris Heights", "comp_year": 2021.0, "ntaname.y": "University Heights (South)-Morris Heights", "units": 321.0, "units_cum": 1548.0, "city_units": 20786.0, "city_units_cum": 155673.0 }, "geometry": { "type": "Point", "coordinates": [ -73.916124550445488, 40.851852816899132 ] } },
{ "type": "Feature", "properties": { "nta2020": "BX0501", "ntaname.x": "University Heights (South)-Morris Heights", "comp_year": 2022.0, "ntaname.y": "University Heights (South)-Morris Heights", "units": 190.0, "units_cum": 1738.0, "city_units": 19919.0, "city_units_cum": 175592.0 }, "geometry": { "type": "Point", "coordinates": [ -73.916124550445488, 40.851852816899132 ] } },
{ "type": "Feature", "properties": { "nta2020": "BX0501", "ntaname.x": "University Heights (South)-Morris Heights", "comp_year": 2023.0, "ntaname.y": "University Heights (South)-Morris Heights", "units": 524.0, "units_cum": 2262.0, "city_units": 35384.0, "city_units_cum": 210976.0 }, "geometry": { "type": "Point", "coordinates": [ -73.916124550445488, 40.851852816899132 ] } },
{ "type": "Feature", "properties": { "nta2020": "BX0501", "ntaname.x": "University Heights (South)-Morris Heights", "comp_year": 2024.0, "ntaname.y": "University Heights (South)-Morris Heights", "units": 279.0, "units_cum": 2541.0, "city_units": 49047.0, "city_units_cum": 260023.0 }, "geometry": { "type": "Point", "coordinates": [ -73.916124550445488, 40.851852816899132 ] } },
{ "type": "Feature", "properties": { "nta2020": "BX0501", "ntaname.x": "University Heights (South)-Morris Heights", "comp_year": 2025.0, "ntaname.y": "University Heights (South)-Morris Heights", "units": 85.0, "units_cum": 2626.0, "city_units": 16734.0, "city_units_cum": 276757.0 }, "geometry": { "type": "Point", "coordinates": [ -73.916124550445488, 40.851852816899132 ] } },
{ "type": "Feature", "properties": { "nta2020": "BX0502", "ntaname.x": "Mount Hope", "comp_year": 2014.0, "ntaname.y": "Mount Hope", "units": 536.0, "units_cum": 536.0, "city_units": 4879.0, "city_units_cum": 4879.0 }, "geometry": { "type": "Point", "coordinates": [ -73.904417010972224, 40.849865175455903 ] } },
{ "type": "Feature", "properties": { "nta2020": "BX0502", "ntaname.x": "Mount Hope", "comp_year": 2015.0, "ntaname.y": "Mount Hope", "units": 48.0, "units_cum": 584.0, "city_units": 7562.0, "city_units_cum": 12441.0 }, "geometry": { "type": "Point", "coordinates": [ -73.904417010972224, 40.849865175455903 ] } },
{ "type": "Feature", "properties": { "nta2020": "BX0502", "ntaname.x": "Mount Hope", "comp_year": 2016.0, "ntaname.y": "Mount Hope", "units": 82.0, "units_cum": 666.0, "city_units": 15015.0, "city_units_cum": 27456.0 }, "geometry": { "type": "Point", "coordinates": [ -73.904417010972224, 40.849865175455903 ] } },
{ "type": "Feature", "properties": { "nta2020": "BX0502", "ntaname.x": "Mount Hope", "comp_year": 2017.0, "ntaname.y": "Mount Hope", "units": 136.0, "units_cum": 802.0, "city_units": 25343.0, "city_units_cum": 52799.0 }, "geometry": { "type": "Point", "coordinates": [ -73.904417010972224, 40.849865175455903 ] } },
{ "type": "Feature", "properties": { "nta2020": "BX0502", "ntaname.x": "Mount Hope", "comp_year": 2018.0, "ntaname.y": "Mount Hope", "units": 596.0, "units_cum": 1398.0, "city_units": 33764.0, "city_units_cum": 86563.0 }, "geometry": { "type": "Point", "coordinates": [ -73.904417010972224, 40.849865175455903 ] } },
{ "type": "Feature", "properties": { "nta2020": "BX0502", "ntaname.x": "Mount Hope", "comp_year": 2019.0, "ntaname.y": "Mount Hope", "units": 114.0, "units_cum": 1512.0, "city_units": 29408.0, "city_units_cum": 115971.0 }, "geometry": { "type": "Point", "coordinates": [ -73.904417010972224, 40.849865175455903 ] } },
{ "type": "Feature", "properties": { "nta2020": "BX0502", "ntaname.x": "Mount Hope", "comp_year": 2020.0, "ntaname.y": "Mount Hope", "units": 428.0, "units_cum": 1940.0, "city_units": 18916.0, "city_units_cum": 134887.0 }, "geometry": { "type": "Point", "coordinates": [ -73.904417010972224, 40.849865175455903 ] } },
{ "type": "Feature", "properties": { "nta2020": "BX0502", "ntaname.x": "Mount Hope", "comp_year": 2021.0, "ntaname.y": "Mount Hope", "units": 818.0, "units_cum": 2758.0, "city_units": 20786.0, "city_units_cum": 155673.0 }, "geometry": { "type": "Point", "coordinates": [ -73.904417010972224, 40.849865175455903 ] } },
{ "type": "Feature", "properties": { "nta2020": "BX0502", "ntaname.x": "Mount Hope", "comp_year": 2022.0, "ntaname.y": "Mount Hope", "units": 351.0, "units_cum": 3109.0, "city_units": 19919.0, "city_units_cum": 175592.0 }, "geometry": { "type": "Point", "coordinates": [ -73.904417010972224, 40.849865175455903 ] } },
{ "type": "Feature", "properties": { "nta2020": "BX0502", "ntaname.x": "Mount Hope", "comp_year": 2023.0, "ntaname.y": "Mount Hope", "units": 720.0, "units_cum": 3829.0, "city_units": 35384.0, "city_units_cum": 210976.0 }, "geometry": { "type": "Point", "coordinates": [ -73.904417010972224, 40.849865175455903 ] } },
{ "type": "Feature", "properties": { "nta2020": "BX0502", "ntaname.x": "Mount Hope", "comp_year": 2024.0, "ntaname.y": "Mount Hope", "units": 505.0, "units_cum": 4334.0, "city_units": 49047.0, "city_units_cum": 260023.0 }, "geometry": { "type": "Point", "coordinates": [ -73.904417010972224, 40.849865175455903 ] } },
{ "type": "Feature", "properties": { "nta2020": "BX0502", "ntaname.x": "Mount Hope", "comp_year": 2025.0, "ntaname.y": "Mount Hope", "units": 356.0, "units_cum": 4690.0, "city_units": 16734.0, "city_units_cum": 276757.0 }, "geometry": { "type": "Point", "coordinates": [ -73.904417010972224, 40.849865175455903 ] } },
{ "type": "Feature", "properties": { "nta2020": "BX0503", "ntaname.x": "Fordham Heights", "comp_year": 2014.0, "ntaname.y": "Fordham Heights", "units": 70.0, "units_cum": 70.0, "city_units": 4879.0, "city_units_cum": 4879.0 }, "geometry": { "type": "Point", "coordinates": [ -73.89912820261921, 40.858733115603783 ] } },
{ "type": "Feature", "properties": { "nta2020": "BX0503", "ntaname.x": "Fordham Heights", "comp_year": 2015.0, "ntaname.y": "Fordham Heights", "units": 85.0, "units_cum": 155.0, "city_units": 7562.0, "city_units_cum": 12441.0 }, "geometry": { "type": "Point", "coordinates": [ -73.89912820261921, 40.858733115603783 ] } },
{ "type": "Feature", "properties": { "nta2020": "BX0503", "ntaname.x": "Fordham Heights", "comp_year": 2016.0, "ntaname.y": "Fordham Heights", "units": 36.0, "units_cum": 191.0, "city_units": 15015.0, "city_units_cum": 27456.0 }, "geometry": { "type": "Point", "coordinates": [ -73.89912820261921, 40.858733115603783 ] } },
{ "type": "Feature", "properties": { "nta2020": "BX0503", "ntaname.x": "Fordham Heights", "comp_year": 2017.0, "ntaname.y": "Fordham Heights", "units": 133.0, "units_cum": 324.0, "city_units": 25343.0, "city_units_cum": 52799.0 }, "geometry": { "type": "Point", "coordinates": [ -73.89912820261921, 40.858733115603783 ] } },
{ "type": "Feature", "properties": { "nta2020": "BX0503", "ntaname.x": "Fordham Heights", "comp_year": 2018.0, "ntaname.y": "Fordham Heights", "units": 148.0, "units_cum": 472.0, "city_units": 33764.0, "city_units_cum": 86563.0 }, "geometry": { "type": "Point", "coordinates": [ -73.89912820261921, 40.858733115603783 ] } },
{ "type": "Feature", "properties": { "nta2020": "BX0503", "ntaname.x": "Fordham Heights", "comp_year": 2019.0, "ntaname.y": null, "units": 0.0, "units_cum": 472.0, "city_units": 29408.0, "city_units_cum": 115971.0 }, "geometry": { "type": "Point", "coordinates": [ -73.89912820261921, 40.858733115603783 ] } },
{ "type": "Feature", "properties": { "nta2020": "BX0503", "ntaname.x": "Fordham Heights", "comp_year": 2020.0, "ntaname.y": "Fordham Heights", "units": 24.0, "units_cum": 496.0, "city_units": 18916.0, "city_units_cum": 134887.0 }, "geometry": { "type": "Point", "coordinates": [ -73.89912820261921, 40.858733115603783 ] } },
{ "type": "Feature", "properties": { "nta2020": "BX0503", "ntaname.x": "Fordham Heights", "comp_year": 2021.0, "ntaname.y": "Fordham Heights", "units": 93.0, "units_cum": 589.0, "city_units": 20786.0, "city_units_cum": 155673.0 }, "geometry": { "type": "Point", "coordinates": [ -73.89912820261921, 40.858733115603783 ] } },
{ "type": "Feature", "properties": { "nta2020": "BX0503", "ntaname.x": "Fordham Heights", "comp_year": 2022.0, "ntaname.y": "Fordham Heights", "units": 106.0, "units_cum": 695.0, "city_units": 19919.0, "city_units_cum": 175592.0 }, "geometry": { "type": "Point", "coordinates": [ -73.89912820261921, 40.858733115603783 ] } },
{ "type": "Feature", "properties": { "nta2020": "BX0503", "ntaname.x": "Fordham Heights", "comp_year": 2023.0, "ntaname.y": "Fordham Heights", "units": 274.0, "units_cum": 969.0, "city_units": 35384.0, "city_units_cum": 210976.0 }, "geometry": { "type": "Point", "coordinates": [ -73.89912820261921, 40.858733115603783 ] } },
{ "type": "Feature", "properties": { "nta2020": "BX0503", "ntaname.x": "Fordham Heights", "comp_year": 2024.0, "ntaname.y": "Fordham Heights", "units": 184.0, "units_cum": 1153.0, "city_units": 49047.0, "city_units_cum": 260023.0 }, "geometry": { "type": "Point", "coordinates": [ -73.89912820261921, 40.858733115603783 ] } },
{ "type": "Feature", "properties": { "nta2020": "BX0503", "ntaname.x": "Fordham Heights", "comp_year": 2025.0, "ntaname.y": null, "units": 0.0, "units_cum": 1153.0, "city_units": 16734.0, "city_units_cum": 276757.0 }, "geometry": { "type": "Point", "coordinates": [ -73.89912820261921, 40.858733115603783 ] } },
{ "type": "Feature", "properties": { "nta2020": "BX0601", "ntaname.x": "West Farms", "comp_year": 2014.0, "ntaname.y": "West Farms", "units": 84.0, "units_cum": 84.0, "city_units": 4879.0, "city_units_cum": 4879.0 }, "geometry": { "type": "Point", "coordinates": [ -73.878628204322069, 40.841259485923565 ] } },
{ "type": "Feature", "properties": { "nta2020": "BX0601", "ntaname.x": "West Farms", "comp_year": 2015.0, "ntaname.y": null, "units": 0.0, "units_cum": 84.0, "city_units": 7562.0, "city_units_cum": 12441.0 }, "geometry": { "type": "Point", "coordinates": [ -73.878628204322069, 40.841259485923565 ] } },
{ "type": "Feature", "properties": { "nta2020": "BX0601", "ntaname.x": "West Farms", "comp_year": 2016.0, "ntaname.y": null, "units": 0.0, "units_cum": 84.0, "city_units": 15015.0, "city_units_cum": 27456.0 }, "geometry": { "type": "Point", "coordinates": [ -73.878628204322069, 40.841259485923565 ] } },
{ "type": "Feature", "properties": { "nta2020": "BX0601", "ntaname.x": "West Farms", "comp_year": 2017.0, "ntaname.y": "West Farms", "units": 212.0, "units_cum": 296.0, "city_units": 25343.0, "city_units_cum": 52799.0 }, "geometry": { "type": "Point", "coordinates": [ -73.878628204322069, 40.841259485923565 ] } },
{ "type": "Feature", "properties": { "nta2020": "BX0601", "ntaname.x": "West Farms", "comp_year": 2018.0, "ntaname.y": "West Farms", "units": 502.0, "units_cum": 798.0, "city_units": 33764.0, "city_units_cum": 86563.0 }, "geometry": { "type": "Point", "coordinates": [ -73.878628204322069, 40.841259485923565 ] } },
{ "type": "Feature", "properties": { "nta2020": "BX0601", "ntaname.x": "West Farms", "comp_year": 2019.0, "ntaname.y": "West Farms", "units": 218.0, "units_cum": 1016.0, "city_units": 29408.0, "city_units_cum": 115971.0 }, "geometry": { "type": "Point", "coordinates": [ -73.878628204322069, 40.841259485923565 ] } },
{ "type": "Feature", "properties": { "nta2020": "BX0601", "ntaname.x": "West Farms", "comp_year": 2020.0, "ntaname.y": null, "units": 0.0, "units_cum": 1016.0, "city_units": 18916.0, "city_units_cum": 134887.0 }, "geometry": { "type": "Point", "coordinates": [ -73.878628204322069, 40.841259485923565 ] } },
{ "type": "Feature", "properties": { "nta2020": "BX0601", "ntaname.x": "West Farms", "comp_year": 2021.0, "ntaname.y": "West Farms", "units": 120.0, "units_cum": 1136.0, "city_units": 20786.0, "city_units_cum": 155673.0 }, "geometry": { "type": "Point", "coordinates": [ -73.878628204322069, 40.841259485923565 ] } },
{ "type": "Feature", "properties": { "nta2020": "BX0601", "ntaname.x": "West Farms", "comp_year": 2022.0, "ntaname.y": "West Farms", "units": 503.0, "units_cum": 1639.0, "city_units": 19919.0, "city_units_cum": 175592.0 }, "geometry": { "type": "Point", "coordinates": [ -73.878628204322069, 40.841259485923565 ] } },
{ "type": "Feature", "properties": { "nta2020": "BX0601", "ntaname.x": "West Farms", "comp_year": 2023.0, "ntaname.y": "West Farms", "units": 945.0, "units_cum": 2584.0, "city_units": 35384.0, "city_units_cum": 210976.0 }, "geometry": { "type": "Point", "coordinates": [ -73.878628204322069, 40.841259485923565 ] } },
{ "type": "Feature", "properties": { "nta2020": "BX0601", "ntaname.x": "West Farms", "comp_year": 2024.0, "ntaname.y": "West Farms", "units": 423.0, "units_cum": 3007.0, "city_units": 49047.0, "city_units_cum": 260023.0 }, "geometry": { "type": "Point", "coordinates": [ -73.878628204322069, 40.841259485923565 ] } },
{ "type": "Feature", "properties": { "nta2020": "BX0601", "ntaname.x": "West Farms", "comp_year": 2025.0, "ntaname.y": "West Farms", "units": 76.0, "units_cum": 3083.0, "city_units": 16734.0, "city_units_cum": 276757.0 }, "geometry": { "type": "Point", "coordinates": [ -73.878628204322069, 40.841259485923565 ] } },
{ "type": "Feature", "properties": { "nta2020": "BX0602", "ntaname.x": "Tremont", "comp_year": 2014.0, "ntaname.y": "Tremont", "units": 382.0, "units_cum": 382.0, "city_units": 4879.0, "city_units_cum": 4879.0 }, "geometry": { "type": "Point", "coordinates": [ -73.891755832823023, 40.846922874542599 ] } },
{ "type": "Feature", "properties": { "nta2020": "BX0602", "ntaname.x": "Tremont", "comp_year": 2015.0, "ntaname.y": "Tremont", "units": 55.0, "units_cum": 437.0, "city_units": 7562.0, "city_units_cum": 12441.0 }, "geometry": { "type": "Point", "coordinates": [ -73.891755832823023, 40.846922874542599 ] } },
{ "type": "Feature", "properties": { "nta2020": "BX0602", "ntaname.x": "Tremont", "comp_year": 2016.0, "ntaname.y": "Tremont", "units": 8.0, "units_cum": 445.0, "city_units": 15015.0, "city_units_cum": 27456.0 }, "geometry": { "type": "Point", "coordinates": [ -73.891755832823023, 40.846922874542599 ] } },
{ "type": "Feature", "properties": { "nta2020": "BX0602", "ntaname.x": "Tremont", "comp_year": 2017.0, "ntaname.y": "Tremont", "units": 162.0, "units_cum": 607.0, "city_units": 25343.0, "city_units_cum": 52799.0 }, "geometry": { "type": "Point", "coordinates": [ -73.891755832823023, 40.846922874542599 ] } },
{ "type": "Feature", "properties": { "nta2020": "BX0602", "ntaname.x": "Tremont", "comp_year": 2018.0, "ntaname.y": "Tremont", "units": 342.0, "units_cum": 949.0, "city_units": 33764.0, "city_units_cum": 86563.0 }, "geometry": { "type": "Point", "coordinates": [ -73.891755832823023, 40.846922874542599 ] } },
{ "type": "Feature", "properties": { "nta2020": "BX0602", "ntaname.x": "Tremont", "comp_year": 2019.0, "ntaname.y": "Tremont", "units": 159.0, "units_cum": 1108.0, "city_units": 29408.0, "city_units_cum": 115971.0 }, "geometry": { "type": "Point", "coordinates": [ -73.891755832823023, 40.846922874542599 ] } },
{ "type": "Feature", "properties": { "nta2020": "BX0602", "ntaname.x": "Tremont", "comp_year": 2020.0, "ntaname.y": "Tremont", "units": 269.0, "units_cum": 1377.0, "city_units": 18916.0, "city_units_cum": 134887.0 }, "geometry": { "type": "Point", "coordinates": [ -73.891755832823023, 40.846922874542599 ] } },
{ "type": "Feature", "properties": { "nta2020": "BX0602", "ntaname.x": "Tremont", "comp_year": 2021.0, "ntaname.y": "Tremont", "units": 417.0, "units_cum": 1794.0, "city_units": 20786.0, "city_units_cum": 155673.0 }, "geometry": { "type": "Point", "coordinates": [ -73.891755832823023, 40.846922874542599 ] } },
{ "type": "Feature", "properties": { "nta2020": "BX0602", "ntaname.x": "Tremont", "comp_year": 2022.0, "ntaname.y": "Tremont", "units": 190.0, "units_cum": 1984.0, "city_units": 19919.0, "city_units_cum": 175592.0 }, "geometry": { "type": "Point", "coordinates": [ -73.891755832823023, 40.846922874542599 ] } },
{ "type": "Feature", "properties": { "nta2020": "BX0602", "ntaname.x": "Tremont", "comp_year": 2023.0, "ntaname.y": "Tremont", "units": 492.0, "units_cum": 2476.0, "city_units": 35384.0, "city_units_cum": 210976.0 }, "geometry": { "type": "Point", "coordinates": [ -73.891755832823023, 40.846922874542599 ] } },
{ "type": "Feature", "properties": { "nta2020": "BX0602", "ntaname.x": "Tremont", "comp_year": 2024.0, "ntaname.y": "Tremont", "units": 239.0, "units_cum": 2715.0, "city_units": 49047.0, "city_units_cum": 260023.0 }, "geometry": { "type": "Point", "coordinates": [ -73.891755832823023, 40.846922874542599 ] } },
{ "type": "Feature", "properties": { "nta2020": "BX0602", "ntaname.x": "Tremont", "comp_year": 2025.0, "ntaname.y": "Tremont", "units": 46.0, "units_cum": 2761.0, "city_units": 16734.0, "city_units_cum": 276757.0 }, "geometry": { "type": "Point", "coordinates": [ -73.891755832823023, 40.846922874542599 ] } },
{ "type": "Feature", "properties": { "nta2020": "BX0603", "ntaname.x": "Belmont", "comp_year": 2014.0, "ntaname.y": "Belmont", "units": 108.0, "units_cum": 108.0, "city_units": 4879.0, "city_units_cum": 4879.0 }, "geometry": { "type": "Point", "coordinates": [ -73.887052648445533, 40.857606916302409 ] } },
{ "type": "Feature", "properties": { "nta2020": "BX0603", "ntaname.x": "Belmont", "comp_year": 2015.0, "ntaname.y": "Belmont", "units": 180.0, "units_cum": 288.0, "city_units": 7562.0, "city_units_cum": 12441.0 }, "geometry": { "type": "Point", "coordinates": [ -73.887052648445533, 40.857606916302409 ] } },
{ "type": "Feature", "properties": { "nta2020": "BX0603", "ntaname.x": "Belmont", "comp_year": 2016.0, "ntaname.y": "Belmont", "units": 24.0, "units_cum": 312.0, "city_units": 15015.0, "city_units_cum": 27456.0 }, "geometry": { "type": "Point", "coordinates": [ -73.887052648445533, 40.857606916302409 ] } },
{ "type": "Feature", "properties": { "nta2020": "BX0603", "ntaname.x": "Belmont", "comp_year": 2017.0, "ntaname.y": "Belmont", "units": 633.0, "units_cum": 945.0, "city_units": 25343.0, "city_units_cum": 52799.0 }, "geometry": { "type": "Point", "coordinates": [ -73.887052648445533, 40.857606916302409 ] } },
{ "type": "Feature", "properties": { "nta2020": "BX0603", "ntaname.x": "Belmont", "comp_year": 2018.0, "ntaname.y": "Belmont", "units": 41.0, "units_cum": 986.0, "city_units": 33764.0, "city_units_cum": 86563.0 }, "geometry": { "type": "Point", "coordinates": [ -73.887052648445533, 40.857606916302409 ] } },
{ "type": "Feature", "properties": { "nta2020": "BX0603", "ntaname.x": "Belmont", "comp_year": 2019.0, "ntaname.y": "Belmont", "units": 279.0, "units_cum": 1265.0, "city_units": 29408.0, "city_units_cum": 115971.0 }, "geometry": { "type": "Point", "coordinates": [ -73.887052648445533, 40.857606916302409 ] } },
{ "type": "Feature", "properties": { "nta2020": "BX0603", "ntaname.x": "Belmont", "comp_year": 2020.0, "ntaname.y": "Belmont", "units": 17.0, "units_cum": 1282.0, "city_units": 18916.0, "city_units_cum": 134887.0 }, "geometry": { "type": "Point", "coordinates": [ -73.887052648445533, 40.857606916302409 ] } },
{ "type": "Feature", "properties": { "nta2020": "BX0603", "ntaname.x": "Belmont", "comp_year": 2021.0, "ntaname.y": null, "units": 0.0, "units_cum": 1282.0, "city_units": 20786.0, "city_units_cum": 155673.0 }, "geometry": { "type": "Point", "coordinates": [ -73.887052648445533, 40.857606916302409 ] } },
{ "type": "Feature", "properties": { "nta2020": "BX0603", "ntaname.x": "Belmont", "comp_year": 2022.0, "ntaname.y": "Belmont", "units": 260.0, "units_cum": 1542.0, "city_units": 19919.0, "city_units_cum": 175592.0 }, "geometry": { "type": "Point", "coordinates": [ -73.887052648445533, 40.857606916302409 ] } },
{ "type": "Feature", "properties": { "nta2020": "BX0603", "ntaname.x": "Belmont", "comp_year": 2023.0, "ntaname.y": "Belmont", "units": 297.0, "units_cum": 1839.0, "city_units": 35384.0, "city_units_cum": 210976.0 }, "geometry": { "type": "Point", "coordinates": [ -73.887052648445533, 40.857606916302409 ] } },
{ "type": "Feature", "properties": { "nta2020": "BX0603", "ntaname.x": "Belmont", "comp_year": 2024.0, "ntaname.y": "Belmont", "units": 893.0, "units_cum": 2732.0, "city_units": 49047.0, "city_units_cum": 260023.0 }, "geometry": { "type": "Point", "coordinates": [ -73.887052648445533, 40.857606916302409 ] } },
{ "type": "Feature", "properties": { "nta2020": "BX0603", "ntaname.x": "Belmont", "comp_year": 2025.0, "ntaname.y": "Belmont", "units": 44.0, "units_cum": 2776.0, "city_units": 16734.0, "city_units_cum": 276757.0 }, "geometry": { "type": "Point", "coordinates": [ -73.887052648445533, 40.857606916302409 ] } },
{ "type": "Feature", "properties": { "nta2020": "BX0701", "ntaname.x": "University Heights (North)-Fordham", "comp_year": 2014.0, "ntaname.y": null, "units": 0.0, "units_cum": 0.0, "city_units": 4879.0, "city_units_cum": 4879.0 }, "geometry": { "type": "Point", "coordinates": [ -73.904749856914947, 40.864572729135809 ] } },
{ "type": "Feature", "properties": { "nta2020": "BX0701", "ntaname.x": "University Heights (North)-Fordham", "comp_year": 2015.0, "ntaname.y": "University Heights (North)-Fordham", "units": 20.0, "units_cum": 20.0, "city_units": 7562.0, "city_units_cum": 12441.0 }, "geometry": { "type": "Point", "coordinates": [ -73.904749856914947, 40.864572729135809 ] } },
{ "type": "Feature", "properties": { "nta2020": "BX0701", "ntaname.x": "University Heights (North)-Fordham", "comp_year": 2016.0, "ntaname.y": "University Heights (North)-Fordham", "units": 46.0, "units_cum": 66.0, "city_units": 15015.0, "city_units_cum": 27456.0 }, "geometry": { "type": "Point", "coordinates": [ -73.904749856914947, 40.864572729135809 ] } },
{ "type": "Feature", "properties": { "nta2020": "BX0701", "ntaname.x": "University Heights (North)-Fordham", "comp_year": 2017.0, "ntaname.y": "University Heights (North)-Fordham", "units": 300.0, "units_cum": 366.0, "city_units": 25343.0, "city_units_cum": 52799.0 }, "geometry": { "type": "Point", "coordinates": [ -73.904749856914947, 40.864572729135809 ] } },
{ "type": "Feature", "properties": { "nta2020": "BX0701", "ntaname.x": "University Heights (North)-Fordham", "comp_year": 2018.0, "ntaname.y": "University Heights (North)-Fordham", "units": 325.0, "units_cum": 691.0, "city_units": 33764.0, "city_units_cum": 86563.0 }, "geometry": { "type": "Point", "coordinates": [ -73.904749856914947, 40.864572729135809 ] } },
{ "type": "Feature", "properties": { "nta2020": "BX0701", "ntaname.x": "University Heights (North)-Fordham", "comp_year": 2019.0, "ntaname.y": "University Heights (North)-Fordham", "units": 94.0, "units_cum": 785.0, "city_units": 29408.0, "city_units_cum": 115971.0 }, "geometry": { "type": "Point", "coordinates": [ -73.904749856914947, 40.864572729135809 ] } },
{ "type": "Feature", "properties": { "nta2020": "BX0701", "ntaname.x": "University Heights (North)-Fordham", "comp_year": 2020.0, "ntaname.y": "University Heights (North)-Fordham", "units": 189.0, "units_cum": 974.0, "city_units": 18916.0, "city_units_cum": 134887.0 }, "geometry": { "type": "Point", "coordinates": [ -73.904749856914947, 40.864572729135809 ] } },
{ "type": "Feature", "properties": { "nta2020": "BX0701", "ntaname.x": "University Heights (North)-Fordham", "comp_year": 2021.0, "ntaname.y": "University Heights (North)-Fordham", "units": 64.0, "units_cum": 1038.0, "city_units": 20786.0, "city_units_cum": 155673.0 }, "geometry": { "type": "Point", "coordinates": [ -73.904749856914947, 40.864572729135809 ] } },
{ "type": "Feature", "properties": { "nta2020": "BX0701", "ntaname.x": "University Heights (North)-Fordham", "comp_year": 2022.0, "ntaname.y": "University Heights (North)-Fordham", "units": 176.0, "units_cum": 1214.0, "city_units": 19919.0, "city_units_cum": 175592.0 }, "geometry": { "type": "Point", "coordinates": [ -73.904749856914947, 40.864572729135809 ] } },
{ "type": "Feature", "properties": { "nta2020": "BX0701", "ntaname.x": "University Heights (North)-Fordham", "comp_year": 2023.0, "ntaname.y": "University Heights (North)-Fordham", "units": 113.0, "units_cum": 1327.0, "city_units": 35384.0, "city_units_cum": 210976.0 }, "geometry": { "type": "Point", "coordinates": [ -73.904749856914947, 40.864572729135809 ] } },
{ "type": "Feature", "properties": { "nta2020": "BX0701", "ntaname.x": "University Heights (North)-Fordham", "comp_year": 2024.0, "ntaname.y": "University Heights (North)-Fordham", "units": 110.0, "units_cum": 1437.0, "city_units": 49047.0, "city_units_cum": 260023.0 }, "geometry": { "type": "Point", "coordinates": [ -73.904749856914947, 40.864572729135809 ] } },
{ "type": "Feature", "properties": { "nta2020": "BX0701", "ntaname.x": "University Heights (North)-Fordham", "comp_year": 2025.0, "ntaname.y": "University Heights (North)-Fordham", "units": 130.0, "units_cum": 1567.0, "city_units": 16734.0, "city_units_cum": 276757.0 }, "geometry": { "type": "Point", "coordinates": [ -73.904749856914947, 40.864572729135809 ] } },
{ "type": "Feature", "properties": { "nta2020": "BX0702", "ntaname.x": "Bedford Park", "comp_year": 2014.0, "ntaname.y": "Bedford Park", "units": 27.0, "units_cum": 27.0, "city_units": 4879.0, "city_units_cum": 4879.0 }, "geometry": { "type": "Point", "coordinates": [ -73.8907905959462, 40.873562708057797 ] } },
{ "type": "Feature", "properties": { "nta2020": "BX0702", "ntaname.x": "Bedford Park", "comp_year": 2015.0, "ntaname.y": "Bedford Park", "units": 11.0, "units_cum": 38.0, "city_units": 7562.0, "city_units_cum": 12441.0 }, "geometry": { "type": "Point", "coordinates": [ -73.8907905959462, 40.873562708057797 ] } },
{ "type": "Feature", "properties": { "nta2020": "BX0702", "ntaname.x": "Bedford Park", "comp_year": 2016.0, "ntaname.y": null, "units": 0.0, "units_cum": 38.0, "city_units": 15015.0, "city_units_cum": 27456.0 }, "geometry": { "type": "Point", "coordinates": [ -73.8907905959462, 40.873562708057797 ] } },
{ "type": "Feature", "properties": { "nta2020": "BX0702", "ntaname.x": "Bedford Park", "comp_year": 2017.0, "ntaname.y": "Bedford Park", "units": 80.0, "units_cum": 118.0, "city_units": 25343.0, "city_units_cum": 52799.0 }, "geometry": { "type": "Point", "coordinates": [ -73.8907905959462, 40.873562708057797 ] } },
{ "type": "Feature", "properties": { "nta2020": "BX0702", "ntaname.x": "Bedford Park", "comp_year": 2018.0, "ntaname.y": "Bedford Park", "units": 285.0, "units_cum": 403.0, "city_units": 33764.0, "city_units_cum": 86563.0 }, "geometry": { "type": "Point", "coordinates": [ -73.8907905959462, 40.873562708057797 ] } },
{ "type": "Feature", "properties": { "nta2020": "BX0702", "ntaname.x": "Bedford Park", "comp_year": 2019.0, "ntaname.y": "Bedford Park", "units": 1600.0, "units_cum": 2003.0, "city_units": 29408.0, "city_units_cum": 115971.0 }, "geometry": { "type": "Point", "coordinates": [ -73.8907905959462, 40.873562708057797 ] } },
{ "type": "Feature", "properties": { "nta2020": "BX0702", "ntaname.x": "Bedford Park", "comp_year": 2020.0, "ntaname.y": "Bedford Park", "units": 276.0, "units_cum": 2279.0, "city_units": 18916.0, "city_units_cum": 134887.0 }, "geometry": { "type": "Point", "coordinates": [ -73.8907905959462, 40.873562708057797 ] } },
{ "type": "Feature", "properties": { "nta2020": "BX0702", "ntaname.x": "Bedford Park", "comp_year": 2021.0, "ntaname.y": "Bedford Park", "units": 358.0, "units_cum": 2637.0, "city_units": 20786.0, "city_units_cum": 155673.0 }, "geometry": { "type": "Point", "coordinates": [ -73.8907905959462, 40.873562708057797 ] } },
{ "type": "Feature", "properties": { "nta2020": "BX0702", "ntaname.x": "Bedford Park", "comp_year": 2022.0, "ntaname.y": "Bedford Park", "units": 386.0, "units_cum": 3023.0, "city_units": 19919.0, "city_units_cum": 175592.0 }, "geometry": { "type": "Point", "coordinates": [ -73.8907905959462, 40.873562708057797 ] } },
{ "type": "Feature", "properties": { "nta2020": "BX0702", "ntaname.x": "Bedford Park", "comp_year": 2023.0, "ntaname.y": "Bedford Park", "units": 164.0, "units_cum": 3187.0, "city_units": 35384.0, "city_units_cum": 210976.0 }, "geometry": { "type": "Point", "coordinates": [ -73.8907905959462, 40.873562708057797 ] } },
{ "type": "Feature", "properties": { "nta2020": "BX0702", "ntaname.x": "Bedford Park", "comp_year": 2024.0, "ntaname.y": "Bedford Park", "units": 889.0, "units_cum": 4076.0, "city_units": 49047.0, "city_units_cum": 260023.0 }, "geometry": { "type": "Point", "coordinates": [ -73.8907905959462, 40.873562708057797 ] } },
{ "type": "Feature", "properties": { "nta2020": "BX0702", "ntaname.x": "Bedford Park", "comp_year": 2025.0, "ntaname.y": "Bedford Park", "units": 105.0, "units_cum": 4181.0, "city_units": 16734.0, "city_units_cum": 276757.0 }, "geometry": { "type": "Point", "coordinates": [ -73.8907905959462, 40.873562708057797 ] } },
{ "type": "Feature", "properties": { "nta2020": "BX0703", "ntaname.x": "Norwood", "comp_year": 2014.0, "ntaname.y": null, "units": 0.0, "units_cum": 0.0, "city_units": 4879.0, "city_units_cum": 4879.0 }, "geometry": { "type": "Point", "coordinates": [ -73.879019035320752, 40.877140676462417 ] } },
{ "type": "Feature", "properties": { "nta2020": "BX0703", "ntaname.x": "Norwood", "comp_year": 2015.0, "ntaname.y": null, "units": 0.0, "units_cum": 0.0, "city_units": 7562.0, "city_units_cum": 12441.0 }, "geometry": { "type": "Point", "coordinates": [ -73.879019035320752, 40.877140676462417 ] } },
{ "type": "Feature", "properties": { "nta2020": "BX0703", "ntaname.x": "Norwood", "comp_year": 2016.0, "ntaname.y": "Norwood", "units": 94.0, "units_cum": 94.0, "city_units": 15015.0, "city_units_cum": 27456.0 }, "geometry": { "type": "Point", "coordinates": [ -73.879019035320752, 40.877140676462417 ] } },
{ "type": "Feature", "properties": { "nta2020": "BX0703", "ntaname.x": "Norwood", "comp_year": 2017.0, "ntaname.y": null, "units": 0.0, "units_cum": 94.0, "city_units": 25343.0, "city_units_cum": 52799.0 }, "geometry": { "type": "Point", "coordinates": [ -73.879019035320752, 40.877140676462417 ] } },
{ "type": "Feature", "properties": { "nta2020": "BX0703", "ntaname.x": "Norwood", "comp_year": 2018.0, "ntaname.y": null, "units": 0.0, "units_cum": 94.0, "city_units": 33764.0, "city_units_cum": 86563.0 }, "geometry": { "type": "Point", "coordinates": [ -73.879019035320752, 40.877140676462417 ] } },
{ "type": "Feature", "properties": { "nta2020": "BX0703", "ntaname.x": "Norwood", "comp_year": 2019.0, "ntaname.y": "Norwood", "units": 465.0, "units_cum": 559.0, "city_units": 29408.0, "city_units_cum": 115971.0 }, "geometry": { "type": "Point", "coordinates": [ -73.879019035320752, 40.877140676462417 ] } },
{ "type": "Feature", "properties": { "nta2020": "BX0703", "ntaname.x": "Norwood", "comp_year": 2020.0, "ntaname.y": null, "units": 0.0, "units_cum": 559.0, "city_units": 18916.0, "city_units_cum": 134887.0 }, "geometry": { "type": "Point", "coordinates": [ -73.879019035320752, 40.877140676462417 ] } },
{ "type": "Feature", "properties": { "nta2020": "BX0703", "ntaname.x": "Norwood", "comp_year": 2021.0, "ntaname.y": null, "units": 0.0, "units_cum": 559.0, "city_units": 20786.0, "city_units_cum": 155673.0 }, "geometry": { "type": "Point", "coordinates": [ -73.879019035320752, 40.877140676462417 ] } },
{ "type": "Feature", "properties": { "nta2020": "BX0703", "ntaname.x": "Norwood", "comp_year": 2022.0, "ntaname.y": "Norwood", "units": 45.0, "units_cum": 604.0, "city_units": 19919.0, "city_units_cum": 175592.0 }, "geometry": { "type": "Point", "coordinates": [ -73.879019035320752, 40.877140676462417 ] } },
{ "type": "Feature", "properties": { "nta2020": "BX0703", "ntaname.x": "Norwood", "comp_year": 2023.0, "ntaname.y": "Norwood", "units": 146.0, "units_cum": 750.0, "city_units": 35384.0, "city_units_cum": 210976.0 }, "geometry": { "type": "Point", "coordinates": [ -73.879019035320752, 40.877140676462417 ] } },
{ "type": "Feature", "properties": { "nta2020": "BX0703", "ntaname.x": "Norwood", "comp_year": 2024.0, "ntaname.y": null, "units": 0.0, "units_cum": 750.0, "city_units": 49047.0, "city_units_cum": 260023.0 }, "geometry": { "type": "Point", "coordinates": [ -73.879019035320752, 40.877140676462417 ] } },
{ "type": "Feature", "properties": { "nta2020": "BX0703", "ntaname.x": "Norwood", "comp_year": 2025.0, "ntaname.y": "Norwood", "units": 77.0, "units_cum": 827.0, "city_units": 16734.0, "city_units_cum": 276757.0 }, "geometry": { "type": "Point", "coordinates": [ -73.879019035320752, 40.877140676462417 ] } },
{ "type": "Feature", "properties": { "nta2020": "BX0801", "ntaname.x": "Kingsbridge Heights-Van Cortlandt Village", "comp_year": 2014.0, "ntaname.y": null, "units": 0.0, "units_cum": 0.0, "city_units": 4879.0, "city_units_cum": 4879.0 }, "geometry": { "type": "Point", "coordinates": [ -73.899082445957376, 40.877679873304089 ] } },
{ "type": "Feature", "properties": { "nta2020": "BX0801", "ntaname.x": "Kingsbridge Heights-Van Cortlandt Village", "comp_year": 2015.0, "ntaname.y": null, "units": 0.0, "units_cum": 0.0, "city_units": 7562.0, "city_units_cum": 12441.0 }, "geometry": { "type": "Point", "coordinates": [ -73.899082445957376, 40.877679873304089 ] } },
{ "type": "Feature", "properties": { "nta2020": "BX0801", "ntaname.x": "Kingsbridge Heights-Van Cortlandt Village", "comp_year": 2016.0, "ntaname.y": "Kingsbridge Heights-Van Cortlandt Village", "units": 18.0, "units_cum": 18.0, "city_units": 15015.0, "city_units_cum": 27456.0 }, "geometry": { "type": "Point", "coordinates": [ -73.899082445957376, 40.877679873304089 ] } },
{ "type": "Feature", "properties": { "nta2020": "BX0801", "ntaname.x": "Kingsbridge Heights-Van Cortlandt Village", "comp_year": 2017.0, "ntaname.y": null, "units": 0.0, "units_cum": 18.0, "city_units": 25343.0, "city_units_cum": 52799.0 }, "geometry": { "type": "Point", "coordinates": [ -73.899082445957376, 40.877679873304089 ] } },
{ "type": "Feature", "properties": { "nta2020": "BX0801", "ntaname.x": "Kingsbridge Heights-Van Cortlandt Village", "comp_year": 2018.0, "ntaname.y": null, "units": 0.0, "units_cum": 18.0, "city_units": 33764.0, "city_units_cum": 86563.0 }, "geometry": { "type": "Point", "coordinates": [ -73.899082445957376, 40.877679873304089 ] } },
{ "type": "Feature", "properties": { "nta2020": "BX0801", "ntaname.x": "Kingsbridge Heights-Van Cortlandt Village", "comp_year": 2019.0, "ntaname.y": "Kingsbridge Heights-Van Cortlandt Village", "units": 120.0, "units_cum": 138.0, "city_units": 29408.0, "city_units_cum": 115971.0 }, "geometry": { "type": "Point", "coordinates": [ -73.899082445957376, 40.877679873304089 ] } },
{ "type": "Feature", "properties": { "nta2020": "BX0801", "ntaname.x": "Kingsbridge Heights-Van Cortlandt Village", "comp_year": 2020.0, "ntaname.y": null, "units": 0.0, "units_cum": 138.0, "city_units": 18916.0, "city_units_cum": 134887.0 }, "geometry": { "type": "Point", "coordinates": [ -73.899082445957376, 40.877679873304089 ] } },
{ "type": "Feature", "properties": { "nta2020": "BX0801", "ntaname.x": "Kingsbridge Heights-Van Cortlandt Village", "comp_year": 2021.0, "ntaname.y": "Kingsbridge Heights-Van Cortlandt Village", "units": 15.0, "units_cum": 153.0, "city_units": 20786.0, "city_units_cum": 155673.0 }, "geometry": { "type": "Point", "coordinates": [ -73.899082445957376, 40.877679873304089 ] } },
{ "type": "Feature", "properties": { "nta2020": "BX0801", "ntaname.x": "Kingsbridge Heights-Van Cortlandt Village", "comp_year": 2022.0, "ntaname.y": "Kingsbridge Heights-Van Cortlandt Village", "units": 18.0, "units_cum": 171.0, "city_units": 19919.0, "city_units_cum": 175592.0 }, "geometry": { "type": "Point", "coordinates": [ -73.899082445957376, 40.877679873304089 ] } },
{ "type": "Feature", "properties": { "nta2020": "BX0801", "ntaname.x": "Kingsbridge Heights-Van Cortlandt Village", "comp_year": 2023.0, "ntaname.y": "Kingsbridge Heights-Van Cortlandt Village", "units": 164.0, "units_cum": 335.0, "city_units": 35384.0, "city_units_cum": 210976.0 }, "geometry": { "type": "Point", "coordinates": [ -73.899082445957376, 40.877679873304089 ] } },
{ "type": "Feature", "properties": { "nta2020": "BX0801", "ntaname.x": "Kingsbridge Heights-Van Cortlandt Village", "comp_year": 2024.0, "ntaname.y": "Kingsbridge Heights-Van Cortlandt Village", "units": 294.0, "units_cum": 629.0, "city_units": 49047.0, "city_units_cum": 260023.0 }, "geometry": { "type": "Point", "coordinates": [ -73.899082445957376, 40.877679873304089 ] } },
{ "type": "Feature", "properties": { "nta2020": "BX0801", "ntaname.x": "Kingsbridge Heights-Van Cortlandt Village", "comp_year": 2025.0, "ntaname.y": "Kingsbridge Heights-Van Cortlandt Village", "units": 185.0, "units_cum": 814.0, "city_units": 16734.0, "city_units_cum": 276757.0 }, "geometry": { "type": "Point", "coordinates": [ -73.899082445957376, 40.877679873304089 ] } },
{ "type": "Feature", "properties": { "nta2020": "BX0802", "ntaname.x": "Kingsbridge-Marble Hill", "comp_year": 2014.0, "ntaname.y": "Kingsbridge-Marble Hill", "units": 317.0, "units_cum": 317.0, "city_units": 4879.0, "city_units_cum": 4879.0 }, "geometry": { "type": "Point", "coordinates": [ -73.90573003542363, 40.880839673895373 ] } },
{ "type": "Feature", "properties": { "nta2020": "BX0802", "ntaname.x": "Kingsbridge-Marble Hill", "comp_year": 2015.0, "ntaname.y": null, "units": 0.0, "units_cum": 317.0, "city_units": 7562.0, "city_units_cum": 12441.0 }, "geometry": { "type": "Point", "coordinates": [ -73.90573003542363, 40.880839673895373 ] } },
{ "type": "Feature", "properties": { "nta2020": "BX0802", "ntaname.x": "Kingsbridge-Marble Hill", "comp_year": 2016.0, "ntaname.y": null, "units": 0.0, "units_cum": 317.0, "city_units": 15015.0, "city_units_cum": 27456.0 }, "geometry": { "type": "Point", "coordinates": [ -73.90573003542363, 40.880839673895373 ] } },
{ "type": "Feature", "properties": { "nta2020": "BX0802", "ntaname.x": "Kingsbridge-Marble Hill", "comp_year": 2017.0, "ntaname.y": null, "units": 0.0, "units_cum": 317.0, "city_units": 25343.0, "city_units_cum": 52799.0 }, "geometry": { "type": "Point", "coordinates": [ -73.90573003542363, 40.880839673895373 ] } },
{ "type": "Feature", "properties": { "nta2020": "BX0802", "ntaname.x": "Kingsbridge-Marble Hill", "comp_year": 2018.0, "ntaname.y": null, "units": 0.0, "units_cum": 317.0, "city_units": 33764.0, "city_units_cum": 86563.0 }, "geometry": { "type": "Point", "coordinates": [ -73.90573003542363, 40.880839673895373 ] } },
{ "type": "Feature", "properties": { "nta2020": "BX0802", "ntaname.x": "Kingsbridge-Marble Hill", "comp_year": 2019.0, "ntaname.y": "Kingsbridge-Marble Hill", "units": 13.0, "units_cum": 330.0, "city_units": 29408.0, "city_units_cum": 115971.0 }, "geometry": { "type": "Point", "coordinates": [ -73.90573003542363, 40.880839673895373 ] } },
{ "type": "Feature", "properties": { "nta2020": "BX0802", "ntaname.x": "Kingsbridge-Marble Hill", "comp_year": 2020.0, "ntaname.y": null, "units": 0.0, "units_cum": 330.0, "city_units": 18916.0, "city_units_cum": 134887.0 }, "geometry": { "type": "Point", "coordinates": [ -73.90573003542363, 40.880839673895373 ] } },
{ "type": "Feature", "properties": { "nta2020": "BX0802", "ntaname.x": "Kingsbridge-Marble Hill", "comp_year": 2021.0, "ntaname.y": "Kingsbridge-Marble Hill", "units": 116.0, "units_cum": 446.0, "city_units": 20786.0, "city_units_cum": 155673.0 }, "geometry": { "type": "Point", "coordinates": [ -73.90573003542363, 40.880839673895373 ] } },
{ "type": "Feature", "properties": { "nta2020": "BX0802", "ntaname.x": "Kingsbridge-Marble Hill", "comp_year": 2022.0, "ntaname.y": null, "units": 0.0, "units_cum": 446.0, "city_units": 19919.0, "city_units_cum": 175592.0 }, "geometry": { "type": "Point", "coordinates": [ -73.90573003542363, 40.880839673895373 ] } },
{ "type": "Feature", "properties": { "nta2020": "BX0802", "ntaname.x": "Kingsbridge-Marble Hill", "comp_year": 2023.0, "ntaname.y": "Kingsbridge-Marble Hill", "units": 39.0, "units_cum": 485.0, "city_units": 35384.0, "city_units_cum": 210976.0 }, "geometry": { "type": "Point", "coordinates": [ -73.90573003542363, 40.880839673895373 ] } },
{ "type": "Feature", "properties": { "nta2020": "BX0802", "ntaname.x": "Kingsbridge-Marble Hill", "comp_year": 2024.0, "ntaname.y": null, "units": 0.0, "units_cum": 485.0, "city_units": 49047.0, "city_units_cum": 260023.0 }, "geometry": { "type": "Point", "coordinates": [ -73.90573003542363, 40.880839673895373 ] } },
{ "type": "Feature", "properties": { "nta2020": "BX0802", "ntaname.x": "Kingsbridge-Marble Hill", "comp_year": 2025.0, "ntaname.y": "Kingsbridge-Marble Hill", "units": 99.0, "units_cum": 584.0, "city_units": 16734.0, "city_units_cum": 276757.0 }, "geometry": { "type": "Point", "coordinates": [ -73.90573003542363, 40.880839673895373 ] } },
{ "type": "Feature", "properties": { "nta2020": "BX0803", "ntaname.x": "Riverdale-Spuyten Duyvil", "comp_year": 2014.0, "ntaname.y": null, "units": 0.0, "units_cum": 0.0, "city_units": 4879.0, "city_units_cum": 4879.0 }, "geometry": { "type": "Point", "coordinates": [ -73.908786213971297, 40.895716123335951 ] } },
{ "type": "Feature", "properties": { "nta2020": "BX0803", "ntaname.x": "Riverdale-Spuyten Duyvil", "comp_year": 2015.0, "ntaname.y": null, "units": 0.0, "units_cum": 0.0, "city_units": 7562.0, "city_units_cum": 12441.0 }, "geometry": { "type": "Point", "coordinates": [ -73.908786213971297, 40.895716123335951 ] } },
{ "type": "Feature", "properties": { "nta2020": "BX0803", "ntaname.x": "Riverdale-Spuyten Duyvil", "comp_year": 2016.0, "ntaname.y": "Riverdale-Spuyten Duyvil", "units": 86.0, "units_cum": 86.0, "city_units": 15015.0, "city_units_cum": 27456.0 }, "geometry": { "type": "Point", "coordinates": [ -73.908786213971297, 40.895716123335951 ] } },
{ "type": "Feature", "properties": { "nta2020": "BX0803", "ntaname.x": "Riverdale-Spuyten Duyvil", "comp_year": 2017.0, "ntaname.y": null, "units": 0.0, "units_cum": 86.0, "city_units": 25343.0, "city_units_cum": 52799.0 }, "geometry": { "type": "Point", "coordinates": [ -73.908786213971297, 40.895716123335951 ] } },
{ "type": "Feature", "properties": { "nta2020": "BX0803", "ntaname.x": "Riverdale-Spuyten Duyvil", "comp_year": 2018.0, "ntaname.y": "Riverdale-Spuyten Duyvil", "units": 44.0, "units_cum": 130.0, "city_units": 33764.0, "city_units_cum": 86563.0 }, "geometry": { "type": "Point", "coordinates": [ -73.908786213971297, 40.895716123335951 ] } },
{ "type": "Feature", "properties": { "nta2020": "BX0803", "ntaname.x": "Riverdale-Spuyten Duyvil", "comp_year": 2019.0, "ntaname.y": "Riverdale-Spuyten Duyvil", "units": 108.0, "units_cum": 238.0, "city_units": 29408.0, "city_units_cum": 115971.0 }, "geometry": { "type": "Point", "coordinates": [ -73.908786213971297, 40.895716123335951 ] } },
{ "type": "Feature", "properties": { "nta2020": "BX0803", "ntaname.x": "Riverdale-Spuyten Duyvil", "comp_year": 2020.0, "ntaname.y": null, "units": 0.0, "units_cum": 238.0, "city_units": 18916.0, "city_units_cum": 134887.0 }, "geometry": { "type": "Point", "coordinates": [ -73.908786213971297, 40.895716123335951 ] } },
{ "type": "Feature", "properties": { "nta2020": "BX0803", "ntaname.x": "Riverdale-Spuyten Duyvil", "comp_year": 2021.0, "ntaname.y": "Riverdale-Spuyten Duyvil", "units": 46.0, "units_cum": 284.0, "city_units": 20786.0, "city_units_cum": 155673.0 }, "geometry": { "type": "Point", "coordinates": [ -73.908786213971297, 40.895716123335951 ] } },
{ "type": "Feature", "properties": { "nta2020": "BX0803", "ntaname.x": "Riverdale-Spuyten Duyvil", "comp_year": 2022.0, "ntaname.y": null, "units": 0.0, "units_cum": 284.0, "city_units": 19919.0, "city_units_cum": 175592.0 }, "geometry": { "type": "Point", "coordinates": [ -73.908786213971297, 40.895716123335951 ] } },
{ "type": "Feature", "properties": { "nta2020": "BX0803", "ntaname.x": "Riverdale-Spuyten Duyvil", "comp_year": 2023.0, "ntaname.y": "Riverdale-Spuyten Duyvil", "units": 55.0, "units_cum": 339.0, "city_units": 35384.0, "city_units_cum": 210976.0 }, "geometry": { "type": "Point", "coordinates": [ -73.908786213971297, 40.895716123335951 ] } },
{ "type": "Feature", "properties": { "nta2020": "BX0803", "ntaname.x": "Riverdale-Spuyten Duyvil", "comp_year": 2024.0, "ntaname.y": "Riverdale-Spuyten Duyvil", "units": 29.0, "units_cum": 368.0, "city_units": 49047.0, "city_units_cum": 260023.0 }, "geometry": { "type": "Point", "coordinates": [ -73.908786213971297, 40.895716123335951 ] } },
{ "type": "Feature", "properties": { "nta2020": "BX0803", "ntaname.x": "Riverdale-Spuyten Duyvil", "comp_year": 2025.0, "ntaname.y": null, "units": 0.0, "units_cum": 368.0, "city_units": 16734.0, "city_units_cum": 276757.0 }, "geometry": { "type": "Point", "coordinates": [ -73.908786213971297, 40.895716123335951 ] } },
{ "type": "Feature", "properties": { "nta2020": "BX0901", "ntaname.x": "Soundview-Bruckner-Bronx River", "comp_year": 2014.0, "ntaname.y": null, "units": 0.0, "units_cum": 0.0, "city_units": 4879.0, "city_units_cum": 4879.0 }, "geometry": { "type": "Point", "coordinates": [ -73.873218095782775, 40.829614673939339 ] } },
{ "type": "Feature", "properties": { "nta2020": "BX0901", "ntaname.x": "Soundview-Bruckner-Bronx River", "comp_year": 2015.0, "ntaname.y": null, "units": 0.0, "units_cum": 0.0, "city_units": 7562.0, "city_units_cum": 12441.0 }, "geometry": { "type": "Point", "coordinates": [ -73.873218095782775, 40.829614673939339 ] } },
{ "type": "Feature", "properties": { "nta2020": "BX0901", "ntaname.x": "Soundview-Bruckner-Bronx River", "comp_year": 2016.0, "ntaname.y": "Soundview-Bruckner-Bronx River", "units": 236.0, "units_cum": 236.0, "city_units": 15015.0, "city_units_cum": 27456.0 }, "geometry": { "type": "Point", "coordinates": [ -73.873218095782775, 40.829614673939339 ] } },
{ "type": "Feature", "properties": { "nta2020": "BX0901", "ntaname.x": "Soundview-Bruckner-Bronx River", "comp_year": 2017.0, "ntaname.y": "Soundview-Bruckner-Bronx River", "units": 413.0, "units_cum": 649.0, "city_units": 25343.0, "city_units_cum": 52799.0 }, "geometry": { "type": "Point", "coordinates": [ -73.873218095782775, 40.829614673939339 ] } },
{ "type": "Feature", "properties": { "nta2020": "BX0901", "ntaname.x": "Soundview-Bruckner-Bronx River", "comp_year": 2018.0, "ntaname.y": "Soundview-Bruckner-Bronx River", "units": 943.0, "units_cum": 1592.0, "city_units": 33764.0, "city_units_cum": 86563.0 }, "geometry": { "type": "Point", "coordinates": [ -73.873218095782775, 40.829614673939339 ] } },
{ "type": "Feature", "properties": { "nta2020": "BX0901", "ntaname.x": "Soundview-Bruckner-Bronx River", "comp_year": 2019.0, "ntaname.y": "Soundview-Bruckner-Bronx River", "units": 272.0, "units_cum": 1864.0, "city_units": 29408.0, "city_units_cum": 115971.0 }, "geometry": { "type": "Point", "coordinates": [ -73.873218095782775, 40.829614673939339 ] } },
{ "type": "Feature", "properties": { "nta2020": "BX0901", "ntaname.x": "Soundview-Bruckner-Bronx River", "comp_year": 2020.0, "ntaname.y": "Soundview-Bruckner-Bronx River", "units": 212.0, "units_cum": 2076.0, "city_units": 18916.0, "city_units_cum": 134887.0 }, "geometry": { "type": "Point", "coordinates": [ -73.873218095782775, 40.829614673939339 ] } },
{ "type": "Feature", "properties": { "nta2020": "BX0901", "ntaname.x": "Soundview-Bruckner-Bronx River", "comp_year": 2021.0, "ntaname.y": null, "units": 0.0, "units_cum": 2076.0, "city_units": 20786.0, "city_units_cum": 155673.0 }, "geometry": { "type": "Point", "coordinates": [ -73.873218095782775, 40.829614673939339 ] } },
{ "type": "Feature", "properties": { "nta2020": "BX0901", "ntaname.x": "Soundview-Bruckner-Bronx River", "comp_year": 2022.0, "ntaname.y": "Soundview-Bruckner-Bronx River", "units": 142.0, "units_cum": 2218.0, "city_units": 19919.0, "city_units_cum": 175592.0 }, "geometry": { "type": "Point", "coordinates": [ -73.873218095782775, 40.829614673939339 ] } },
{ "type": "Feature", "properties": { "nta2020": "BX0901", "ntaname.x": "Soundview-Bruckner-Bronx River", "comp_year": 2023.0, "ntaname.y": "Soundview-Bruckner-Bronx River", "units": 458.0, "units_cum": 2676.0, "city_units": 35384.0, "city_units_cum": 210976.0 }, "geometry": { "type": "Point", "coordinates": [ -73.873218095782775, 40.829614673939339 ] } },
{ "type": "Feature", "properties": { "nta2020": "BX0901", "ntaname.x": "Soundview-Bruckner-Bronx River", "comp_year": 2024.0, "ntaname.y": "Soundview-Bruckner-Bronx River", "units": 699.0, "units_cum": 3375.0, "city_units": 49047.0, "city_units_cum": 260023.0 }, "geometry": { "type": "Point", "coordinates": [ -73.873218095782775, 40.829614673939339 ] } },
{ "type": "Feature", "properties": { "nta2020": "BX0901", "ntaname.x": "Soundview-Bruckner-Bronx River", "comp_year": 2025.0, "ntaname.y": "Soundview-Bruckner-Bronx River", "units": 17.0, "units_cum": 3392.0, "city_units": 16734.0, "city_units_cum": 276757.0 }, "geometry": { "type": "Point", "coordinates": [ -73.873218095782775, 40.829614673939339 ] } },
{ "type": "Feature", "properties": { "nta2020": "BX0902", "ntaname.x": "Soundview-Clason Point", "comp_year": 2014.0, "ntaname.y": null, "units": 0.0, "units_cum": 0.0, "city_units": 4879.0, "city_units_cum": 4879.0 }, "geometry": { "type": "Point", "coordinates": [ -73.859103319261067, 40.816105947207099 ] } },
{ "type": "Feature", "properties": { "nta2020": "BX0902", "ntaname.x": "Soundview-Clason Point", "comp_year": 2015.0, "ntaname.y": null, "units": 0.0, "units_cum": 0.0, "city_units": 7562.0, "city_units_cum": 12441.0 }, "geometry": { "type": "Point", "coordinates": [ -73.859103319261067, 40.816105947207099 ] } },
{ "type": "Feature", "properties": { "nta2020": "BX0902", "ntaname.x": "Soundview-Clason Point", "comp_year": 2016.0, "ntaname.y": "Soundview-Clason Point", "units": 467.0, "units_cum": 467.0, "city_units": 15015.0, "city_units_cum": 27456.0 }, "geometry": { "type": "Point", "coordinates": [ -73.859103319261067, 40.816105947207099 ] } },
{ "type": "Feature", "properties": { "nta2020": "BX0902", "ntaname.x": "Soundview-Clason Point", "comp_year": 2017.0, "ntaname.y": "Soundview-Clason Point", "units": 948.0, "units_cum": 1415.0, "city_units": 25343.0, "city_units_cum": 52799.0 }, "geometry": { "type": "Point", "coordinates": [ -73.859103319261067, 40.816105947207099 ] } },
{ "type": "Feature", "properties": { "nta2020": "BX0902", "ntaname.x": "Soundview-Clason Point", "comp_year": 2018.0, "ntaname.y": null, "units": 0.0, "units_cum": 1415.0, "city_units": 33764.0, "city_units_cum": 86563.0 }, "geometry": { "type": "Point", "coordinates": [ -73.859103319261067, 40.816105947207099 ] } },
{ "type": "Feature", "properties": { "nta2020": "BX0902", "ntaname.x": "Soundview-Clason Point", "comp_year": 2019.0, "ntaname.y": "Soundview-Clason Point", "units": 363.0, "units_cum": 1778.0, "city_units": 29408.0, "city_units_cum": 115971.0 }, "geometry": { "type": "Point", "coordinates": [ -73.859103319261067, 40.816105947207099 ] } },
{ "type": "Feature", "properties": { "nta2020": "BX0902", "ntaname.x": "Soundview-Clason Point", "comp_year": 2020.0, "ntaname.y": null, "units": 0.0, "units_cum": 1778.0, "city_units": 18916.0, "city_units_cum": 134887.0 }, "geometry": { "type": "Point", "coordinates": [ -73.859103319261067, 40.816105947207099 ] } },
{ "type": "Feature", "properties": { "nta2020": "BX0902", "ntaname.x": "Soundview-Clason Point", "comp_year": 2021.0, "ntaname.y": "Soundview-Clason Point", "units": 314.0, "units_cum": 2092.0, "city_units": 20786.0, "city_units_cum": 155673.0 }, "geometry": { "type": "Point", "coordinates": [ -73.859103319261067, 40.816105947207099 ] } },
{ "type": "Feature", "properties": { "nta2020": "BX0902", "ntaname.x": "Soundview-Clason Point", "comp_year": 2022.0, "ntaname.y": null, "units": 0.0, "units_cum": 2092.0, "city_units": 19919.0, "city_units_cum": 175592.0 }, "geometry": { "type": "Point", "coordinates": [ -73.859103319261067, 40.816105947207099 ] } },
{ "type": "Feature", "properties": { "nta2020": "BX0902", "ntaname.x": "Soundview-Clason Point", "comp_year": 2023.0, "ntaname.y": null, "units": 0.0, "units_cum": 2092.0, "city_units": 35384.0, "city_units_cum": 210976.0 }, "geometry": { "type": "Point", "coordinates": [ -73.859103319261067, 40.816105947207099 ] } },
{ "type": "Feature", "properties": { "nta2020": "BX0902", "ntaname.x": "Soundview-Clason Point", "comp_year": 2024.0, "ntaname.y": "Soundview-Clason Point", "units": 267.0, "units_cum": 2359.0, "city_units": 49047.0, "city_units_cum": 260023.0 }, "geometry": { "type": "Point", "coordinates": [ -73.859103319261067, 40.816105947207099 ] } },
{ "type": "Feature", "properties": { "nta2020": "BX0902", "ntaname.x": "Soundview-Clason Point", "comp_year": 2025.0, "ntaname.y": null, "units": 0.0, "units_cum": 2359.0, "city_units": 16734.0, "city_units_cum": 276757.0 }, "geometry": { "type": "Point", "coordinates": [ -73.859103319261067, 40.816105947207099 ] } },
{ "type": "Feature", "properties": { "nta2020": "BX0903", "ntaname.x": "Castle Hill-Unionport", "comp_year": 2014.0, "ntaname.y": null, "units": 0.0, "units_cum": 0.0, "city_units": 4879.0, "city_units_cum": 4879.0 }, "geometry": { "type": "Point", "coordinates": [ -73.848691178133862, 40.824531752871515 ] } },
{ "type": "Feature", "properties": { "nta2020": "BX0903", "ntaname.x": "Castle Hill-Unionport", "comp_year": 2015.0, "ntaname.y": null, "units": 0.0, "units_cum": 0.0, "city_units": 7562.0, "city_units_cum": 12441.0 }, "geometry": { "type": "Point", "coordinates": [ -73.848691178133862, 40.824531752871515 ] } },
{ "type": "Feature", "properties": { "nta2020": "BX0903", "ntaname.x": "Castle Hill-Unionport", "comp_year": 2016.0, "ntaname.y": null, "units": 0.0, "units_cum": 0.0, "city_units": 15015.0, "city_units_cum": 27456.0 }, "geometry": { "type": "Point", "coordinates": [ -73.848691178133862, 40.824531752871515 ] } },
{ "type": "Feature", "properties": { "nta2020": "BX0903", "ntaname.x": "Castle Hill-Unionport", "comp_year": 2017.0, "ntaname.y": null, "units": 0.0, "units_cum": 0.0, "city_units": 25343.0, "city_units_cum": 52799.0 }, "geometry": { "type": "Point", "coordinates": [ -73.848691178133862, 40.824531752871515 ] } },
{ "type": "Feature", "properties": { "nta2020": "BX0903", "ntaname.x": "Castle Hill-Unionport", "comp_year": 2018.0, "ntaname.y": null, "units": 0.0, "units_cum": 0.0, "city_units": 33764.0, "city_units_cum": 86563.0 }, "geometry": { "type": "Point", "coordinates": [ -73.848691178133862, 40.824531752871515 ] } },
{ "type": "Feature", "properties": { "nta2020": "BX0903", "ntaname.x": "Castle Hill-Unionport", "comp_year": 2019.0, "ntaname.y": null, "units": 0.0, "units_cum": 0.0, "city_units": 29408.0, "city_units_cum": 115971.0 }, "geometry": { "type": "Point", "coordinates": [ -73.848691178133862, 40.824531752871515 ] } },
{ "type": "Feature", "properties": { "nta2020": "BX0903", "ntaname.x": "Castle Hill-Unionport", "comp_year": 2020.0, "ntaname.y": null, "units": 0.0, "units_cum": 0.0, "city_units": 18916.0, "city_units_cum": 134887.0 }, "geometry": { "type": "Point", "coordinates": [ -73.848691178133862, 40.824531752871515 ] } },
{ "type": "Feature", "properties": { "nta2020": "BX0903", "ntaname.x": "Castle Hill-Unionport", "comp_year": 2021.0, "ntaname.y": null, "units": 0.0, "units_cum": 0.0, "city_units": 20786.0, "city_units_cum": 155673.0 }, "geometry": { "type": "Point", "coordinates": [ -73.848691178133862, 40.824531752871515 ] } },
{ "type": "Feature", "properties": { "nta2020": "BX0903", "ntaname.x": "Castle Hill-Unionport", "comp_year": 2022.0, "ntaname.y": "Castle Hill-Unionport", "units": 133.0, "units_cum": 133.0, "city_units": 19919.0, "city_units_cum": 175592.0 }, "geometry": { "type": "Point", "coordinates": [ -73.848691178133862, 40.824531752871515 ] } },
{ "type": "Feature", "properties": { "nta2020": "BX0903", "ntaname.x": "Castle Hill-Unionport", "comp_year": 2023.0, "ntaname.y": "Castle Hill-Unionport", "units": 52.0, "units_cum": 185.0, "city_units": 35384.0, "city_units_cum": 210976.0 }, "geometry": { "type": "Point", "coordinates": [ -73.848691178133862, 40.824531752871515 ] } },
{ "type": "Feature", "properties": { "nta2020": "BX0903", "ntaname.x": "Castle Hill-Unionport", "comp_year": 2024.0, "ntaname.y": null, "units": 0.0, "units_cum": 185.0, "city_units": 49047.0, "city_units_cum": 260023.0 }, "geometry": { "type": "Point", "coordinates": [ -73.848691178133862, 40.824531752871515 ] } },
{ "type": "Feature", "properties": { "nta2020": "BX0903", "ntaname.x": "Castle Hill-Unionport", "comp_year": 2025.0, "ntaname.y": null, "units": 0.0, "units_cum": 185.0, "city_units": 16734.0, "city_units_cum": 276757.0 }, "geometry": { "type": "Point", "coordinates": [ -73.848691178133862, 40.824531752871515 ] } },
{ "type": "Feature", "properties": { "nta2020": "BX0904", "ntaname.x": "Parkchester", "comp_year": 2014.0, "ntaname.y": null, "units": 0.0, "units_cum": 0.0, "city_units": 4879.0, "city_units_cum": 4879.0 }, "geometry": { "type": "Point", "coordinates": [ -73.857988858638379, 40.83774642021713 ] } },
{ "type": "Feature", "properties": { "nta2020": "BX0904", "ntaname.x": "Parkchester", "comp_year": 2015.0, "ntaname.y": null, "units": 0.0, "units_cum": 0.0, "city_units": 7562.0, "city_units_cum": 12441.0 }, "geometry": { "type": "Point", "coordinates": [ -73.857988858638379, 40.83774642021713 ] } },
{ "type": "Feature", "properties": { "nta2020": "BX0904", "ntaname.x": "Parkchester", "comp_year": 2016.0, "ntaname.y": null, "units": 0.0, "units_cum": 0.0, "city_units": 15015.0, "city_units_cum": 27456.0 }, "geometry": { "type": "Point", "coordinates": [ -73.857988858638379, 40.83774642021713 ] } },
{ "type": "Feature", "properties": { "nta2020": "BX0904", "ntaname.x": "Parkchester", "comp_year": 2017.0, "ntaname.y": null, "units": 0.0, "units_cum": 0.0, "city_units": 25343.0, "city_units_cum": 52799.0 }, "geometry": { "type": "Point", "coordinates": [ -73.857988858638379, 40.83774642021713 ] } },
{ "type": "Feature", "properties": { "nta2020": "BX0904", "ntaname.x": "Parkchester", "comp_year": 2018.0, "ntaname.y": "Parkchester", "units": 16.0, "units_cum": 16.0, "city_units": 33764.0, "city_units_cum": 86563.0 }, "geometry": { "type": "Point", "coordinates": [ -73.857988858638379, 40.83774642021713 ] } },
{ "type": "Feature", "properties": { "nta2020": "BX0904", "ntaname.x": "Parkchester", "comp_year": 2019.0, "ntaname.y": null, "units": 0.0, "units_cum": 16.0, "city_units": 29408.0, "city_units_cum": 115971.0 }, "geometry": { "type": "Point", "coordinates": [ -73.857988858638379, 40.83774642021713 ] } },
{ "type": "Feature", "properties": { "nta2020": "BX0904", "ntaname.x": "Parkchester", "comp_year": 2020.0, "ntaname.y": null, "units": 0.0, "units_cum": 16.0, "city_units": 18916.0, "city_units_cum": 134887.0 }, "geometry": { "type": "Point", "coordinates": [ -73.857988858638379, 40.83774642021713 ] } },
{ "type": "Feature", "properties": { "nta2020": "BX0904", "ntaname.x": "Parkchester", "comp_year": 2021.0, "ntaname.y": null, "units": 0.0, "units_cum": 16.0, "city_units": 20786.0, "city_units_cum": 155673.0 }, "geometry": { "type": "Point", "coordinates": [ -73.857988858638379, 40.83774642021713 ] } },
{ "type": "Feature", "properties": { "nta2020": "BX0904", "ntaname.x": "Parkchester", "comp_year": 2022.0, "ntaname.y": null, "units": 0.0, "units_cum": 16.0, "city_units": 19919.0, "city_units_cum": 175592.0 }, "geometry": { "type": "Point", "coordinates": [ -73.857988858638379, 40.83774642021713 ] } },
{ "type": "Feature", "properties": { "nta2020": "BX0904", "ntaname.x": "Parkchester", "comp_year": 2023.0, "ntaname.y": "Parkchester", "units": 247.0, "units_cum": 263.0, "city_units": 35384.0, "city_units_cum": 210976.0 }, "geometry": { "type": "Point", "coordinates": [ -73.857988858638379, 40.83774642021713 ] } },
{ "type": "Feature", "properties": { "nta2020": "BX0904", "ntaname.x": "Parkchester", "comp_year": 2024.0, "ntaname.y": null, "units": 0.0, "units_cum": 263.0, "city_units": 49047.0, "city_units_cum": 260023.0 }, "geometry": { "type": "Point", "coordinates": [ -73.857988858638379, 40.83774642021713 ] } },
{ "type": "Feature", "properties": { "nta2020": "BX0904", "ntaname.x": "Parkchester", "comp_year": 2025.0, "ntaname.y": null, "units": 0.0, "units_cum": 263.0, "city_units": 16734.0, "city_units_cum": 276757.0 }, "geometry": { "type": "Point", "coordinates": [ -73.857988858638379, 40.83774642021713 ] } },
{ "type": "Feature", "properties": { "nta2020": "BX0991", "ntaname.x": "Soundview Park", "comp_year": null, "ntaname.y": null, "units": null, "units_cum": null, "city_units": null, "city_units_cum": null }, "geometry": { "type": "Point", "coordinates": [ -73.871250264273215, 40.81643830494729 ] } },
{ "type": "Feature", "properties": { "nta2020": "BX1001", "ntaname.x": "Westchester Square", "comp_year": 2014.0, "ntaname.y": null, "units": 0.0, "units_cum": 0.0, "city_units": 4879.0, "city_units_cum": 4879.0 }, "geometry": { "type": "Point", "coordinates": [ -73.845939548078505, 40.837685821746334 ] } },
{ "type": "Feature", "properties": { "nta2020": "BX1001", "ntaname.x": "Westchester Square", "comp_year": 2015.0, "ntaname.y": null, "units": 0.0, "units_cum": 0.0, "city_units": 7562.0, "city_units_cum": 12441.0 }, "geometry": { "type": "Point", "coordinates": [ -73.845939548078505, 40.837685821746334 ] } },
{ "type": "Feature", "properties": { "nta2020": "BX1001", "ntaname.x": "Westchester Square", "comp_year": 2016.0, "ntaname.y": null, "units": 0.0, "units_cum": 0.0, "city_units": 15015.0, "city_units_cum": 27456.0 }, "geometry": { "type": "Point", "coordinates": [ -73.845939548078505, 40.837685821746334 ] } },
{ "type": "Feature", "properties": { "nta2020": "BX1001", "ntaname.x": "Westchester Square", "comp_year": 2017.0, "ntaname.y": null, "units": 0.0, "units_cum": 0.0, "city_units": 25343.0, "city_units_cum": 52799.0 }, "geometry": { "type": "Point", "coordinates": [ -73.845939548078505, 40.837685821746334 ] } },
{ "type": "Feature", "properties": { "nta2020": "BX1001", "ntaname.x": "Westchester Square", "comp_year": 2018.0, "ntaname.y": null, "units": 0.0, "units_cum": 0.0, "city_units": 33764.0, "city_units_cum": 86563.0 }, "geometry": { "type": "Point", "coordinates": [ -73.845939548078505, 40.837685821746334 ] } },
{ "type": "Feature", "properties": { "nta2020": "BX1001", "ntaname.x": "Westchester Square", "comp_year": 2019.0, "ntaname.y": "Westchester Square", "units": 7.0, "units_cum": 7.0, "city_units": 29408.0, "city_units_cum": 115971.0 }, "geometry": { "type": "Point", "coordinates": [ -73.845939548078505, 40.837685821746334 ] } },
{ "type": "Feature", "properties": { "nta2020": "BX1001", "ntaname.x": "Westchester Square", "comp_year": 2020.0, "ntaname.y": null, "units": 0.0, "units_cum": 7.0, "city_units": 18916.0, "city_units_cum": 134887.0 }, "geometry": { "type": "Point", "coordinates": [ -73.845939548078505, 40.837685821746334 ] } },
{ "type": "Feature", "properties": { "nta2020": "BX1001", "ntaname.x": "Westchester Square", "comp_year": 2021.0, "ntaname.y": null, "units": 0.0, "units_cum": 7.0, "city_units": 20786.0, "city_units_cum": 155673.0 }, "geometry": { "type": "Point", "coordinates": [ -73.845939548078505, 40.837685821746334 ] } },
{ "type": "Feature", "properties": { "nta2020": "BX1001", "ntaname.x": "Westchester Square", "comp_year": 2022.0, "ntaname.y": null, "units": 0.0, "units_cum": 7.0, "city_units": 19919.0, "city_units_cum": 175592.0 }, "geometry": { "type": "Point", "coordinates": [ -73.845939548078505, 40.837685821746334 ] } },
{ "type": "Feature", "properties": { "nta2020": "BX1001", "ntaname.x": "Westchester Square", "comp_year": 2023.0, "ntaname.y": null, "units": 0.0, "units_cum": 7.0, "city_units": 35384.0, "city_units_cum": 210976.0 }, "geometry": { "type": "Point", "coordinates": [ -73.845939548078505, 40.837685821746334 ] } },
{ "type": "Feature", "properties": { "nta2020": "BX1001", "ntaname.x": "Westchester Square", "comp_year": 2024.0, "ntaname.y": "Westchester Square", "units": 77.0, "units_cum": 84.0, "city_units": 49047.0, "city_units_cum": 260023.0 }, "geometry": { "type": "Point", "coordinates": [ -73.845939548078505, 40.837685821746334 ] } },
{ "type": "Feature", "properties": { "nta2020": "BX1001", "ntaname.x": "Westchester Square", "comp_year": 2025.0, "ntaname.y": null, "units": 0.0, "units_cum": 84.0, "city_units": 16734.0, "city_units_cum": 276757.0 }, "geometry": { "type": "Point", "coordinates": [ -73.845939548078505, 40.837685821746334 ] } },
{ "type": "Feature", "properties": { "nta2020": "BX1002", "ntaname.x": "Throgs Neck-Schuylerville", "comp_year": null, "ntaname.y": null, "units": null, "units_cum": null, "city_units": null, "city_units_cum": null }, "geometry": { "type": "Point", "coordinates": [ -73.820601573542319, 40.825526769099284 ] } },
{ "type": "Feature", "properties": { "nta2020": "BX1003", "ntaname.x": "Pelham Bay-Country Club-City Island", "comp_year": 2014.0, "ntaname.y": null, "units": 0.0, "units_cum": 0.0, "city_units": 4879.0, "city_units_cum": 4879.0 }, "geometry": { "type": "Point", "coordinates": [ -73.811538172977592, 40.845592075247602 ] } },
{ "type": "Feature", "properties": { "nta2020": "BX1003", "ntaname.x": "Pelham Bay-Country Club-City Island", "comp_year": 2015.0, "ntaname.y": null, "units": 0.0, "units_cum": 0.0, "city_units": 7562.0, "city_units_cum": 12441.0 }, "geometry": { "type": "Point", "coordinates": [ -73.811538172977592, 40.845592075247602 ] } },
{ "type": "Feature", "properties": { "nta2020": "BX1003", "ntaname.x": "Pelham Bay-Country Club-City Island", "comp_year": 2016.0, "ntaname.y": null, "units": 0.0, "units_cum": 0.0, "city_units": 15015.0, "city_units_cum": 27456.0 }, "geometry": { "type": "Point", "coordinates": [ -73.811538172977592, 40.845592075247602 ] } },
{ "type": "Feature", "properties": { "nta2020": "BX1003", "ntaname.x": "Pelham Bay-Country Club-City Island", "comp_year": 2017.0, "ntaname.y": null, "units": 0.0, "units_cum": 0.0, "city_units": 25343.0, "city_units_cum": 52799.0 }, "geometry": { "type": "Point", "coordinates": [ -73.811538172977592, 40.845592075247602 ] } },
{ "type": "Feature", "properties": { "nta2020": "BX1003", "ntaname.x": "Pelham Bay-Country Club-City Island", "comp_year": 2018.0, "ntaname.y": "Pelham Bay-Country Club-City Island", "units": 35.0, "units_cum": 35.0, "city_units": 33764.0, "city_units_cum": 86563.0 }, "geometry": { "type": "Point", "coordinates": [ -73.811538172977592, 40.845592075247602 ] } },
{ "type": "Feature", "properties": { "nta2020": "BX1003", "ntaname.x": "Pelham Bay-Country Club-City Island", "comp_year": 2019.0, "ntaname.y": "Pelham Bay-Country Club-City Island", "units": 44.0, "units_cum": 79.0, "city_units": 29408.0, "city_units_cum": 115971.0 }, "geometry": { "type": "Point", "coordinates": [ -73.811538172977592, 40.845592075247602 ] } },
{ "type": "Feature", "properties": { "nta2020": "BX1003", "ntaname.x": "Pelham Bay-Country Club-City Island", "comp_year": 2020.0, "ntaname.y": "Pelham Bay-Country Club-City Island", "units": 9.0, "units_cum": 88.0, "city_units": 18916.0, "city_units_cum": 134887.0 }, "geometry": { "type": "Point", "coordinates": [ -73.811538172977592, 40.845592075247602 ] } },
{ "type": "Feature", "properties": { "nta2020": "BX1003", "ntaname.x": "Pelham Bay-Country Club-City Island", "comp_year": 2021.0, "ntaname.y": "Pelham Bay-Country Club-City Island", "units": 32.0, "units_cum": 120.0, "city_units": 20786.0, "city_units_cum": 155673.0 }, "geometry": { "type": "Point", "coordinates": [ -73.811538172977592, 40.845592075247602 ] } },
{ "type": "Feature", "properties": { "nta2020": "BX1003", "ntaname.x": "Pelham Bay-Country Club-City Island", "comp_year": 2022.0, "ntaname.y": "Pelham Bay-Country Club-City Island", "units": 26.0, "units_cum": 146.0, "city_units": 19919.0, "city_units_cum": 175592.0 }, "geometry": { "type": "Point", "coordinates": [ -73.811538172977592, 40.845592075247602 ] } },
{ "type": "Feature", "properties": { "nta2020": "BX1003", "ntaname.x": "Pelham Bay-Country Club-City Island", "comp_year": 2023.0, "ntaname.y": "Pelham Bay-Country Club-City Island", "units": 16.0, "units_cum": 162.0, "city_units": 35384.0, "city_units_cum": 210976.0 }, "geometry": { "type": "Point", "coordinates": [ -73.811538172977592, 40.845592075247602 ] } },
{ "type": "Feature", "properties": { "nta2020": "BX1003", "ntaname.x": "Pelham Bay-Country Club-City Island", "comp_year": 2024.0, "ntaname.y": "Pelham Bay-Country Club-City Island", "units": 10.0, "units_cum": 172.0, "city_units": 49047.0, "city_units_cum": 260023.0 }, "geometry": { "type": "Point", "coordinates": [ -73.811538172977592, 40.845592075247602 ] } },
{ "type": "Feature", "properties": { "nta2020": "BX1003", "ntaname.x": "Pelham Bay-Country Club-City Island", "comp_year": 2025.0, "ntaname.y": null, "units": 0.0, "units_cum": 172.0, "city_units": 16734.0, "city_units_cum": 276757.0 }, "geometry": { "type": "Point", "coordinates": [ -73.811538172977592, 40.845592075247602 ] } },
{ "type": "Feature", "properties": { "nta2020": "BX1004", "ntaname.x": "Co-op City", "comp_year": 2014.0, "ntaname.y": null, "units": 0.0, "units_cum": 0.0, "city_units": 4879.0, "city_units_cum": 4879.0 }, "geometry": { "type": "Point", "coordinates": [ -73.826272767553746, 40.872312202488047 ] } },
{ "type": "Feature", "properties": { "nta2020": "BX1004", "ntaname.x": "Co-op City", "comp_year": 2015.0, "ntaname.y": null, "units": 0.0, "units_cum": 0.0, "city_units": 7562.0, "city_units_cum": 12441.0 }, "geometry": { "type": "Point", "coordinates": [ -73.826272767553746, 40.872312202488047 ] } },
{ "type": "Feature", "properties": { "nta2020": "BX1004", "ntaname.x": "Co-op City", "comp_year": 2016.0, "ntaname.y": null, "units": 0.0, "units_cum": 0.0, "city_units": 15015.0, "city_units_cum": 27456.0 }, "geometry": { "type": "Point", "coordinates": [ -73.826272767553746, 40.872312202488047 ] } },
{ "type": "Feature", "properties": { "nta2020": "BX1004", "ntaname.x": "Co-op City", "comp_year": 2017.0, "ntaname.y": null, "units": 0.0, "units_cum": 0.0, "city_units": 25343.0, "city_units_cum": 52799.0 }, "geometry": { "type": "Point", "coordinates": [ -73.826272767553746, 40.872312202488047 ] } },
{ "type": "Feature", "properties": { "nta2020": "BX1004", "ntaname.x": "Co-op City", "comp_year": 2018.0, "ntaname.y": null, "units": 0.0, "units_cum": 0.0, "city_units": 33764.0, "city_units_cum": 86563.0 }, "geometry": { "type": "Point", "coordinates": [ -73.826272767553746, 40.872312202488047 ] } },
{ "type": "Feature", "properties": { "nta2020": "BX1004", "ntaname.x": "Co-op City", "comp_year": 2019.0, "ntaname.y": null, "units": 0.0, "units_cum": 0.0, "city_units": 29408.0, "city_units_cum": 115971.0 }, "geometry": { "type": "Point", "coordinates": [ -73.826272767553746, 40.872312202488047 ] } },
{ "type": "Feature", "properties": { "nta2020": "BX1004", "ntaname.x": "Co-op City", "comp_year": 2020.0, "ntaname.y": null, "units": 0.0, "units_cum": 0.0, "city_units": 18916.0, "city_units_cum": 134887.0 }, "geometry": { "type": "Point", "coordinates": [ -73.826272767553746, 40.872312202488047 ] } },
{ "type": "Feature", "properties": { "nta2020": "BX1004", "ntaname.x": "Co-op City", "comp_year": 2021.0, "ntaname.y": null, "units": 0.0, "units_cum": 0.0, "city_units": 20786.0, "city_units_cum": 155673.0 }, "geometry": { "type": "Point", "coordinates": [ -73.826272767553746, 40.872312202488047 ] } },
{ "type": "Feature", "properties": { "nta2020": "BX1004", "ntaname.x": "Co-op City", "comp_year": 2022.0, "ntaname.y": null, "units": 0.0, "units_cum": 0.0, "city_units": 19919.0, "city_units_cum": 175592.0 }, "geometry": { "type": "Point", "coordinates": [ -73.826272767553746, 40.872312202488047 ] } },
{ "type": "Feature", "properties": { "nta2020": "BX1004", "ntaname.x": "Co-op City", "comp_year": 2023.0, "ntaname.y": null, "units": 0.0, "units_cum": 0.0, "city_units": 35384.0, "city_units_cum": 210976.0 }, "geometry": { "type": "Point", "coordinates": [ -73.826272767553746, 40.872312202488047 ] } },
{ "type": "Feature", "properties": { "nta2020": "BX1004", "ntaname.x": "Co-op City", "comp_year": 2024.0, "ntaname.y": "Co-op City", "units": 15372.0, "units_cum": 15372.0, "city_units": 49047.0, "city_units_cum": 260023.0 }, "geometry": { "type": "Point", "coordinates": [ -73.826272767553746, 40.872312202488047 ] } },
{ "type": "Feature", "properties": { "nta2020": "BX1004", "ntaname.x": "Co-op City", "comp_year": 2025.0, "ntaname.y": null, "units": 0.0, "units_cum": 15372.0, "city_units": 16734.0, "city_units_cum": 276757.0 }, "geometry": { "type": "Point", "coordinates": [ -73.826272767553746, 40.872312202488047 ] } },
{ "type": "Feature", "properties": { "nta2020": "BX1071", "ntaname.x": "Hart Island", "comp_year": null, "ntaname.y": null, "units": null, "units_cum": null, "city_units": null, "city_units_cum": null }, "geometry": { "type": "Point", "coordinates": [ -73.770232167062616, 40.853834010523684 ] } },
{ "type": "Feature", "properties": { "nta2020": "BX1091", "ntaname.x": "Ferry Point Park-St. Raymond Cemetery", "comp_year": null, "ntaname.y": null, "units": null, "units_cum": null, "city_units": null, "city_units_cum": null }, "geometry": { "type": "Point", "coordinates": [ -73.832583857675672, 40.816622633870729 ] } },
{ "type": "Feature", "properties": { "nta2020": "BX1101", "ntaname.x": "Pelham Parkway-Van Nest", "comp_year": 2014.0, "ntaname.y": null, "units": 0.0, "units_cum": 0.0, "city_units": 4879.0, "city_units_cum": 4879.0 }, "geometry": { "type": "Point", "coordinates": [ -73.86496699648886, 40.84789693283539 ] } },
{ "type": "Feature", "properties": { "nta2020": "BX1101", "ntaname.x": "Pelham Parkway-Van Nest", "comp_year": 2015.0, "ntaname.y": null, "units": 0.0, "units_cum": 0.0, "city_units": 7562.0, "city_units_cum": 12441.0 }, "geometry": { "type": "Point", "coordinates": [ -73.86496699648886, 40.84789693283539 ] } },
{ "type": "Feature", "properties": { "nta2020": "BX1101", "ntaname.x": "Pelham Parkway-Van Nest", "comp_year": 2016.0, "ntaname.y": null, "units": 0.0, "units_cum": 0.0, "city_units": 15015.0, "city_units_cum": 27456.0 }, "geometry": { "type": "Point", "coordinates": [ -73.86496699648886, 40.84789693283539 ] } },
{ "type": "Feature", "properties": { "nta2020": "BX1101", "ntaname.x": "Pelham Parkway-Van Nest", "comp_year": 2017.0, "ntaname.y": null, "units": 0.0, "units_cum": 0.0, "city_units": 25343.0, "city_units_cum": 52799.0 }, "geometry": { "type": "Point", "coordinates": [ -73.86496699648886, 40.84789693283539 ] } },
{ "type": "Feature", "properties": { "nta2020": "BX1101", "ntaname.x": "Pelham Parkway-Van Nest", "comp_year": 2018.0, "ntaname.y": null, "units": 0.0, "units_cum": 0.0, "city_units": 33764.0, "city_units_cum": 86563.0 }, "geometry": { "type": "Point", "coordinates": [ -73.86496699648886, 40.84789693283539 ] } },
{ "type": "Feature", "properties": { "nta2020": "BX1101", "ntaname.x": "Pelham Parkway-Van Nest", "comp_year": 2019.0, "ntaname.y": "Pelham Parkway-Van Nest", "units": 6.0, "units_cum": 6.0, "city_units": 29408.0, "city_units_cum": 115971.0 }, "geometry": { "type": "Point", "coordinates": [ -73.86496699648886, 40.84789693283539 ] } },
{ "type": "Feature", "properties": { "nta2020": "BX1101", "ntaname.x": "Pelham Parkway-Van Nest", "comp_year": 2020.0, "ntaname.y": "Pelham Parkway-Van Nest", "units": 11.0, "units_cum": 17.0, "city_units": 18916.0, "city_units_cum": 134887.0 }, "geometry": { "type": "Point", "coordinates": [ -73.86496699648886, 40.84789693283539 ] } },
{ "type": "Feature", "properties": { "nta2020": "BX1101", "ntaname.x": "Pelham Parkway-Van Nest", "comp_year": 2021.0, "ntaname.y": null, "units": 0.0, "units_cum": 17.0, "city_units": 20786.0, "city_units_cum": 155673.0 }, "geometry": { "type": "Point", "coordinates": [ -73.86496699648886, 40.84789693283539 ] } },
{ "type": "Feature", "properties": { "nta2020": "BX1101", "ntaname.x": "Pelham Parkway-Van Nest", "comp_year": 2022.0, "ntaname.y": null, "units": 0.0, "units_cum": 17.0, "city_units": 19919.0, "city_units_cum": 175592.0 }, "geometry": { "type": "Point", "coordinates": [ -73.86496699648886, 40.84789693283539 ] } },
{ "type": "Feature", "properties": { "nta2020": "BX1101", "ntaname.x": "Pelham Parkway-Van Nest", "comp_year": 2023.0, "ntaname.y": "Pelham Parkway-Van Nest", "units": 108.0, "units_cum": 125.0, "city_units": 35384.0, "city_units_cum": 210976.0 }, "geometry": { "type": "Point", "coordinates": [ -73.86496699648886, 40.84789693283539 ] } },
{ "type": "Feature", "properties": { "nta2020": "BX1101", "ntaname.x": "Pelham Parkway-Van Nest", "comp_year": 2024.0, "ntaname.y": "Pelham Parkway-Van Nest", "units": 37.0, "units_cum": 162.0, "city_units": 49047.0, "city_units_cum": 260023.0 }, "geometry": { "type": "Point", "coordinates": [ -73.86496699648886, 40.84789693283539 ] } },
{ "type": "Feature", "properties": { "nta2020": "BX1101", "ntaname.x": "Pelham Parkway-Van Nest", "comp_year": 2025.0, "ntaname.y": null, "units": 0.0, "units_cum": 162.0, "city_units": 16734.0, "city_units_cum": 276757.0 }, "geometry": { "type": "Point", "coordinates": [ -73.86496699648886, 40.84789693283539 ] } },
{ "type": "Feature", "properties": { "nta2020": "BX1102", "ntaname.x": "Morris Park", "comp_year": 2014.0, "ntaname.y": null, "units": 0.0, "units_cum": 0.0, "city_units": 4879.0, "city_units_cum": 4879.0 }, "geometry": { "type": "Point", "coordinates": [ -73.851687344724084, 40.851792482392675 ] } },
{ "type": "Feature", "properties": { "nta2020": "BX1102", "ntaname.x": "Morris Park", "comp_year": 2015.0, "ntaname.y": null, "units": 0.0, "units_cum": 0.0, "city_units": 7562.0, "city_units_cum": 12441.0 }, "geometry": { "type": "Point", "coordinates": [ -73.851687344724084, 40.851792482392675 ] } },
{ "type": "Feature", "properties": { "nta2020": "BX1102", "ntaname.x": "Morris Park", "comp_year": 2016.0, "ntaname.y": null, "units": 0.0, "units_cum": 0.0, "city_units": 15015.0, "city_units_cum": 27456.0 }, "geometry": { "type": "Point", "coordinates": [ -73.851687344724084, 40.851792482392675 ] } },
{ "type": "Feature", "properties": { "nta2020": "BX1102", "ntaname.x": "Morris Park", "comp_year": 2017.0, "ntaname.y": null, "units": 0.0, "units_cum": 0.0, "city_units": 25343.0, "city_units_cum": 52799.0 }, "geometry": { "type": "Point", "coordinates": [ -73.851687344724084, 40.851792482392675 ] } },
{ "type": "Feature", "properties": { "nta2020": "BX1102", "ntaname.x": "Morris Park", "comp_year": 2018.0, "ntaname.y": null, "units": 0.0, "units_cum": 0.0, "city_units": 33764.0, "city_units_cum": 86563.0 }, "geometry": { "type": "Point", "coordinates": [ -73.851687344724084, 40.851792482392675 ] } },
{ "type": "Feature", "properties": { "nta2020": "BX1102", "ntaname.x": "Morris Park", "comp_year": 2019.0, "ntaname.y": null, "units": 0.0, "units_cum": 0.0, "city_units": 29408.0, "city_units_cum": 115971.0 }, "geometry": { "type": "Point", "coordinates": [ -73.851687344724084, 40.851792482392675 ] } },
{ "type": "Feature", "properties": { "nta2020": "BX1102", "ntaname.x": "Morris Park", "comp_year": 2020.0, "ntaname.y": null, "units": 0.0, "units_cum": 0.0, "city_units": 18916.0, "city_units_cum": 134887.0 }, "geometry": { "type": "Point", "coordinates": [ -73.851687344724084, 40.851792482392675 ] } },
{ "type": "Feature", "properties": { "nta2020": "BX1102", "ntaname.x": "Morris Park", "comp_year": 2021.0, "ntaname.y": null, "units": 0.0, "units_cum": 0.0, "city_units": 20786.0, "city_units_cum": 155673.0 }, "geometry": { "type": "Point", "coordinates": [ -73.851687344724084, 40.851792482392675 ] } },
{ "type": "Feature", "properties": { "nta2020": "BX1102", "ntaname.x": "Morris Park", "comp_year": 2022.0, "ntaname.y": null, "units": 0.0, "units_cum": 0.0, "city_units": 19919.0, "city_units_cum": 175592.0 }, "geometry": { "type": "Point", "coordinates": [ -73.851687344724084, 40.851792482392675 ] } },
{ "type": "Feature", "properties": { "nta2020": "BX1102", "ntaname.x": "Morris Park", "comp_year": 2023.0, "ntaname.y": "Morris Park", "units": 49.0, "units_cum": 49.0, "city_units": 35384.0, "city_units_cum": 210976.0 }, "geometry": { "type": "Point", "coordinates": [ -73.851687344724084, 40.851792482392675 ] } },
{ "type": "Feature", "properties": { "nta2020": "BX1102", "ntaname.x": "Morris Park", "comp_year": 2024.0, "ntaname.y": null, "units": 0.0, "units_cum": 49.0, "city_units": 49047.0, "city_units_cum": 260023.0 }, "geometry": { "type": "Point", "coordinates": [ -73.851687344724084, 40.851792482392675 ] } },
{ "type": "Feature", "properties": { "nta2020": "BX1102", "ntaname.x": "Morris Park", "comp_year": 2025.0, "ntaname.y": null, "units": 0.0, "units_cum": 49.0, "city_units": 16734.0, "city_units_cum": 276757.0 }, "geometry": { "type": "Point", "coordinates": [ -73.851687344724084, 40.851792482392675 ] } },
{ "type": "Feature", "properties": { "nta2020": "BX1103", "ntaname.x": "Pelham Gardens", "comp_year": 2014.0, "ntaname.y": null, "units": 0.0, "units_cum": 0.0, "city_units": 4879.0, "city_units_cum": 4879.0 }, "geometry": { "type": "Point", "coordinates": [ -73.846692130499974, 40.86424661214788 ] } },
{ "type": "Feature", "properties": { "nta2020": "BX1103", "ntaname.x": "Pelham Gardens", "comp_year": 2015.0, "ntaname.y": null, "units": 0.0, "units_cum": 0.0, "city_units": 7562.0, "city_units_cum": 12441.0 }, "geometry": { "type": "Point", "coordinates": [ -73.846692130499974, 40.86424661214788 ] } },
{ "type": "Feature", "properties": { "nta2020": "BX1103", "ntaname.x": "Pelham Gardens", "comp_year": 2016.0, "ntaname.y": null, "units": 0.0, "units_cum": 0.0, "city_units": 15015.0, "city_units_cum": 27456.0 }, "geometry": { "type": "Point", "coordinates": [ -73.846692130499974, 40.86424661214788 ] } },
{ "type": "Feature", "properties": { "nta2020": "BX1103", "ntaname.x": "Pelham Gardens", "comp_year": 2017.0, "ntaname.y": null, "units": 0.0, "units_cum": 0.0, "city_units": 25343.0, "city_units_cum": 52799.0 }, "geometry": { "type": "Point", "coordinates": [ -73.846692130499974, 40.86424661214788 ] } },
{ "type": "Feature", "properties": { "nta2020": "BX1103", "ntaname.x": "Pelham Gardens", "comp_year": 2018.0, "ntaname.y": null, "units": 0.0, "units_cum": 0.0, "city_units": 33764.0, "city_units_cum": 86563.0 }, "geometry": { "type": "Point", "coordinates": [ -73.846692130499974, 40.86424661214788 ] } },
{ "type": "Feature", "properties": { "nta2020": "BX1103", "ntaname.x": "Pelham Gardens", "comp_year": 2019.0, "ntaname.y": "Pelham Gardens", "units": 8.0, "units_cum": 8.0, "city_units": 29408.0, "city_units_cum": 115971.0 }, "geometry": { "type": "Point", "coordinates": [ -73.846692130499974, 40.86424661214788 ] } },
{ "type": "Feature", "properties": { "nta2020": "BX1103", "ntaname.x": "Pelham Gardens", "comp_year": 2020.0, "ntaname.y": null, "units": 0.0, "units_cum": 8.0, "city_units": 18916.0, "city_units_cum": 134887.0 }, "geometry": { "type": "Point", "coordinates": [ -73.846692130499974, 40.86424661214788 ] } },
{ "type": "Feature", "properties": { "nta2020": "BX1103", "ntaname.x": "Pelham Gardens", "comp_year": 2021.0, "ntaname.y": null, "units": 0.0, "units_cum": 8.0, "city_units": 20786.0, "city_units_cum": 155673.0 }, "geometry": { "type": "Point", "coordinates": [ -73.846692130499974, 40.86424661214788 ] } },
{ "type": "Feature", "properties": { "nta2020": "BX1103", "ntaname.x": "Pelham Gardens", "comp_year": 2022.0, "ntaname.y": "Pelham Gardens", "units": 11.0, "units_cum": 19.0, "city_units": 19919.0, "city_units_cum": 175592.0 }, "geometry": { "type": "Point", "coordinates": [ -73.846692130499974, 40.86424661214788 ] } },
{ "type": "Feature", "properties": { "nta2020": "BX1103", "ntaname.x": "Pelham Gardens", "comp_year": 2023.0, "ntaname.y": null, "units": 0.0, "units_cum": 19.0, "city_units": 35384.0, "city_units_cum": 210976.0 }, "geometry": { "type": "Point", "coordinates": [ -73.846692130499974, 40.86424661214788 ] } },
{ "type": "Feature", "properties": { "nta2020": "BX1103", "ntaname.x": "Pelham Gardens", "comp_year": 2024.0, "ntaname.y": null, "units": 0.0, "units_cum": 19.0, "city_units": 49047.0, "city_units_cum": 260023.0 }, "geometry": { "type": "Point", "coordinates": [ -73.846692130499974, 40.86424661214788 ] } },
{ "type": "Feature", "properties": { "nta2020": "BX1103", "ntaname.x": "Pelham Gardens", "comp_year": 2025.0, "ntaname.y": null, "units": 0.0, "units_cum": 19.0, "city_units": 16734.0, "city_units_cum": 276757.0 }, "geometry": { "type": "Point", "coordinates": [ -73.846692130499974, 40.86424661214788 ] } },
{ "type": "Feature", "properties": { "nta2020": "BX1104", "ntaname.x": "Allerton", "comp_year": 2014.0, "ntaname.y": null, "units": 0.0, "units_cum": 0.0, "city_units": 4879.0, "city_units_cum": 4879.0 }, "geometry": { "type": "Point", "coordinates": [ -73.864203781267094, 40.864014468401827 ] } },
{ "type": "Feature", "properties": { "nta2020": "BX1104", "ntaname.x": "Allerton", "comp_year": 2015.0, "ntaname.y": null, "units": 0.0, "units_cum": 0.0, "city_units": 7562.0, "city_units_cum": 12441.0 }, "geometry": { "type": "Point", "coordinates": [ -73.864203781267094, 40.864014468401827 ] } },
{ "type": "Feature", "properties": { "nta2020": "BX1104", "ntaname.x": "Allerton", "comp_year": 2016.0, "ntaname.y": null, "units": 0.0, "units_cum": 0.0, "city_units": 15015.0, "city_units_cum": 27456.0 }, "geometry": { "type": "Point", "coordinates": [ -73.864203781267094, 40.864014468401827 ] } },
{ "type": "Feature", "properties": { "nta2020": "BX1104", "ntaname.x": "Allerton", "comp_year": 2017.0, "ntaname.y": null, "units": 0.0, "units_cum": 0.0, "city_units": 25343.0, "city_units_cum": 52799.0 }, "geometry": { "type": "Point", "coordinates": [ -73.864203781267094, 40.864014468401827 ] } },
{ "type": "Feature", "properties": { "nta2020": "BX1104", "ntaname.x": "Allerton", "comp_year": 2018.0, "ntaname.y": "Allerton", "units": 15.0, "units_cum": 15.0, "city_units": 33764.0, "city_units_cum": 86563.0 }, "geometry": { "type": "Point", "coordinates": [ -73.864203781267094, 40.864014468401827 ] } },
{ "type": "Feature", "properties": { "nta2020": "BX1104", "ntaname.x": "Allerton", "comp_year": 2019.0, "ntaname.y": "Allerton", "units": 43.0, "units_cum": 58.0, "city_units": 29408.0, "city_units_cum": 115971.0 }, "geometry": { "type": "Point", "coordinates": [ -73.864203781267094, 40.864014468401827 ] } },
{ "type": "Feature", "properties": { "nta2020": "BX1104", "ntaname.x": "Allerton", "comp_year": 2020.0, "ntaname.y": "Allerton", "units": 16.0, "units_cum": 74.0, "city_units": 18916.0, "city_units_cum": 134887.0 }, "geometry": { "type": "Point", "coordinates": [ -73.864203781267094, 40.864014468401827 ] } },
{ "type": "Feature", "properties": { "nta2020": "BX1104", "ntaname.x": "Allerton", "comp_year": 2021.0, "ntaname.y": "Allerton", "units": 9.0, "units_cum": 83.0, "city_units": 20786.0, "city_units_cum": 155673.0 }, "geometry": { "type": "Point", "coordinates": [ -73.864203781267094, 40.864014468401827 ] } },
{ "type": "Feature", "properties": { "nta2020": "BX1104", "ntaname.x": "Allerton", "comp_year": 2022.0, "ntaname.y": "Allerton", "units": 153.0, "units_cum": 236.0, "city_units": 19919.0, "city_units_cum": 175592.0 }, "geometry": { "type": "Point", "coordinates": [ -73.864203781267094, 40.864014468401827 ] } },
{ "type": "Feature", "properties": { "nta2020": "BX1104", "ntaname.x": "Allerton", "comp_year": 2023.0, "ntaname.y": "Allerton", "units": 32.0, "units_cum": 268.0, "city_units": 35384.0, "city_units_cum": 210976.0 }, "geometry": { "type": "Point", "coordinates": [ -73.864203781267094, 40.864014468401827 ] } },
{ "type": "Feature", "properties": { "nta2020": "BX1104", "ntaname.x": "Allerton", "comp_year": 2024.0, "ntaname.y": "Allerton", "units": 151.0, "units_cum": 419.0, "city_units": 49047.0, "city_units_cum": 260023.0 }, "geometry": { "type": "Point", "coordinates": [ -73.864203781267094, 40.864014468401827 ] } },
{ "type": "Feature", "properties": { "nta2020": "BX1104", "ntaname.x": "Allerton", "comp_year": 2025.0, "ntaname.y": "Allerton", "units": 38.0, "units_cum": 457.0, "city_units": 16734.0, "city_units_cum": 276757.0 }, "geometry": { "type": "Point", "coordinates": [ -73.864203781267094, 40.864014468401827 ] } },
{ "type": "Feature", "properties": { "nta2020": "BX1161", "ntaname.x": "Hutchinson Metro Center", "comp_year": null, "ntaname.y": null, "units": null, "units_cum": null, "city_units": null, "city_units_cum": null }, "geometry": { "type": "Point", "coordinates": [ -73.838715926084902, 40.849475945791603 ] } },
{ "type": "Feature", "properties": { "nta2020": "BX1201", "ntaname.x": "Williamsbridge-Olinville", "comp_year": 2014.0, "ntaname.y": null, "units": 0.0, "units_cum": 0.0, "city_units": 4879.0, "city_units_cum": 4879.0 }, "geometry": { "type": "Point", "coordinates": [ -73.860724503856375, 40.881016298647253 ] } },
{ "type": "Feature", "properties": { "nta2020": "BX1201", "ntaname.x": "Williamsbridge-Olinville", "comp_year": 2015.0, "ntaname.y": null, "units": 0.0, "units_cum": 0.0, "city_units": 7562.0, "city_units_cum": 12441.0 }, "geometry": { "type": "Point", "coordinates": [ -73.860724503856375, 40.881016298647253 ] } },
{ "type": "Feature", "properties": { "nta2020": "BX1201", "ntaname.x": "Williamsbridge-Olinville", "comp_year": 2016.0, "ntaname.y": null, "units": 0.0, "units_cum": 0.0, "city_units": 15015.0, "city_units_cum": 27456.0 }, "geometry": { "type": "Point", "coordinates": [ -73.860724503856375, 40.881016298647253 ] } },
{ "type": "Feature", "properties": { "nta2020": "BX1201", "ntaname.x": "Williamsbridge-Olinville", "comp_year": 2017.0, "ntaname.y": null, "units": 0.0, "units_cum": 0.0, "city_units": 25343.0, "city_units_cum": 52799.0 }, "geometry": { "type": "Point", "coordinates": [ -73.860724503856375, 40.881016298647253 ] } },
{ "type": "Feature", "properties": { "nta2020": "BX1201", "ntaname.x": "Williamsbridge-Olinville", "comp_year": 2018.0, "ntaname.y": "Williamsbridge-Olinville", "units": 249.0, "units_cum": 249.0, "city_units": 33764.0, "city_units_cum": 86563.0 }, "geometry": { "type": "Point", "coordinates": [ -73.860724503856375, 40.881016298647253 ] } },
{ "type": "Feature", "properties": { "nta2020": "BX1201", "ntaname.x": "Williamsbridge-Olinville", "comp_year": 2019.0, "ntaname.y": "Williamsbridge-Olinville", "units": 233.0, "units_cum": 482.0, "city_units": 29408.0, "city_units_cum": 115971.0 }, "geometry": { "type": "Point", "coordinates": [ -73.860724503856375, 40.881016298647253 ] } },
{ "type": "Feature", "properties": { "nta2020": "BX1201", "ntaname.x": "Williamsbridge-Olinville", "comp_year": 2020.0, "ntaname.y": "Williamsbridge-Olinville", "units": 365.0, "units_cum": 847.0, "city_units": 18916.0, "city_units_cum": 134887.0 }, "geometry": { "type": "Point", "coordinates": [ -73.860724503856375, 40.881016298647253 ] } },
{ "type": "Feature", "properties": { "nta2020": "BX1201", "ntaname.x": "Williamsbridge-Olinville", "comp_year": 2021.0, "ntaname.y": "Williamsbridge-Olinville", "units": 157.0, "units_cum": 1004.0, "city_units": 20786.0, "city_units_cum": 155673.0 }, "geometry": { "type": "Point", "coordinates": [ -73.860724503856375, 40.881016298647253 ] } },
{ "type": "Feature", "properties": { "nta2020": "BX1201", "ntaname.x": "Williamsbridge-Olinville", "comp_year": 2022.0, "ntaname.y": "Williamsbridge-Olinville", "units": 81.0, "units_cum": 1085.0, "city_units": 19919.0, "city_units_cum": 175592.0 }, "geometry": { "type": "Point", "coordinates": [ -73.860724503856375, 40.881016298647253 ] } },
{ "type": "Feature", "properties": { "nta2020": "BX1201", "ntaname.x": "Williamsbridge-Olinville", "comp_year": 2023.0, "ntaname.y": "Williamsbridge-Olinville", "units": 420.0, "units_cum": 1505.0, "city_units": 35384.0, "city_units_cum": 210976.0 }, "geometry": { "type": "Point", "coordinates": [ -73.860724503856375, 40.881016298647253 ] } },
{ "type": "Feature", "properties": { "nta2020": "BX1201", "ntaname.x": "Williamsbridge-Olinville", "comp_year": 2024.0, "ntaname.y": "Williamsbridge-Olinville", "units": 160.0, "units_cum": 1665.0, "city_units": 49047.0, "city_units_cum": 260023.0 }, "geometry": { "type": "Point", "coordinates": [ -73.860724503856375, 40.881016298647253 ] } },
{ "type": "Feature", "properties": { "nta2020": "BX1201", "ntaname.x": "Williamsbridge-Olinville", "comp_year": 2025.0, "ntaname.y": "Williamsbridge-Olinville", "units": 45.0, "units_cum": 1710.0, "city_units": 16734.0, "city_units_cum": 276757.0 }, "geometry": { "type": "Point", "coordinates": [ -73.860724503856375, 40.881016298647253 ] } },
{ "type": "Feature", "properties": { "nta2020": "BX1202", "ntaname.x": "Eastchester-Edenwald-Baychester", "comp_year": 2014.0, "ntaname.y": null, "units": 0.0, "units_cum": 0.0, "city_units": 4879.0, "city_units_cum": 4879.0 }, "geometry": { "type": "Point", "coordinates": [ -73.83656983021551, 40.881541466489836 ] } },
{ "type": "Feature", "properties": { "nta2020": "BX1202", "ntaname.x": "Eastchester-Edenwald-Baychester", "comp_year": 2015.0, "ntaname.y": null, "units": 0.0, "units_cum": 0.0, "city_units": 7562.0, "city_units_cum": 12441.0 }, "geometry": { "type": "Point", "coordinates": [ -73.83656983021551, 40.881541466489836 ] } },
{ "type": "Feature", "properties": { "nta2020": "BX1202", "ntaname.x": "Eastchester-Edenwald-Baychester", "comp_year": 2016.0, "ntaname.y": null, "units": 0.0, "units_cum": 0.0, "city_units": 15015.0, "city_units_cum": 27456.0 }, "geometry": { "type": "Point", "coordinates": [ -73.83656983021551, 40.881541466489836 ] } },
{ "type": "Feature", "properties": { "nta2020": "BX1202", "ntaname.x": "Eastchester-Edenwald-Baychester", "comp_year": 2017.0, "ntaname.y": null, "units": 0.0, "units_cum": 0.0, "city_units": 25343.0, "city_units_cum": 52799.0 }, "geometry": { "type": "Point", "coordinates": [ -73.83656983021551, 40.881541466489836 ] } },
{ "type": "Feature", "properties": { "nta2020": "BX1202", "ntaname.x": "Eastchester-Edenwald-Baychester", "comp_year": 2018.0, "ntaname.y": null, "units": 0.0, "units_cum": 0.0, "city_units": 33764.0, "city_units_cum": 86563.0 }, "geometry": { "type": "Point", "coordinates": [ -73.83656983021551, 40.881541466489836 ] } },
{ "type": "Feature", "properties": { "nta2020": "BX1202", "ntaname.x": "Eastchester-Edenwald-Baychester", "comp_year": 2019.0, "ntaname.y": "Eastchester-Edenwald-Baychester", "units": 105.0, "units_cum": 105.0, "city_units": 29408.0, "city_units_cum": 115971.0 }, "geometry": { "type": "Point", "coordinates": [ -73.83656983021551, 40.881541466489836 ] } },
{ "type": "Feature", "properties": { "nta2020": "BX1202", "ntaname.x": "Eastchester-Edenwald-Baychester", "comp_year": 2020.0, "ntaname.y": null, "units": 0.0, "units_cum": 105.0, "city_units": 18916.0, "city_units_cum": 134887.0 }, "geometry": { "type": "Point", "coordinates": [ -73.83656983021551, 40.881541466489836 ] } },
{ "type": "Feature", "properties": { "nta2020": "BX1202", "ntaname.x": "Eastchester-Edenwald-Baychester", "comp_year": 2021.0, "ntaname.y": null, "units": 0.0, "units_cum": 105.0, "city_units": 20786.0, "city_units_cum": 155673.0 }, "geometry": { "type": "Point", "coordinates": [ -73.83656983021551, 40.881541466489836 ] } },
{ "type": "Feature", "properties": { "nta2020": "BX1202", "ntaname.x": "Eastchester-Edenwald-Baychester", "comp_year": 2022.0, "ntaname.y": "Eastchester-Edenwald-Baychester", "units": 145.0, "units_cum": 250.0, "city_units": 19919.0, "city_units_cum": 175592.0 }, "geometry": { "type": "Point", "coordinates": [ -73.83656983021551, 40.881541466489836 ] } },
{ "type": "Feature", "properties": { "nta2020": "BX1202", "ntaname.x": "Eastchester-Edenwald-Baychester", "comp_year": 2023.0, "ntaname.y": null, "units": 0.0, "units_cum": 250.0, "city_units": 35384.0, "city_units_cum": 210976.0 }, "geometry": { "type": "Point", "coordinates": [ -73.83656983021551, 40.881541466489836 ] } },
{ "type": "Feature", "properties": { "nta2020": "BX1202", "ntaname.x": "Eastchester-Edenwald-Baychester", "comp_year": 2024.0, "ntaname.y": null, "units": 0.0, "units_cum": 250.0, "city_units": 49047.0, "city_units_cum": 260023.0 }, "geometry": { "type": "Point", "coordinates": [ -73.83656983021551, 40.881541466489836 ] } },
{ "type": "Feature", "properties": { "nta2020": "BX1202", "ntaname.x": "Eastchester-Edenwald-Baychester", "comp_year": 2025.0, "ntaname.y": null, "units": 0.0, "units_cum": 250.0, "city_units": 16734.0, "city_units_cum": 276757.0 }, "geometry": { "type": "Point", "coordinates": [ -73.83656983021551, 40.881541466489836 ] } },
{ "type": "Feature", "properties": { "nta2020": "BX1203", "ntaname.x": "Wakefield-Woodlawn", "comp_year": 2014.0, "ntaname.y": null, "units": 0.0, "units_cum": 0.0, "city_units": 4879.0, "city_units_cum": 4879.0 }, "geometry": { "type": "Point", "coordinates": [ -73.853966387802075, 40.897973210285237 ] } },
{ "type": "Feature", "properties": { "nta2020": "BX1203", "ntaname.x": "Wakefield-Woodlawn", "comp_year": 2015.0, "ntaname.y": null, "units": 0.0, "units_cum": 0.0, "city_units": 7562.0, "city_units_cum": 12441.0 }, "geometry": { "type": "Point", "coordinates": [ -73.853966387802075, 40.897973210285237 ] } },
{ "type": "Feature", "properties": { "nta2020": "BX1203", "ntaname.x": "Wakefield-Woodlawn", "comp_year": 2016.0, "ntaname.y": null, "units": 0.0, "units_cum": 0.0, "city_units": 15015.0, "city_units_cum": 27456.0 }, "geometry": { "type": "Point", "coordinates": [ -73.853966387802075, 40.897973210285237 ] } },
{ "type": "Feature", "properties": { "nta2020": "BX1203", "ntaname.x": "Wakefield-Woodlawn", "comp_year": 2017.0, "ntaname.y": null, "units": 0.0, "units_cum": 0.0, "city_units": 25343.0, "city_units_cum": 52799.0 }, "geometry": { "type": "Point", "coordinates": [ -73.853966387802075, 40.897973210285237 ] } },
{ "type": "Feature", "properties": { "nta2020": "BX1203", "ntaname.x": "Wakefield-Woodlawn", "comp_year": 2018.0, "ntaname.y": null, "units": 0.0, "units_cum": 0.0, "city_units": 33764.0, "city_units_cum": 86563.0 }, "geometry": { "type": "Point", "coordinates": [ -73.853966387802075, 40.897973210285237 ] } },
{ "type": "Feature", "properties": { "nta2020": "BX1203", "ntaname.x": "Wakefield-Woodlawn", "comp_year": 2019.0, "ntaname.y": "Wakefield-Woodlawn", "units": 45.0, "units_cum": 45.0, "city_units": 29408.0, "city_units_cum": 115971.0 }, "geometry": { "type": "Point", "coordinates": [ -73.853966387802075, 40.897973210285237 ] } },
{ "type": "Feature", "properties": { "nta2020": "BX1203", "ntaname.x": "Wakefield-Woodlawn", "comp_year": 2020.0, "ntaname.y": null, "units": 0.0, "units_cum": 45.0, "city_units": 18916.0, "city_units_cum": 134887.0 }, "geometry": { "type": "Point", "coordinates": [ -73.853966387802075, 40.897973210285237 ] } },
{ "type": "Feature", "properties": { "nta2020": "BX1203", "ntaname.x": "Wakefield-Woodlawn", "comp_year": 2021.0, "ntaname.y": "Wakefield-Woodlawn", "units": 206.0, "units_cum": 251.0, "city_units": 20786.0, "city_units_cum": 155673.0 }, "geometry": { "type": "Point", "coordinates": [ -73.853966387802075, 40.897973210285237 ] } },
{ "type": "Feature", "properties": { "nta2020": "BX1203", "ntaname.x": "Wakefield-Woodlawn", "comp_year": 2022.0, "ntaname.y": "Wakefield-Woodlawn", "units": 116.0, "units_cum": 367.0, "city_units": 19919.0, "city_units_cum": 175592.0 }, "geometry": { "type": "Point", "coordinates": [ -73.853966387802075, 40.897973210285237 ] } },
{ "type": "Feature", "properties": { "nta2020": "BX1203", "ntaname.x": "Wakefield-Woodlawn", "comp_year": 2023.0, "ntaname.y": "Wakefield-Woodlawn", "units": 20.0, "units_cum": 387.0, "city_units": 35384.0, "city_units_cum": 210976.0 }, "geometry": { "type": "Point", "coordinates": [ -73.853966387802075, 40.897973210285237 ] } },
{ "type": "Feature", "properties": { "nta2020": "BX1203", "ntaname.x": "Wakefield-Woodlawn", "comp_year": 2024.0, "ntaname.y": "Wakefield-Woodlawn", "units": 90.0, "units_cum": 477.0, "city_units": 49047.0, "city_units_cum": 260023.0 }, "geometry": { "type": "Point", "coordinates": [ -73.853966387802075, 40.897973210285237 ] } },
{ "type": "Feature", "properties": { "nta2020": "BX1203", "ntaname.x": "Wakefield-Woodlawn", "comp_year": 2025.0, "ntaname.y": "Wakefield-Woodlawn", "units": 35.0, "units_cum": 512.0, "city_units": 16734.0, "city_units_cum": 276757.0 }, "geometry": { "type": "Point", "coordinates": [ -73.853966387802075, 40.897973210285237 ] } },
{ "type": "Feature", "properties": { "nta2020": "BX1271", "ntaname.x": "Woodlawn Cemetery", "comp_year": null, "ntaname.y": null, "units": null, "units_cum": null, "city_units": null, "city_units_cum": null }, "geometry": { "type": "Point", "coordinates": [ -73.872581805389345, 40.889537183912168 ] } },
{ "type": "Feature", "properties": { "nta2020": "BX2691", "ntaname.x": "Van Cortlandt Park", "comp_year": null, "ntaname.y": null, "units": null, "units_cum": null, "city_units": null, "city_units_cum": null }, "geometry": { "type": "Point", "coordinates": [ -73.886631449363193, 40.897045021559045 ] } },
{ "type": "Feature", "properties": { "nta2020": "BX2791", "ntaname.x": "Bronx Park", "comp_year": null, "ntaname.y": null, "units": null, "units_cum": null, "city_units": null, "city_units_cum": null }, "geometry": { "type": "Point", "coordinates": [ -73.875498408961874, 40.857831906267066 ] } },
{ "type": "Feature", "properties": { "nta2020": "BX2891", "ntaname.x": "Pelham Bay Park", "comp_year": null, "ntaname.y": null, "units": null, "units_cum": null, "city_units": null, "city_units_cum": null }, "geometry": { "type": "Point", "coordinates": [ -73.807877371524768, 40.868245770732855 ] } },
{ "type": "Feature", "properties": { "nta2020": "MN0101", "ntaname.x": "Financial District-Battery Park City", "comp_year": 2014.0, "ntaname.y": null, "units": 0.0, "units_cum": 0.0, "city_units": 4879.0, "city_units_cum": 4879.0 }, "geometry": { "type": "Point", "coordinates": [ -74.010223941566878, 40.708079963190755 ] } },
{ "type": "Feature", "properties": { "nta2020": "MN0101", "ntaname.x": "Financial District-Battery Park City", "comp_year": 2015.0, "ntaname.y": null, "units": 0.0, "units_cum": 0.0, "city_units": 7562.0, "city_units_cum": 12441.0 }, "geometry": { "type": "Point", "coordinates": [ -74.010223941566878, 40.708079963190755 ] } },
{ "type": "Feature", "properties": { "nta2020": "MN0101", "ntaname.x": "Financial District-Battery Park City", "comp_year": 2016.0, "ntaname.y": null, "units": 0.0, "units_cum": 0.0, "city_units": 15015.0, "city_units_cum": 27456.0 }, "geometry": { "type": "Point", "coordinates": [ -74.010223941566878, 40.708079963190755 ] } },
{ "type": "Feature", "properties": { "nta2020": "MN0101", "ntaname.x": "Financial District-Battery Park City", "comp_year": 2017.0, "ntaname.y": null, "units": 0.0, "units_cum": 0.0, "city_units": 25343.0, "city_units_cum": 52799.0 }, "geometry": { "type": "Point", "coordinates": [ -74.010223941566878, 40.708079963190755 ] } },
{ "type": "Feature", "properties": { "nta2020": "MN0101", "ntaname.x": "Financial District-Battery Park City", "comp_year": 2018.0, "ntaname.y": null, "units": 0.0, "units_cum": 0.0, "city_units": 33764.0, "city_units_cum": 86563.0 }, "geometry": { "type": "Point", "coordinates": [ -74.010223941566878, 40.708079963190755 ] } },
{ "type": "Feature", "properties": { "nta2020": "MN0101", "ntaname.x": "Financial District-Battery Park City", "comp_year": 2019.0, "ntaname.y": "Financial District-Battery Park City", "units": 603.0, "units_cum": 603.0, "city_units": 29408.0, "city_units_cum": 115971.0 }, "geometry": { "type": "Point", "coordinates": [ -74.010223941566878, 40.708079963190755 ] } },
{ "type": "Feature", "properties": { "nta2020": "MN0101", "ntaname.x": "Financial District-Battery Park City", "comp_year": 2020.0, "ntaname.y": null, "units": 0.0, "units_cum": 603.0, "city_units": 18916.0, "city_units_cum": 134887.0 }, "geometry": { "type": "Point", "coordinates": [ -74.010223941566878, 40.708079963190755 ] } },
{ "type": "Feature", "properties": { "nta2020": "MN0101", "ntaname.x": "Financial District-Battery Park City", "comp_year": 2021.0, "ntaname.y": null, "units": 0.0, "units_cum": 603.0, "city_units": 20786.0, "city_units_cum": 155673.0 }, "geometry": { "type": "Point", "coordinates": [ -74.010223941566878, 40.708079963190755 ] } },
{ "type": "Feature", "properties": { "nta2020": "MN0101", "ntaname.x": "Financial District-Battery Park City", "comp_year": 2022.0, "ntaname.y": null, "units": 0.0, "units_cum": 603.0, "city_units": 19919.0, "city_units_cum": 175592.0 }, "geometry": { "type": "Point", "coordinates": [ -74.010223941566878, 40.708079963190755 ] } },
{ "type": "Feature", "properties": { "nta2020": "MN0101", "ntaname.x": "Financial District-Battery Park City", "comp_year": 2023.0, "ntaname.y": "Financial District-Battery Park City", "units": 209.0, "units_cum": 812.0, "city_units": 35384.0, "city_units_cum": 210976.0 }, "geometry": { "type": "Point", "coordinates": [ -74.010223941566878, 40.708079963190755 ] } },
{ "type": "Feature", "properties": { "nta2020": "MN0101", "ntaname.x": "Financial District-Battery Park City", "comp_year": 2024.0, "ntaname.y": null, "units": 0.0, "units_cum": 812.0, "city_units": 49047.0, "city_units_cum": 260023.0 }, "geometry": { "type": "Point", "coordinates": [ -74.010223941566878, 40.708079963190755 ] } },
{ "type": "Feature", "properties": { "nta2020": "MN0101", "ntaname.x": "Financial District-Battery Park City", "comp_year": 2025.0, "ntaname.y": null, "units": 0.0, "units_cum": 812.0, "city_units": 16734.0, "city_units_cum": 276757.0 }, "geometry": { "type": "Point", "coordinates": [ -74.010223941566878, 40.708079963190755 ] } },
{ "type": "Feature", "properties": { "nta2020": "MN0102", "ntaname.x": "Tribeca-Civic Center", "comp_year": 2014.0, "ntaname.y": null, "units": 0.0, "units_cum": 0.0, "city_units": 4879.0, "city_units_cum": 4879.0 }, "geometry": { "type": "Point", "coordinates": [ -74.007232982185087, 40.717306220065929 ] } },
{ "type": "Feature", "properties": { "nta2020": "MN0102", "ntaname.x": "Tribeca-Civic Center", "comp_year": 2015.0, "ntaname.y": null, "units": 0.0, "units_cum": 0.0, "city_units": 7562.0, "city_units_cum": 12441.0 }, "geometry": { "type": "Point", "coordinates": [ -74.007232982185087, 40.717306220065929 ] } },
{ "type": "Feature", "properties": { "nta2020": "MN0102", "ntaname.x": "Tribeca-Civic Center", "comp_year": 2016.0, "ntaname.y": "Tribeca-Civic Center", "units": 107.0, "units_cum": 107.0, "city_units": 15015.0, "city_units_cum": 27456.0 }, "geometry": { "type": "Point", "coordinates": [ -74.007232982185087, 40.717306220065929 ] } },
{ "type": "Feature", "properties": { "nta2020": "MN0102", "ntaname.x": "Tribeca-Civic Center", "comp_year": 2017.0, "ntaname.y": null, "units": 0.0, "units_cum": 107.0, "city_units": 25343.0, "city_units_cum": 52799.0 }, "geometry": { "type": "Point", "coordinates": [ -74.007232982185087, 40.717306220065929 ] } },
{ "type": "Feature", "properties": { "nta2020": "MN0102", "ntaname.x": "Tribeca-Civic Center", "comp_year": 2018.0, "ntaname.y": null, "units": 0.0, "units_cum": 107.0, "city_units": 33764.0, "city_units_cum": 86563.0 }, "geometry": { "type": "Point", "coordinates": [ -74.007232982185087, 40.717306220065929 ] } },
{ "type": "Feature", "properties": { "nta2020": "MN0102", "ntaname.x": "Tribeca-Civic Center", "comp_year": 2019.0, "ntaname.y": null, "units": 0.0, "units_cum": 107.0, "city_units": 29408.0, "city_units_cum": 115971.0 }, "geometry": { "type": "Point", "coordinates": [ -74.007232982185087, 40.717306220065929 ] } },
{ "type": "Feature", "properties": { "nta2020": "MN0102", "ntaname.x": "Tribeca-Civic Center", "comp_year": 2020.0, "ntaname.y": null, "units": 0.0, "units_cum": 107.0, "city_units": 18916.0, "city_units_cum": 134887.0 }, "geometry": { "type": "Point", "coordinates": [ -74.007232982185087, 40.717306220065929 ] } },
{ "type": "Feature", "properties": { "nta2020": "MN0102", "ntaname.x": "Tribeca-Civic Center", "comp_year": 2021.0, "ntaname.y": null, "units": 0.0, "units_cum": 107.0, "city_units": 20786.0, "city_units_cum": 155673.0 }, "geometry": { "type": "Point", "coordinates": [ -74.007232982185087, 40.717306220065929 ] } },
{ "type": "Feature", "properties": { "nta2020": "MN0102", "ntaname.x": "Tribeca-Civic Center", "comp_year": 2022.0, "ntaname.y": null, "units": 0.0, "units_cum": 107.0, "city_units": 19919.0, "city_units_cum": 175592.0 }, "geometry": { "type": "Point", "coordinates": [ -74.007232982185087, 40.717306220065929 ] } },
{ "type": "Feature", "properties": { "nta2020": "MN0102", "ntaname.x": "Tribeca-Civic Center", "comp_year": 2023.0, "ntaname.y": null, "units": 0.0, "units_cum": 107.0, "city_units": 35384.0, "city_units_cum": 210976.0 }, "geometry": { "type": "Point", "coordinates": [ -74.007232982185087, 40.717306220065929 ] } },
{ "type": "Feature", "properties": { "nta2020": "MN0102", "ntaname.x": "Tribeca-Civic Center", "comp_year": 2024.0, "ntaname.y": null, "units": 0.0, "units_cum": 107.0, "city_units": 49047.0, "city_units_cum": 260023.0 }, "geometry": { "type": "Point", "coordinates": [ -74.007232982185087, 40.717306220065929 ] } },
{ "type": "Feature", "properties": { "nta2020": "MN0102", "ntaname.x": "Tribeca-Civic Center", "comp_year": 2025.0, "ntaname.y": null, "units": 0.0, "units_cum": 107.0, "city_units": 16734.0, "city_units_cum": 276757.0 }, "geometry": { "type": "Point", "coordinates": [ -74.007232982185087, 40.717306220065929 ] } },
{ "type": "Feature", "properties": { "nta2020": "MN0191", "ntaname.x": "The Battery-Governors Island-Ellis Island-Liberty Island", "comp_year": null, "ntaname.y": null, "units": null, "units_cum": null, "city_units": null, "city_units_cum": null }, "geometry": { "type": "Point", "coordinates": [ -74.020726401796139, 40.691243841565992 ] } },
{ "type": "Feature", "properties": { "nta2020": "MN0201", "ntaname.x": "SoHo-Little Italy-Hudson Square", "comp_year": 2014.0, "ntaname.y": null, "units": 0.0, "units_cum": 0.0, "city_units": 4879.0, "city_units_cum": 4879.0 }, "geometry": { "type": "Point", "coordinates": [ -74.001718629057848, 40.723535731831362 ] } },
{ "type": "Feature", "properties": { "nta2020": "MN0201", "ntaname.x": "SoHo-Little Italy-Hudson Square", "comp_year": 2015.0, "ntaname.y": null, "units": 0.0, "units_cum": 0.0, "city_units": 7562.0, "city_units_cum": 12441.0 }, "geometry": { "type": "Point", "coordinates": [ -74.001718629057848, 40.723535731831362 ] } },
{ "type": "Feature", "properties": { "nta2020": "MN0201", "ntaname.x": "SoHo-Little Italy-Hudson Square", "comp_year": 2016.0, "ntaname.y": null, "units": 0.0, "units_cum": 0.0, "city_units": 15015.0, "city_units_cum": 27456.0 }, "geometry": { "type": "Point", "coordinates": [ -74.001718629057848, 40.723535731831362 ] } },
{ "type": "Feature", "properties": { "nta2020": "MN0201", "ntaname.x": "SoHo-Little Italy-Hudson Square", "comp_year": 2017.0, "ntaname.y": "SoHo-Little Italy-Hudson Square", "units": 323.0, "units_cum": 323.0, "city_units": 25343.0, "city_units_cum": 52799.0 }, "geometry": { "type": "Point", "coordinates": [ -74.001718629057848, 40.723535731831362 ] } },
{ "type": "Feature", "properties": { "nta2020": "MN0201", "ntaname.x": "SoHo-Little Italy-Hudson Square", "comp_year": 2018.0, "ntaname.y": null, "units": 0.0, "units_cum": 323.0, "city_units": 33764.0, "city_units_cum": 86563.0 }, "geometry": { "type": "Point", "coordinates": [ -74.001718629057848, 40.723535731831362 ] } },
{ "type": "Feature", "properties": { "nta2020": "MN0201", "ntaname.x": "SoHo-Little Italy-Hudson Square", "comp_year": 2019.0, "ntaname.y": null, "units": 0.0, "units_cum": 323.0, "city_units": 29408.0, "city_units_cum": 115971.0 }, "geometry": { "type": "Point", "coordinates": [ -74.001718629057848, 40.723535731831362 ] } },
{ "type": "Feature", "properties": { "nta2020": "MN0201", "ntaname.x": "SoHo-Little Italy-Hudson Square", "comp_year": 2020.0, "ntaname.y": null, "units": 0.0, "units_cum": 323.0, "city_units": 18916.0, "city_units_cum": 134887.0 }, "geometry": { "type": "Point", "coordinates": [ -74.001718629057848, 40.723535731831362 ] } },
{ "type": "Feature", "properties": { "nta2020": "MN0201", "ntaname.x": "SoHo-Little Italy-Hudson Square", "comp_year": 2021.0, "ntaname.y": "SoHo-Little Italy-Hudson Square", "units": 152.0, "units_cum": 475.0, "city_units": 20786.0, "city_units_cum": 155673.0 }, "geometry": { "type": "Point", "coordinates": [ -74.001718629057848, 40.723535731831362 ] } },
{ "type": "Feature", "properties": { "nta2020": "MN0201", "ntaname.x": "SoHo-Little Italy-Hudson Square", "comp_year": 2022.0, "ntaname.y": "SoHo-Little Italy-Hudson Square", "units": 167.0, "units_cum": 642.0, "city_units": 19919.0, "city_units_cum": 175592.0 }, "geometry": { "type": "Point", "coordinates": [ -74.001718629057848, 40.723535731831362 ] } },
{ "type": "Feature", "properties": { "nta2020": "MN0201", "ntaname.x": "SoHo-Little Italy-Hudson Square", "comp_year": 2023.0, "ntaname.y": null, "units": 0.0, "units_cum": 642.0, "city_units": 35384.0, "city_units_cum": 210976.0 }, "geometry": { "type": "Point", "coordinates": [ -74.001718629057848, 40.723535731831362 ] } },
{ "type": "Feature", "properties": { "nta2020": "MN0201", "ntaname.x": "SoHo-Little Italy-Hudson Square", "comp_year": 2024.0, "ntaname.y": null, "units": 0.0, "units_cum": 642.0, "city_units": 49047.0, "city_units_cum": 260023.0 }, "geometry": { "type": "Point", "coordinates": [ -74.001718629057848, 40.723535731831362 ] } },
{ "type": "Feature", "properties": { "nta2020": "MN0201", "ntaname.x": "SoHo-Little Italy-Hudson Square", "comp_year": 2025.0, "ntaname.y": null, "units": 0.0, "units_cum": 642.0, "city_units": 16734.0, "city_units_cum": 276757.0 }, "geometry": { "type": "Point", "coordinates": [ -74.001718629057848, 40.723535731831362 ] } },
{ "type": "Feature", "properties": { "nta2020": "MN0202", "ntaname.x": "Greenwich Village", "comp_year": 2014.0, "ntaname.y": null, "units": 0.0, "units_cum": 0.0, "city_units": 4879.0, "city_units_cum": 4879.0 }, "geometry": { "type": "Point", "coordinates": [ -73.99568445923569, 40.730680704768211 ] } },
{ "type": "Feature", "properties": { "nta2020": "MN0202", "ntaname.x": "Greenwich Village", "comp_year": 2015.0, "ntaname.y": "Greenwich Village", "units": 175.0, "units_cum": 175.0, "city_units": 7562.0, "city_units_cum": 12441.0 }, "geometry": { "type": "Point", "coordinates": [ -73.99568445923569, 40.730680704768211 ] } },
{ "type": "Feature", "properties": { "nta2020": "MN0202", "ntaname.x": "Greenwich Village", "comp_year": 2016.0, "ntaname.y": null, "units": 0.0, "units_cum": 175.0, "city_units": 15015.0, "city_units_cum": 27456.0 }, "geometry": { "type": "Point", "coordinates": [ -73.99568445923569, 40.730680704768211 ] } },
{ "type": "Feature", "properties": { "nta2020": "MN0202", "ntaname.x": "Greenwich Village", "comp_year": 2017.0, "ntaname.y": null, "units": 0.0, "units_cum": 175.0, "city_units": 25343.0, "city_units_cum": 52799.0 }, "geometry": { "type": "Point", "coordinates": [ -73.99568445923569, 40.730680704768211 ] } },
{ "type": "Feature", "properties": { "nta2020": "MN0202", "ntaname.x": "Greenwich Village", "comp_year": 2018.0, "ntaname.y": null, "units": 0.0, "units_cum": 175.0, "city_units": 33764.0, "city_units_cum": 86563.0 }, "geometry": { "type": "Point", "coordinates": [ -73.99568445923569, 40.730680704768211 ] } },
{ "type": "Feature", "properties": { "nta2020": "MN0202", "ntaname.x": "Greenwich Village", "comp_year": 2019.0, "ntaname.y": null, "units": 0.0, "units_cum": 175.0, "city_units": 29408.0, "city_units_cum": 115971.0 }, "geometry": { "type": "Point", "coordinates": [ -73.99568445923569, 40.730680704768211 ] } },
{ "type": "Feature", "properties": { "nta2020": "MN0202", "ntaname.x": "Greenwich Village", "comp_year": 2020.0, "ntaname.y": null, "units": 0.0, "units_cum": 175.0, "city_units": 18916.0, "city_units_cum": 134887.0 }, "geometry": { "type": "Point", "coordinates": [ -73.99568445923569, 40.730680704768211 ] } },
{ "type": "Feature", "properties": { "nta2020": "MN0202", "ntaname.x": "Greenwich Village", "comp_year": 2021.0, "ntaname.y": null, "units": 0.0, "units_cum": 175.0, "city_units": 20786.0, "city_units_cum": 155673.0 }, "geometry": { "type": "Point", "coordinates": [ -73.99568445923569, 40.730680704768211 ] } },
{ "type": "Feature", "properties": { "nta2020": "MN0202", "ntaname.x": "Greenwich Village", "comp_year": 2022.0, "ntaname.y": null, "units": 0.0, "units_cum": 175.0, "city_units": 19919.0, "city_units_cum": 175592.0 }, "geometry": { "type": "Point", "coordinates": [ -73.99568445923569, 40.730680704768211 ] } },
{ "type": "Feature", "properties": { "nta2020": "MN0202", "ntaname.x": "Greenwich Village", "comp_year": 2023.0, "ntaname.y": null, "units": 0.0, "units_cum": 175.0, "city_units": 35384.0, "city_units_cum": 210976.0 }, "geometry": { "type": "Point", "coordinates": [ -73.99568445923569, 40.730680704768211 ] } },
{ "type": "Feature", "properties": { "nta2020": "MN0202", "ntaname.x": "Greenwich Village", "comp_year": 2024.0, "ntaname.y": "Greenwich Village", "units": 240.0, "units_cum": 415.0, "city_units": 49047.0, "city_units_cum": 260023.0 }, "geometry": { "type": "Point", "coordinates": [ -73.99568445923569, 40.730680704768211 ] } },
{ "type": "Feature", "properties": { "nta2020": "MN0202", "ntaname.x": "Greenwich Village", "comp_year": 2025.0, "ntaname.y": null, "units": 0.0, "units_cum": 415.0, "city_units": 16734.0, "city_units_cum": 276757.0 }, "geometry": { "type": "Point", "coordinates": [ -73.99568445923569, 40.730680704768211 ] } },
{ "type": "Feature", "properties": { "nta2020": "MN0203", "ntaname.x": "West Village", "comp_year": 2014.0, "ntaname.y": null, "units": 0.0, "units_cum": 0.0, "city_units": 4879.0, "city_units_cum": 4879.0 }, "geometry": { "type": "Point", "coordinates": [ -74.005892723148634, 40.734809476706431 ] } },
{ "type": "Feature", "properties": { "nta2020": "MN0203", "ntaname.x": "West Village", "comp_year": 2015.0, "ntaname.y": null, "units": 0.0, "units_cum": 0.0, "city_units": 7562.0, "city_units_cum": 12441.0 }, "geometry": { "type": "Point", "coordinates": [ -74.005892723148634, 40.734809476706431 ] } },
{ "type": "Feature", "properties": { "nta2020": "MN0203", "ntaname.x": "West Village", "comp_year": 2016.0, "ntaname.y": null, "units": 0.0, "units_cum": 0.0, "city_units": 15015.0, "city_units_cum": 27456.0 }, "geometry": { "type": "Point", "coordinates": [ -74.005892723148634, 40.734809476706431 ] } },
{ "type": "Feature", "properties": { "nta2020": "MN0203", "ntaname.x": "West Village", "comp_year": 2017.0, "ntaname.y": null, "units": 0.0, "units_cum": 0.0, "city_units": 25343.0, "city_units_cum": 52799.0 }, "geometry": { "type": "Point", "coordinates": [ -74.005892723148634, 40.734809476706431 ] } },
{ "type": "Feature", "properties": { "nta2020": "MN0203", "ntaname.x": "West Village", "comp_year": 2018.0, "ntaname.y": null, "units": 0.0, "units_cum": 0.0, "city_units": 33764.0, "city_units_cum": 86563.0 }, "geometry": { "type": "Point", "coordinates": [ -74.005892723148634, 40.734809476706431 ] } },
{ "type": "Feature", "properties": { "nta2020": "MN0203", "ntaname.x": "West Village", "comp_year": 2019.0, "ntaname.y": "West Village", "units": 33.0, "units_cum": 33.0, "city_units": 29408.0, "city_units_cum": 115971.0 }, "geometry": { "type": "Point", "coordinates": [ -74.005892723148634, 40.734809476706431 ] } },
{ "type": "Feature", "properties": { "nta2020": "MN0203", "ntaname.x": "West Village", "comp_year": 2020.0, "ntaname.y": null, "units": 0.0, "units_cum": 33.0, "city_units": 18916.0, "city_units_cum": 134887.0 }, "geometry": { "type": "Point", "coordinates": [ -74.005892723148634, 40.734809476706431 ] } },
{ "type": "Feature", "properties": { "nta2020": "MN0203", "ntaname.x": "West Village", "comp_year": 2021.0, "ntaname.y": null, "units": 0.0, "units_cum": 33.0, "city_units": 20786.0, "city_units_cum": 155673.0 }, "geometry": { "type": "Point", "coordinates": [ -74.005892723148634, 40.734809476706431 ] } },
{ "type": "Feature", "properties": { "nta2020": "MN0203", "ntaname.x": "West Village", "comp_year": 2022.0, "ntaname.y": null, "units": 0.0, "units_cum": 33.0, "city_units": 19919.0, "city_units_cum": 175592.0 }, "geometry": { "type": "Point", "coordinates": [ -74.005892723148634, 40.734809476706431 ] } },
{ "type": "Feature", "properties": { "nta2020": "MN0203", "ntaname.x": "West Village", "comp_year": 2023.0, "ntaname.y": null, "units": 0.0, "units_cum": 33.0, "city_units": 35384.0, "city_units_cum": 210976.0 }, "geometry": { "type": "Point", "coordinates": [ -74.005892723148634, 40.734809476706431 ] } },
{ "type": "Feature", "properties": { "nta2020": "MN0203", "ntaname.x": "West Village", "comp_year": 2024.0, "ntaname.y": null, "units": 0.0, "units_cum": 33.0, "city_units": 49047.0, "city_units_cum": 260023.0 }, "geometry": { "type": "Point", "coordinates": [ -74.005892723148634, 40.734809476706431 ] } },
{ "type": "Feature", "properties": { "nta2020": "MN0203", "ntaname.x": "West Village", "comp_year": 2025.0, "ntaname.y": null, "units": 0.0, "units_cum": 33.0, "city_units": 16734.0, "city_units_cum": 276757.0 }, "geometry": { "type": "Point", "coordinates": [ -74.005892723148634, 40.734809476706431 ] } },
{ "type": "Feature", "properties": { "nta2020": "MN0301", "ntaname.x": "Chinatown-Two Bridges", "comp_year": 2014.0, "ntaname.y": "Chinatown-Two Bridges", "units": 490.0, "units_cum": 490.0, "city_units": 4879.0, "city_units_cum": 4879.0 }, "geometry": { "type": "Point", "coordinates": [ -73.993663402842031, 40.712858405256235 ] } },
{ "type": "Feature", "properties": { "nta2020": "MN0301", "ntaname.x": "Chinatown-Two Bridges", "comp_year": 2015.0, "ntaname.y": "Chinatown-Two Bridges", "units": 256.0, "units_cum": 746.0, "city_units": 7562.0, "city_units_cum": 12441.0 }, "geometry": { "type": "Point", "coordinates": [ -73.993663402842031, 40.712858405256235 ] } },
{ "type": "Feature", "properties": { "nta2020": "MN0301", "ntaname.x": "Chinatown-Two Bridges", "comp_year": 2016.0, "ntaname.y": null, "units": 0.0, "units_cum": 746.0, "city_units": 15015.0, "city_units_cum": 27456.0 }, "geometry": { "type": "Point", "coordinates": [ -73.993663402842031, 40.712858405256235 ] } },
{ "type": "Feature", "properties": { "nta2020": "MN0301", "ntaname.x": "Chinatown-Two Bridges", "comp_year": 2017.0, "ntaname.y": null, "units": 0.0, "units_cum": 746.0, "city_units": 25343.0, "city_units_cum": 52799.0 }, "geometry": { "type": "Point", "coordinates": [ -73.993663402842031, 40.712858405256235 ] } },
{ "type": "Feature", "properties": { "nta2020": "MN0301", "ntaname.x": "Chinatown-Two Bridges", "comp_year": 2018.0, "ntaname.y": "Chinatown-Two Bridges", "units": 205.0, "units_cum": 951.0, "city_units": 33764.0, "city_units_cum": 86563.0 }, "geometry": { "type": "Point", "coordinates": [ -73.993663402842031, 40.712858405256235 ] } },
{ "type": "Feature", "properties": { "nta2020": "MN0301", "ntaname.x": "Chinatown-Two Bridges", "comp_year": 2019.0, "ntaname.y": "Chinatown-Two Bridges", "units": 1590.0, "units_cum": 2541.0, "city_units": 29408.0, "city_units_cum": 115971.0 }, "geometry": { "type": "Point", "coordinates": [ -73.993663402842031, 40.712858405256235 ] } },
{ "type": "Feature", "properties": { "nta2020": "MN0301", "ntaname.x": "Chinatown-Two Bridges", "comp_year": 2020.0, "ntaname.y": null, "units": 0.0, "units_cum": 2541.0, "city_units": 18916.0, "city_units_cum": 134887.0 }, "geometry": { "type": "Point", "coordinates": [ -73.993663402842031, 40.712858405256235 ] } },
{ "type": "Feature", "properties": { "nta2020": "MN0301", "ntaname.x": "Chinatown-Two Bridges", "comp_year": 2021.0, "ntaname.y": "Chinatown-Two Bridges", "units": 20.0, "units_cum": 2561.0, "city_units": 20786.0, "city_units_cum": 155673.0 }, "geometry": { "type": "Point", "coordinates": [ -73.993663402842031, 40.712858405256235 ] } },
{ "type": "Feature", "properties": { "nta2020": "MN0301", "ntaname.x": "Chinatown-Two Bridges", "comp_year": 2022.0, "ntaname.y": null, "units": 0.0, "units_cum": 2561.0, "city_units": 19919.0, "city_units_cum": 175592.0 }, "geometry": { "type": "Point", "coordinates": [ -73.993663402842031, 40.712858405256235 ] } },
{ "type": "Feature", "properties": { "nta2020": "MN0301", "ntaname.x": "Chinatown-Two Bridges", "comp_year": 2023.0, "ntaname.y": null, "units": 0.0, "units_cum": 2561.0, "city_units": 35384.0, "city_units_cum": 210976.0 }, "geometry": { "type": "Point", "coordinates": [ -73.993663402842031, 40.712858405256235 ] } },
{ "type": "Feature", "properties": { "nta2020": "MN0301", "ntaname.x": "Chinatown-Two Bridges", "comp_year": 2024.0, "ntaname.y": null, "units": 0.0, "units_cum": 2561.0, "city_units": 49047.0, "city_units_cum": 260023.0 }, "geometry": { "type": "Point", "coordinates": [ -73.993663402842031, 40.712858405256235 ] } },
{ "type": "Feature", "properties": { "nta2020": "MN0301", "ntaname.x": "Chinatown-Two Bridges", "comp_year": 2025.0, "ntaname.y": null, "units": 0.0, "units_cum": 2561.0, "city_units": 16734.0, "city_units_cum": 276757.0 }, "geometry": { "type": "Point", "coordinates": [ -73.993663402842031, 40.712858405256235 ] } },
{ "type": "Feature", "properties": { "nta2020": "MN0302", "ntaname.x": "Lower East Side", "comp_year": 2014.0, "ntaname.y": "Lower East Side", "units": 155.0, "units_cum": 155.0, "city_units": 4879.0, "city_units_cum": 4879.0 }, "geometry": { "type": "Point", "coordinates": [ -73.983837033842548, 40.716956212880795 ] } },
{ "type": "Feature", "properties": { "nta2020": "MN0302", "ntaname.x": "Lower East Side", "comp_year": 2015.0, "ntaname.y": null, "units": 0.0, "units_cum": 155.0, "city_units": 7562.0, "city_units_cum": 12441.0 }, "geometry": { "type": "Point", "coordinates": [ -73.983837033842548, 40.716956212880795 ] } },
{ "type": "Feature", "properties": { "nta2020": "MN0302", "ntaname.x": "Lower East Side", "comp_year": 2016.0, "ntaname.y": "Lower East Side", "units": 49.0, "units_cum": 204.0, "city_units": 15015.0, "city_units_cum": 27456.0 }, "geometry": { "type": "Point", "coordinates": [ -73.983837033842548, 40.716956212880795 ] } },
{ "type": "Feature", "properties": { "nta2020": "MN0302", "ntaname.x": "Lower East Side", "comp_year": 2017.0, "ntaname.y": "Lower East Side", "units": 228.0, "units_cum": 432.0, "city_units": 25343.0, "city_units_cum": 52799.0 }, "geometry": { "type": "Point", "coordinates": [ -73.983837033842548, 40.716956212880795 ] } },
{ "type": "Feature", "properties": { "nta2020": "MN0302", "ntaname.x": "Lower East Side", "comp_year": 2018.0, "ntaname.y": "Lower East Side", "units": 461.0, "units_cum": 893.0, "city_units": 33764.0, "city_units_cum": 86563.0 }, "geometry": { "type": "Point", "coordinates": [ -73.983837033842548, 40.716956212880795 ] } },
{ "type": "Feature", "properties": { "nta2020": "MN0302", "ntaname.x": "Lower East Side", "comp_year": 2019.0, "ntaname.y": "Lower East Side", "units": 93.0, "units_cum": 986.0, "city_units": 29408.0, "city_units_cum": 115971.0 }, "geometry": { "type": "Point", "coordinates": [ -73.983837033842548, 40.716956212880795 ] } },
{ "type": "Feature", "properties": { "nta2020": "MN0302", "ntaname.x": "Lower East Side", "comp_year": 2020.0, "ntaname.y": "Lower East Side", "units": 1401.0, "units_cum": 2387.0, "city_units": 18916.0, "city_units_cum": 134887.0 }, "geometry": { "type": "Point", "coordinates": [ -73.983837033842548, 40.716956212880795 ] } },
{ "type": "Feature", "properties": { "nta2020": "MN0302", "ntaname.x": "Lower East Side", "comp_year": 2021.0, "ntaname.y": "Lower East Side", "units": 88.0, "units_cum": 2475.0, "city_units": 20786.0, "city_units_cum": 155673.0 }, "geometry": { "type": "Point", "coordinates": [ -73.983837033842548, 40.716956212880795 ] } },
{ "type": "Feature", "properties": { "nta2020": "MN0302", "ntaname.x": "Lower East Side", "comp_year": 2022.0, "ntaname.y": "Lower East Side", "units": 195.0, "units_cum": 2670.0, "city_units": 19919.0, "city_units_cum": 175592.0 }, "geometry": { "type": "Point", "coordinates": [ -73.983837033842548, 40.716956212880795 ] } },
{ "type": "Feature", "properties": { "nta2020": "MN0302", "ntaname.x": "Lower East Side", "comp_year": 2023.0, "ntaname.y": "Lower East Side", "units": 59.0, "units_cum": 2729.0, "city_units": 35384.0, "city_units_cum": 210976.0 }, "geometry": { "type": "Point", "coordinates": [ -73.983837033842548, 40.716956212880795 ] } },
{ "type": "Feature", "properties": { "nta2020": "MN0302", "ntaname.x": "Lower East Side", "comp_year": 2024.0, "ntaname.y": "Lower East Side", "units": 635.0, "units_cum": 3364.0, "city_units": 49047.0, "city_units_cum": 260023.0 }, "geometry": { "type": "Point", "coordinates": [ -73.983837033842548, 40.716956212880795 ] } },
{ "type": "Feature", "properties": { "nta2020": "MN0302", "ntaname.x": "Lower East Side", "comp_year": 2025.0, "ntaname.y": "Lower East Side", "units": 172.0, "units_cum": 3536.0, "city_units": 16734.0, "city_units_cum": 276757.0 }, "geometry": { "type": "Point", "coordinates": [ -73.983837033842548, 40.716956212880795 ] } },
{ "type": "Feature", "properties": { "nta2020": "MN0303", "ntaname.x": "East Village", "comp_year": 2014.0, "ntaname.y": "East Village", "units": 27.0, "units_cum": 27.0, "city_units": 4879.0, "city_units_cum": 4879.0 }, "geometry": { "type": "Point", "coordinates": [ -73.982090692878117, 40.725960075897071 ] } },
{ "type": "Feature", "properties": { "nta2020": "MN0303", "ntaname.x": "East Village", "comp_year": 2015.0, "ntaname.y": "East Village", "units": 11.0, "units_cum": 38.0, "city_units": 7562.0, "city_units_cum": 12441.0 }, "geometry": { "type": "Point", "coordinates": [ -73.982090692878117, 40.725960075897071 ] } },
{ "type": "Feature", "properties": { "nta2020": "MN0303", "ntaname.x": "East Village", "comp_year": 2016.0, "ntaname.y": "East Village", "units": 762.0, "units_cum": 800.0, "city_units": 15015.0, "city_units_cum": 27456.0 }, "geometry": { "type": "Point", "coordinates": [ -73.982090692878117, 40.725960075897071 ] } },
{ "type": "Feature", "properties": { "nta2020": "MN0303", "ntaname.x": "East Village", "comp_year": 2017.0, "ntaname.y": "East Village", "units": 162.0, "units_cum": 962.0, "city_units": 25343.0, "city_units_cum": 52799.0 }, "geometry": { "type": "Point", "coordinates": [ -73.982090692878117, 40.725960075897071 ] } },
{ "type": "Feature", "properties": { "nta2020": "MN0303", "ntaname.x": "East Village", "comp_year": 2018.0, "ntaname.y": "East Village", "units": 378.0, "units_cum": 1340.0, "city_units": 33764.0, "city_units_cum": 86563.0 }, "geometry": { "type": "Point", "coordinates": [ -73.982090692878117, 40.725960075897071 ] } },
{ "type": "Feature", "properties": { "nta2020": "MN0303", "ntaname.x": "East Village", "comp_year": 2019.0, "ntaname.y": "East Village", "units": 145.0, "units_cum": 1485.0, "city_units": 29408.0, "city_units_cum": 115971.0 }, "geometry": { "type": "Point", "coordinates": [ -73.982090692878117, 40.725960075897071 ] } },
{ "type": "Feature", "properties": { "nta2020": "MN0303", "ntaname.x": "East Village", "comp_year": 2020.0, "ntaname.y": "East Village", "units": 561.0, "units_cum": 2046.0, "city_units": 18916.0, "city_units_cum": 134887.0 }, "geometry": { "type": "Point", "coordinates": [ -73.982090692878117, 40.725960075897071 ] } },
{ "type": "Feature", "properties": { "nta2020": "MN0303", "ntaname.x": "East Village", "comp_year": 2021.0, "ntaname.y": "East Village", "units": 39.0, "units_cum": 2085.0, "city_units": 20786.0, "city_units_cum": 155673.0 }, "geometry": { "type": "Point", "coordinates": [ -73.982090692878117, 40.725960075897071 ] } },
{ "type": "Feature", "properties": { "nta2020": "MN0303", "ntaname.x": "East Village", "comp_year": 2022.0, "ntaname.y": "East Village", "units": 151.0, "units_cum": 2236.0, "city_units": 19919.0, "city_units_cum": 175592.0 }, "geometry": { "type": "Point", "coordinates": [ -73.982090692878117, 40.725960075897071 ] } },
{ "type": "Feature", "properties": { "nta2020": "MN0303", "ntaname.x": "East Village", "comp_year": 2023.0, "ntaname.y": "East Village", "units": 136.0, "units_cum": 2372.0, "city_units": 35384.0, "city_units_cum": 210976.0 }, "geometry": { "type": "Point", "coordinates": [ -73.982090692878117, 40.725960075897071 ] } },
{ "type": "Feature", "properties": { "nta2020": "MN0303", "ntaname.x": "East Village", "comp_year": 2024.0, "ntaname.y": "East Village", "units": 45.0, "units_cum": 2417.0, "city_units": 49047.0, "city_units_cum": 260023.0 }, "geometry": { "type": "Point", "coordinates": [ -73.982090692878117, 40.725960075897071 ] } },
{ "type": "Feature", "properties": { "nta2020": "MN0303", "ntaname.x": "East Village", "comp_year": 2025.0, "ntaname.y": "East Village", "units": 57.0, "units_cum": 2474.0, "city_units": 16734.0, "city_units_cum": 276757.0 }, "geometry": { "type": "Point", "coordinates": [ -73.982090692878117, 40.725960075897071 ] } },
{ "type": "Feature", "properties": { "nta2020": "MN0401", "ntaname.x": "Chelsea-Hudson Yards", "comp_year": 2014.0, "ntaname.y": null, "units": 0.0, "units_cum": 0.0, "city_units": 4879.0, "city_units_cum": 4879.0 }, "geometry": { "type": "Point", "coordinates": [ -74.001149233447407, 40.749382658405437 ] } },
{ "type": "Feature", "properties": { "nta2020": "MN0401", "ntaname.x": "Chelsea-Hudson Yards", "comp_year": 2015.0, "ntaname.y": null, "units": 0.0, "units_cum": 0.0, "city_units": 7562.0, "city_units_cum": 12441.0 }, "geometry": { "type": "Point", "coordinates": [ -74.001149233447407, 40.749382658405437 ] } },
{ "type": "Feature", "properties": { "nta2020": "MN0401", "ntaname.x": "Chelsea-Hudson Yards", "comp_year": 2016.0, "ntaname.y": "Chelsea-Hudson Yards", "units": 174.0, "units_cum": 174.0, "city_units": 15015.0, "city_units_cum": 27456.0 }, "geometry": { "type": "Point", "coordinates": [ -74.001149233447407, 40.749382658405437 ] } },
{ "type": "Feature", "properties": { "nta2020": "MN0401", "ntaname.x": "Chelsea-Hudson Yards", "comp_year": 2017.0, "ntaname.y": "Chelsea-Hudson Yards", "units": 3418.0, "units_cum": 3592.0, "city_units": 25343.0, "city_units_cum": 52799.0 }, "geometry": { "type": "Point", "coordinates": [ -74.001149233447407, 40.749382658405437 ] } },
{ "type": "Feature", "properties": { "nta2020": "MN0401", "ntaname.x": "Chelsea-Hudson Yards", "comp_year": 2018.0, "ntaname.y": "Chelsea-Hudson Yards", "units": 1004.0, "units_cum": 4596.0, "city_units": 33764.0, "city_units_cum": 86563.0 }, "geometry": { "type": "Point", "coordinates": [ -74.001149233447407, 40.749382658405437 ] } },
{ "type": "Feature", "properties": { "nta2020": "MN0401", "ntaname.x": "Chelsea-Hudson Yards", "comp_year": 2019.0, "ntaname.y": "Chelsea-Hudson Yards", "units": 476.0, "units_cum": 5072.0, "city_units": 29408.0, "city_units_cum": 115971.0 }, "geometry": { "type": "Point", "coordinates": [ -74.001149233447407, 40.749382658405437 ] } },
{ "type": "Feature", "properties": { "nta2020": "MN0401", "ntaname.x": "Chelsea-Hudson Yards", "comp_year": 2020.0, "ntaname.y": null, "units": 0.0, "units_cum": 5072.0, "city_units": 18916.0, "city_units_cum": 134887.0 }, "geometry": { "type": "Point", "coordinates": [ -74.001149233447407, 40.749382658405437 ] } },
{ "type": "Feature", "properties": { "nta2020": "MN0401", "ntaname.x": "Chelsea-Hudson Yards", "comp_year": 2021.0, "ntaname.y": "Chelsea-Hudson Yards", "units": 124.0, "units_cum": 5196.0, "city_units": 20786.0, "city_units_cum": 155673.0 }, "geometry": { "type": "Point", "coordinates": [ -74.001149233447407, 40.749382658405437 ] } },
{ "type": "Feature", "properties": { "nta2020": "MN0401", "ntaname.x": "Chelsea-Hudson Yards", "comp_year": 2022.0, "ntaname.y": null, "units": 0.0, "units_cum": 5196.0, "city_units": 19919.0, "city_units_cum": 175592.0 }, "geometry": { "type": "Point", "coordinates": [ -74.001149233447407, 40.749382658405437 ] } },
{ "type": "Feature", "properties": { "nta2020": "MN0401", "ntaname.x": "Chelsea-Hudson Yards", "comp_year": 2023.0, "ntaname.y": "Chelsea-Hudson Yards", "units": 1859.0, "units_cum": 7055.0, "city_units": 35384.0, "city_units_cum": 210976.0 }, "geometry": { "type": "Point", "coordinates": [ -74.001149233447407, 40.749382658405437 ] } },
{ "type": "Feature", "properties": { "nta2020": "MN0401", "ntaname.x": "Chelsea-Hudson Yards", "comp_year": 2024.0, "ntaname.y": "Chelsea-Hudson Yards", "units": 1312.0, "units_cum": 8367.0, "city_units": 49047.0, "city_units_cum": 260023.0 }, "geometry": { "type": "Point", "coordinates": [ -74.001149233447407, 40.749382658405437 ] } },
{ "type": "Feature", "properties": { "nta2020": "MN0401", "ntaname.x": "Chelsea-Hudson Yards", "comp_year": 2025.0, "ntaname.y": "Chelsea-Hudson Yards", "units": 277.0, "units_cum": 8644.0, "city_units": 16734.0, "city_units_cum": 276757.0 }, "geometry": { "type": "Point", "coordinates": [ -74.001149233447407, 40.749382658405437 ] } },
{ "type": "Feature", "properties": { "nta2020": "MN0402", "ntaname.x": "Hell's Kitchen", "comp_year": 2014.0, "ntaname.y": null, "units": 0.0, "units_cum": 0.0, "city_units": 4879.0, "city_units_cum": 4879.0 }, "geometry": { "type": "Point", "coordinates": [ -73.992399910919332, 40.764168791546567 ] } },
{ "type": "Feature", "properties": { "nta2020": "MN0402", "ntaname.x": "Hell's Kitchen", "comp_year": 2015.0, "ntaname.y": null, "units": 0.0, "units_cum": 0.0, "city_units": 7562.0, "city_units_cum": 12441.0 }, "geometry": { "type": "Point", "coordinates": [ -73.992399910919332, 40.764168791546567 ] } },
{ "type": "Feature", "properties": { "nta2020": "MN0402", "ntaname.x": "Hell's Kitchen", "comp_year": 2016.0, "ntaname.y": "Hell's Kitchen", "units": 1175.0, "units_cum": 1175.0, "city_units": 15015.0, "city_units_cum": 27456.0 }, "geometry": { "type": "Point", "coordinates": [ -73.992399910919332, 40.764168791546567 ] } },
{ "type": "Feature", "properties": { "nta2020": "MN0402", "ntaname.x": "Hell's Kitchen", "comp_year": 2017.0, "ntaname.y": "Hell's Kitchen", "units": 1735.0, "units_cum": 2910.0, "city_units": 25343.0, "city_units_cum": 52799.0 }, "geometry": { "type": "Point", "coordinates": [ -73.992399910919332, 40.764168791546567 ] } },
{ "type": "Feature", "properties": { "nta2020": "MN0402", "ntaname.x": "Hell's Kitchen", "comp_year": 2018.0, "ntaname.y": "Hell's Kitchen", "units": 1584.0, "units_cum": 4494.0, "city_units": 33764.0, "city_units_cum": 86563.0 }, "geometry": { "type": "Point", "coordinates": [ -73.992399910919332, 40.764168791546567 ] } },
{ "type": "Feature", "properties": { "nta2020": "MN0402", "ntaname.x": "Hell's Kitchen", "comp_year": 2019.0, "ntaname.y": "Hell's Kitchen", "units": 144.0, "units_cum": 4638.0, "city_units": 29408.0, "city_units_cum": 115971.0 }, "geometry": { "type": "Point", "coordinates": [ -73.992399910919332, 40.764168791546567 ] } },
{ "type": "Feature", "properties": { "nta2020": "MN0402", "ntaname.x": "Hell's Kitchen", "comp_year": 2020.0, "ntaname.y": "Hell's Kitchen", "units": 709.0, "units_cum": 5347.0, "city_units": 18916.0, "city_units_cum": 134887.0 }, "geometry": { "type": "Point", "coordinates": [ -73.992399910919332, 40.764168791546567 ] } },
{ "type": "Feature", "properties": { "nta2020": "MN0402", "ntaname.x": "Hell's Kitchen", "comp_year": 2021.0, "ntaname.y": "Hell's Kitchen", "units": 273.0, "units_cum": 5620.0, "city_units": 20786.0, "city_units_cum": 155673.0 }, "geometry": { "type": "Point", "coordinates": [ -73.992399910919332, 40.764168791546567 ] } },
{ "type": "Feature", "properties": { "nta2020": "MN0402", "ntaname.x": "Hell's Kitchen", "comp_year": 2022.0, "ntaname.y": "Hell's Kitchen", "units": 498.0, "units_cum": 6118.0, "city_units": 19919.0, "city_units_cum": 175592.0 }, "geometry": { "type": "Point", "coordinates": [ -73.992399910919332, 40.764168791546567 ] } },
{ "type": "Feature", "properties": { "nta2020": "MN0402", "ntaname.x": "Hell's Kitchen", "comp_year": 2023.0, "ntaname.y": "Hell's Kitchen", "units": 11.0, "units_cum": 6129.0, "city_units": 35384.0, "city_units_cum": 210976.0 }, "geometry": { "type": "Point", "coordinates": [ -73.992399910919332, 40.764168791546567 ] } },
{ "type": "Feature", "properties": { "nta2020": "MN0402", "ntaname.x": "Hell's Kitchen", "comp_year": 2024.0, "ntaname.y": "Hell's Kitchen", "units": 54.0, "units_cum": 6183.0, "city_units": 49047.0, "city_units_cum": 260023.0 }, "geometry": { "type": "Point", "coordinates": [ -73.992399910919332, 40.764168791546567 ] } },
{ "type": "Feature", "properties": { "nta2020": "MN0402", "ntaname.x": "Hell's Kitchen", "comp_year": 2025.0, "ntaname.y": "Hell's Kitchen", "units": 453.0, "units_cum": 6636.0, "city_units": 16734.0, "city_units_cum": 276757.0 }, "geometry": { "type": "Point", "coordinates": [ -73.992399910919332, 40.764168791546567 ] } },
{ "type": "Feature", "properties": { "nta2020": "MN0501", "ntaname.x": "Midtown South-Flatiron-Union Square", "comp_year": 2014.0, "ntaname.y": null, "units": 0.0, "units_cum": 0.0, "city_units": 4879.0, "city_units_cum": 4879.0 }, "geometry": { "type": "Point", "coordinates": [ -73.989751548714935, 40.744041596925207 ] } },
{ "type": "Feature", "properties": { "nta2020": "MN0501", "ntaname.x": "Midtown South-Flatiron-Union Square", "comp_year": 2015.0, "ntaname.y": null, "units": 0.0, "units_cum": 0.0, "city_units": 7562.0, "city_units_cum": 12441.0 }, "geometry": { "type": "Point", "coordinates": [ -73.989751548714935, 40.744041596925207 ] } },
{ "type": "Feature", "properties": { "nta2020": "MN0501", "ntaname.x": "Midtown South-Flatiron-Union Square", "comp_year": 2016.0, "ntaname.y": null, "units": 0.0, "units_cum": 0.0, "city_units": 15015.0, "city_units_cum": 27456.0 }, "geometry": { "type": "Point", "coordinates": [ -73.989751548714935, 40.744041596925207 ] } },
{ "type": "Feature", "properties": { "nta2020": "MN0501", "ntaname.x": "Midtown South-Flatiron-Union Square", "comp_year": 2017.0, "ntaname.y": "Midtown South-Flatiron-Union Square", "units": 289.0, "units_cum": 289.0, "city_units": 25343.0, "city_units_cum": 52799.0 }, "geometry": { "type": "Point", "coordinates": [ -73.989751548714935, 40.744041596925207 ] } },
{ "type": "Feature", "properties": { "nta2020": "MN0501", "ntaname.x": "Midtown South-Flatiron-Union Square", "comp_year": 2018.0, "ntaname.y": "Midtown South-Flatiron-Union Square", "units": 581.0, "units_cum": 870.0, "city_units": 33764.0, "city_units_cum": 86563.0 }, "geometry": { "type": "Point", "coordinates": [ -73.989751548714935, 40.744041596925207 ] } },
{ "type": "Feature", "properties": { "nta2020": "MN0501", "ntaname.x": "Midtown South-Flatiron-Union Square", "comp_year": 2019.0, "ntaname.y": "Midtown South-Flatiron-Union Square", "units": 223.0, "units_cum": 1093.0, "city_units": 29408.0, "city_units_cum": 115971.0 }, "geometry": { "type": "Point", "coordinates": [ -73.989751548714935, 40.744041596925207 ] } },
{ "type": "Feature", "properties": { "nta2020": "MN0501", "ntaname.x": "Midtown South-Flatiron-Union Square", "comp_year": 2020.0, "ntaname.y": "Midtown South-Flatiron-Union Square", "units": 92.0, "units_cum": 1185.0, "city_units": 18916.0, "city_units_cum": 134887.0 }, "geometry": { "type": "Point", "coordinates": [ -73.989751548714935, 40.744041596925207 ] } },
{ "type": "Feature", "properties": { "nta2020": "MN0501", "ntaname.x": "Midtown South-Flatiron-Union Square", "comp_year": 2021.0, "ntaname.y": null, "units": 0.0, "units_cum": 1185.0, "city_units": 20786.0, "city_units_cum": 155673.0 }, "geometry": { "type": "Point", "coordinates": [ -73.989751548714935, 40.744041596925207 ] } },
{ "type": "Feature", "properties": { "nta2020": "MN0501", "ntaname.x": "Midtown South-Flatiron-Union Square", "comp_year": 2022.0, "ntaname.y": null, "units": 0.0, "units_cum": 1185.0, "city_units": 19919.0, "city_units_cum": 175592.0 }, "geometry": { "type": "Point", "coordinates": [ -73.989751548714935, 40.744041596925207 ] } },
{ "type": "Feature", "properties": { "nta2020": "MN0501", "ntaname.x": "Midtown South-Flatiron-Union Square", "comp_year": 2023.0, "ntaname.y": "Midtown South-Flatiron-Union Square", "units": 529.0, "units_cum": 1714.0, "city_units": 35384.0, "city_units_cum": 210976.0 }, "geometry": { "type": "Point", "coordinates": [ -73.989751548714935, 40.744041596925207 ] } },
{ "type": "Feature", "properties": { "nta2020": "MN0501", "ntaname.x": "Midtown South-Flatiron-Union Square", "comp_year": 2024.0, "ntaname.y": "Midtown South-Flatiron-Union Square", "units": 112.0, "units_cum": 1826.0, "city_units": 49047.0, "city_units_cum": 260023.0 }, "geometry": { "type": "Point", "coordinates": [ -73.989751548714935, 40.744041596925207 ] } },
{ "type": "Feature", "properties": { "nta2020": "MN0501", "ntaname.x": "Midtown South-Flatiron-Union Square", "comp_year": 2025.0, "ntaname.y": null, "units": 0.0, "units_cum": 1826.0, "city_units": 16734.0, "city_units_cum": 276757.0 }, "geometry": { "type": "Point", "coordinates": [ -73.989751548714935, 40.744041596925207 ] } },
{ "type": "Feature", "properties": { "nta2020": "MN0502", "ntaname.x": "Midtown-Times Square", "comp_year": 2014.0, "ntaname.y": null, "units": 0.0, "units_cum": 0.0, "city_units": 4879.0, "city_units_cum": 4879.0 }, "geometry": { "type": "Point", "coordinates": [ -73.981609515682749, 40.757801064479835 ] } },
{ "type": "Feature", "properties": { "nta2020": "MN0502", "ntaname.x": "Midtown-Times Square", "comp_year": 2015.0, "ntaname.y": null, "units": 0.0, "units_cum": 0.0, "city_units": 7562.0, "city_units_cum": 12441.0 }, "geometry": { "type": "Point", "coordinates": [ -73.981609515682749, 40.757801064479835 ] } },
{ "type": "Feature", "properties": { "nta2020": "MN0502", "ntaname.x": "Midtown-Times Square", "comp_year": 2016.0, "ntaname.y": null, "units": 0.0, "units_cum": 0.0, "city_units": 15015.0, "city_units_cum": 27456.0 }, "geometry": { "type": "Point", "coordinates": [ -73.981609515682749, 40.757801064479835 ] } },
{ "type": "Feature", "properties": { "nta2020": "MN0502", "ntaname.x": "Midtown-Times Square", "comp_year": 2017.0, "ntaname.y": null, "units": 0.0, "units_cum": 0.0, "city_units": 25343.0, "city_units_cum": 52799.0 }, "geometry": { "type": "Point", "coordinates": [ -73.981609515682749, 40.757801064479835 ] } },
{ "type": "Feature", "properties": { "nta2020": "MN0502", "ntaname.x": "Midtown-Times Square", "comp_year": 2018.0, "ntaname.y": null, "units": 0.0, "units_cum": 0.0, "city_units": 33764.0, "city_units_cum": 86563.0 }, "geometry": { "type": "Point", "coordinates": [ -73.981609515682749, 40.757801064479835 ] } },
{ "type": "Feature", "properties": { "nta2020": "MN0502", "ntaname.x": "Midtown-Times Square", "comp_year": 2019.0, "ntaname.y": "Midtown-Times Square", "units": 278.0, "units_cum": 278.0, "city_units": 29408.0, "city_units_cum": 115971.0 }, "geometry": { "type": "Point", "coordinates": [ -73.981609515682749, 40.757801064479835 ] } },
{ "type": "Feature", "properties": { "nta2020": "MN0502", "ntaname.x": "Midtown-Times Square", "comp_year": 2020.0, "ntaname.y": "Midtown-Times Square", "units": 550.0, "units_cum": 828.0, "city_units": 18916.0, "city_units_cum": 134887.0 }, "geometry": { "type": "Point", "coordinates": [ -73.981609515682749, 40.757801064479835 ] } },
{ "type": "Feature", "properties": { "nta2020": "MN0502", "ntaname.x": "Midtown-Times Square", "comp_year": 2021.0, "ntaname.y": null, "units": 0.0, "units_cum": 828.0, "city_units": 20786.0, "city_units_cum": 155673.0 }, "geometry": { "type": "Point", "coordinates": [ -73.981609515682749, 40.757801064479835 ] } },
{ "type": "Feature", "properties": { "nta2020": "MN0502", "ntaname.x": "Midtown-Times Square", "comp_year": 2022.0, "ntaname.y": null, "units": 0.0, "units_cum": 828.0, "city_units": 19919.0, "city_units_cum": 175592.0 }, "geometry": { "type": "Point", "coordinates": [ -73.981609515682749, 40.757801064479835 ] } },
{ "type": "Feature", "properties": { "nta2020": "MN0502", "ntaname.x": "Midtown-Times Square", "comp_year": 2023.0, "ntaname.y": null, "units": 0.0, "units_cum": 828.0, "city_units": 35384.0, "city_units_cum": 210976.0 }, "geometry": { "type": "Point", "coordinates": [ -73.981609515682749, 40.757801064479835 ] } },
{ "type": "Feature", "properties": { "nta2020": "MN0502", "ntaname.x": "Midtown-Times Square", "comp_year": 2024.0, "ntaname.y": "Midtown-Times Square", "units": 291.0, "units_cum": 1119.0, "city_units": 49047.0, "city_units_cum": 260023.0 }, "geometry": { "type": "Point", "coordinates": [ -73.981609515682749, 40.757801064479835 ] } },
{ "type": "Feature", "properties": { "nta2020": "MN0502", "ntaname.x": "Midtown-Times Square", "comp_year": 2025.0, "ntaname.y": null, "units": 0.0, "units_cum": 1119.0, "city_units": 16734.0, "city_units_cum": 276757.0 }, "geometry": { "type": "Point", "coordinates": [ -73.981609515682749, 40.757801064479835 ] } },
{ "type": "Feature", "properties": { "nta2020": "MN0601", "ntaname.x": "Stuyvesant Town-Peter Cooper Village", "comp_year": 2014.0, "ntaname.y": null, "units": 0.0, "units_cum": 0.0, "city_units": 4879.0, "city_units_cum": 4879.0 }, "geometry": { "type": "Point", "coordinates": [ -73.976581914504521, 40.731814041655149 ] } },
{ "type": "Feature", "properties": { "nta2020": "MN0601", "ntaname.x": "Stuyvesant Town-Peter Cooper Village", "comp_year": 2015.0, "ntaname.y": "Stuyvesant Town-Peter Cooper Village", "units": 5000.0, "units_cum": 5000.0, "city_units": 7562.0, "city_units_cum": 12441.0 }, "geometry": { "type": "Point", "coordinates": [ -73.976581914504521, 40.731814041655149 ] } },
{ "type": "Feature", "properties": { "nta2020": "MN0601", "ntaname.x": "Stuyvesant Town-Peter Cooper Village", "comp_year": 2016.0, "ntaname.y": null, "units": 0.0, "units_cum": 5000.0, "city_units": 15015.0, "city_units_cum": 27456.0 }, "geometry": { "type": "Point", "coordinates": [ -73.976581914504521, 40.731814041655149 ] } },
{ "type": "Feature", "properties": { "nta2020": "MN0601", "ntaname.x": "Stuyvesant Town-Peter Cooper Village", "comp_year": 2017.0, "ntaname.y": null, "units": 0.0, "units_cum": 5000.0, "city_units": 25343.0, "city_units_cum": 52799.0 }, "geometry": { "type": "Point", "coordinates": [ -73.976581914504521, 40.731814041655149 ] } },
{ "type": "Feature", "properties": { "nta2020": "MN0601", "ntaname.x": "Stuyvesant Town-Peter Cooper Village", "comp_year": 2018.0, "ntaname.y": null, "units": 0.0, "units_cum": 5000.0, "city_units": 33764.0, "city_units_cum": 86563.0 }, "geometry": { "type": "Point", "coordinates": [ -73.976581914504521, 40.731814041655149 ] } },
{ "type": "Feature", "properties": { "nta2020": "MN0601", "ntaname.x": "Stuyvesant Town-Peter Cooper Village", "comp_year": 2019.0, "ntaname.y": null, "units": 0.0, "units_cum": 5000.0, "city_units": 29408.0, "city_units_cum": 115971.0 }, "geometry": { "type": "Point", "coordinates": [ -73.976581914504521, 40.731814041655149 ] } },
{ "type": "Feature", "properties": { "nta2020": "MN0601", "ntaname.x": "Stuyvesant Town-Peter Cooper Village", "comp_year": 2020.0, "ntaname.y": null, "units": 0.0, "units_cum": 5000.0, "city_units": 18916.0, "city_units_cum": 134887.0 }, "geometry": { "type": "Point", "coordinates": [ -73.976581914504521, 40.731814041655149 ] } },
{ "type": "Feature", "properties": { "nta2020": "MN0601", "ntaname.x": "Stuyvesant Town-Peter Cooper Village", "comp_year": 2021.0, "ntaname.y": null, "units": 0.0, "units_cum": 5000.0, "city_units": 20786.0, "city_units_cum": 155673.0 }, "geometry": { "type": "Point", "coordinates": [ -73.976581914504521, 40.731814041655149 ] } },
{ "type": "Feature", "properties": { "nta2020": "MN0601", "ntaname.x": "Stuyvesant Town-Peter Cooper Village", "comp_year": 2022.0, "ntaname.y": null, "units": 0.0, "units_cum": 5000.0, "city_units": 19919.0, "city_units_cum": 175592.0 }, "geometry": { "type": "Point", "coordinates": [ -73.976581914504521, 40.731814041655149 ] } },
{ "type": "Feature", "properties": { "nta2020": "MN0601", "ntaname.x": "Stuyvesant Town-Peter Cooper Village", "comp_year": 2023.0, "ntaname.y": null, "units": 0.0, "units_cum": 5000.0, "city_units": 35384.0, "city_units_cum": 210976.0 }, "geometry": { "type": "Point", "coordinates": [ -73.976581914504521, 40.731814041655149 ] } },
{ "type": "Feature", "properties": { "nta2020": "MN0601", "ntaname.x": "Stuyvesant Town-Peter Cooper Village", "comp_year": 2024.0, "ntaname.y": null, "units": 0.0, "units_cum": 5000.0, "city_units": 49047.0, "city_units_cum": 260023.0 }, "geometry": { "type": "Point", "coordinates": [ -73.976581914504521, 40.731814041655149 ] } },
{ "type": "Feature", "properties": { "nta2020": "MN0601", "ntaname.x": "Stuyvesant Town-Peter Cooper Village", "comp_year": 2025.0, "ntaname.y": null, "units": 0.0, "units_cum": 5000.0, "city_units": 16734.0, "city_units_cum": 276757.0 }, "geometry": { "type": "Point", "coordinates": [ -73.976581914504521, 40.731814041655149 ] } },
{ "type": "Feature", "properties": { "nta2020": "MN0602", "ntaname.x": "Gramercy", "comp_year": 2014.0, "ntaname.y": null, "units": 0.0, "units_cum": 0.0, "city_units": 4879.0, "city_units_cum": 4879.0 }, "geometry": { "type": "Point", "coordinates": [ -73.984053606778744, 40.736824501936184 ] } },
{ "type": "Feature", "properties": { "nta2020": "MN0602", "ntaname.x": "Gramercy", "comp_year": 2015.0, "ntaname.y": null, "units": 0.0, "units_cum": 0.0, "city_units": 7562.0, "city_units_cum": 12441.0 }, "geometry": { "type": "Point", "coordinates": [ -73.984053606778744, 40.736824501936184 ] } },
{ "type": "Feature", "properties": { "nta2020": "MN0602", "ntaname.x": "Gramercy", "comp_year": 2016.0, "ntaname.y": null, "units": 0.0, "units_cum": 0.0, "city_units": 15015.0, "city_units_cum": 27456.0 }, "geometry": { "type": "Point", "coordinates": [ -73.984053606778744, 40.736824501936184 ] } },
{ "type": "Feature", "properties": { "nta2020": "MN0602", "ntaname.x": "Gramercy", "comp_year": 2017.0, "ntaname.y": null, "units": 0.0, "units_cum": 0.0, "city_units": 25343.0, "city_units_cum": 52799.0 }, "geometry": { "type": "Point", "coordinates": [ -73.984053606778744, 40.736824501936184 ] } },
{ "type": "Feature", "properties": { "nta2020": "MN0602", "ntaname.x": "Gramercy", "comp_year": 2018.0, "ntaname.y": null, "units": 0.0, "units_cum": 0.0, "city_units": 33764.0, "city_units_cum": 86563.0 }, "geometry": { "type": "Point", "coordinates": [ -73.984053606778744, 40.736824501936184 ] } },
{ "type": "Feature", "properties": { "nta2020": "MN0602", "ntaname.x": "Gramercy", "comp_year": 2019.0, "ntaname.y": null, "units": 0.0, "units_cum": 0.0, "city_units": 29408.0, "city_units_cum": 115971.0 }, "geometry": { "type": "Point", "coordinates": [ -73.984053606778744, 40.736824501936184 ] } },
{ "type": "Feature", "properties": { "nta2020": "MN0602", "ntaname.x": "Gramercy", "comp_year": 2020.0, "ntaname.y": "Gramercy", "units": 327.0, "units_cum": 327.0, "city_units": 18916.0, "city_units_cum": 134887.0 }, "geometry": { "type": "Point", "coordinates": [ -73.984053606778744, 40.736824501936184 ] } },
{ "type": "Feature", "properties": { "nta2020": "MN0602", "ntaname.x": "Gramercy", "comp_year": 2021.0, "ntaname.y": "Gramercy", "units": 50.0, "units_cum": 377.0, "city_units": 20786.0, "city_units_cum": 155673.0 }, "geometry": { "type": "Point", "coordinates": [ -73.984053606778744, 40.736824501936184 ] } },
{ "type": "Feature", "properties": { "nta2020": "MN0602", "ntaname.x": "Gramercy", "comp_year": 2022.0, "ntaname.y": null, "units": 0.0, "units_cum": 377.0, "city_units": 19919.0, "city_units_cum": 175592.0 }, "geometry": { "type": "Point", "coordinates": [ -73.984053606778744, 40.736824501936184 ] } },
{ "type": "Feature", "properties": { "nta2020": "MN0602", "ntaname.x": "Gramercy", "comp_year": 2023.0, "ntaname.y": null, "units": 0.0, "units_cum": 377.0, "city_units": 35384.0, "city_units_cum": 210976.0 }, "geometry": { "type": "Point", "coordinates": [ -73.984053606778744, 40.736824501936184 ] } },
{ "type": "Feature", "properties": { "nta2020": "MN0602", "ntaname.x": "Gramercy", "comp_year": 2024.0, "ntaname.y": "Gramercy", "units": 108.0, "units_cum": 485.0, "city_units": 49047.0, "city_units_cum": 260023.0 }, "geometry": { "type": "Point", "coordinates": [ -73.984053606778744, 40.736824501936184 ] } },
{ "type": "Feature", "properties": { "nta2020": "MN0602", "ntaname.x": "Gramercy", "comp_year": 2025.0, "ntaname.y": null, "units": 0.0, "units_cum": 485.0, "city_units": 16734.0, "city_units_cum": 276757.0 }, "geometry": { "type": "Point", "coordinates": [ -73.984053606778744, 40.736824501936184 ] } },
{ "type": "Feature", "properties": { "nta2020": "MN0603", "ntaname.x": "Murray Hill-Kips Bay", "comp_year": 2014.0, "ntaname.y": null, "units": 0.0, "units_cum": 0.0, "city_units": 4879.0, "city_units_cum": 4879.0 }, "geometry": { "type": "Point", "coordinates": [ -73.975947831200514, 40.744249358124847 ] } },
{ "type": "Feature", "properties": { "nta2020": "MN0603", "ntaname.x": "Murray Hill-Kips Bay", "comp_year": 2015.0, "ntaname.y": null, "units": 0.0, "units_cum": 0.0, "city_units": 7562.0, "city_units_cum": 12441.0 }, "geometry": { "type": "Point", "coordinates": [ -73.975947831200514, 40.744249358124847 ] } },
{ "type": "Feature", "properties": { "nta2020": "MN0603", "ntaname.x": "Murray Hill-Kips Bay", "comp_year": 2016.0, "ntaname.y": "Murray Hill-Kips Bay", "units": 55.0, "units_cum": 55.0, "city_units": 15015.0, "city_units_cum": 27456.0 }, "geometry": { "type": "Point", "coordinates": [ -73.975947831200514, 40.744249358124847 ] } },
{ "type": "Feature", "properties": { "nta2020": "MN0603", "ntaname.x": "Murray Hill-Kips Bay", "comp_year": 2017.0, "ntaname.y": "Murray Hill-Kips Bay", "units": 539.0, "units_cum": 594.0, "city_units": 25343.0, "city_units_cum": 52799.0 }, "geometry": { "type": "Point", "coordinates": [ -73.975947831200514, 40.744249358124847 ] } },
{ "type": "Feature", "properties": { "nta2020": "MN0603", "ntaname.x": "Murray Hill-Kips Bay", "comp_year": 2018.0, "ntaname.y": "Murray Hill-Kips Bay", "units": 761.0, "units_cum": 1355.0, "city_units": 33764.0, "city_units_cum": 86563.0 }, "geometry": { "type": "Point", "coordinates": [ -73.975947831200514, 40.744249358124847 ] } },
{ "type": "Feature", "properties": { "nta2020": "MN0603", "ntaname.x": "Murray Hill-Kips Bay", "comp_year": 2019.0, "ntaname.y": "Murray Hill-Kips Bay", "units": 1900.0, "units_cum": 3255.0, "city_units": 29408.0, "city_units_cum": 115971.0 }, "geometry": { "type": "Point", "coordinates": [ -73.975947831200514, 40.744249358124847 ] } },
{ "type": "Feature", "properties": { "nta2020": "MN0603", "ntaname.x": "Murray Hill-Kips Bay", "comp_year": 2020.0, "ntaname.y": null, "units": 0.0, "units_cum": 3255.0, "city_units": 18916.0, "city_units_cum": 134887.0 }, "geometry": { "type": "Point", "coordinates": [ -73.975947831200514, 40.744249358124847 ] } },
{ "type": "Feature", "properties": { "nta2020": "MN0603", "ntaname.x": "Murray Hill-Kips Bay", "comp_year": 2021.0, "ntaname.y": "Murray Hill-Kips Bay", "units": 429.0, "units_cum": 3684.0, "city_units": 20786.0, "city_units_cum": 155673.0 }, "geometry": { "type": "Point", "coordinates": [ -73.975947831200514, 40.744249358124847 ] } },
{ "type": "Feature", "properties": { "nta2020": "MN0603", "ntaname.x": "Murray Hill-Kips Bay", "comp_year": 2022.0, "ntaname.y": null, "units": 0.0, "units_cum": 3684.0, "city_units": 19919.0, "city_units_cum": 175592.0 }, "geometry": { "type": "Point", "coordinates": [ -73.975947831200514, 40.744249358124847 ] } },
{ "type": "Feature", "properties": { "nta2020": "MN0603", "ntaname.x": "Murray Hill-Kips Bay", "comp_year": 2023.0, "ntaname.y": "Murray Hill-Kips Bay", "units": 224.0, "units_cum": 3908.0, "city_units": 35384.0, "city_units_cum": 210976.0 }, "geometry": { "type": "Point", "coordinates": [ -73.975947831200514, 40.744249358124847 ] } },
{ "type": "Feature", "properties": { "nta2020": "MN0603", "ntaname.x": "Murray Hill-Kips Bay", "comp_year": 2024.0, "ntaname.y": null, "units": 0.0, "units_cum": 3908.0, "city_units": 49047.0, "city_units_cum": 260023.0 }, "geometry": { "type": "Point", "coordinates": [ -73.975947831200514, 40.744249358124847 ] } },
{ "type": "Feature", "properties": { "nta2020": "MN0603", "ntaname.x": "Murray Hill-Kips Bay", "comp_year": 2025.0, "ntaname.y": null, "units": 0.0, "units_cum": 3908.0, "city_units": 16734.0, "city_units_cum": 276757.0 }, "geometry": { "type": "Point", "coordinates": [ -73.975947831200514, 40.744249358124847 ] } },
{ "type": "Feature", "properties": { "nta2020": "MN0604", "ntaname.x": "East Midtown-Turtle Bay", "comp_year": 2014.0, "ntaname.y": null, "units": 0.0, "units_cum": 0.0, "city_units": 4879.0, "city_units_cum": 4879.0 }, "geometry": { "type": "Point", "coordinates": [ -73.96850348599645, 40.756133342880418 ] } },
{ "type": "Feature", "properties": { "nta2020": "MN0604", "ntaname.x": "East Midtown-Turtle Bay", "comp_year": 2015.0, "ntaname.y": null, "units": 0.0, "units_cum": 0.0, "city_units": 7562.0, "city_units_cum": 12441.0 }, "geometry": { "type": "Point", "coordinates": [ -73.96850348599645, 40.756133342880418 ] } },
{ "type": "Feature", "properties": { "nta2020": "MN0604", "ntaname.x": "East Midtown-Turtle Bay", "comp_year": 2016.0, "ntaname.y": null, "units": 0.0, "units_cum": 0.0, "city_units": 15015.0, "city_units_cum": 27456.0 }, "geometry": { "type": "Point", "coordinates": [ -73.96850348599645, 40.756133342880418 ] } },
{ "type": "Feature", "properties": { "nta2020": "MN0604", "ntaname.x": "East Midtown-Turtle Bay", "comp_year": 2017.0, "ntaname.y": null, "units": 0.0, "units_cum": 0.0, "city_units": 25343.0, "city_units_cum": 52799.0 }, "geometry": { "type": "Point", "coordinates": [ -73.96850348599645, 40.756133342880418 ] } },
{ "type": "Feature", "properties": { "nta2020": "MN0604", "ntaname.x": "East Midtown-Turtle Bay", "comp_year": 2018.0, "ntaname.y": null, "units": 0.0, "units_cum": 0.0, "city_units": 33764.0, "city_units_cum": 86563.0 }, "geometry": { "type": "Point", "coordinates": [ -73.96850348599645, 40.756133342880418 ] } },
{ "type": "Feature", "properties": { "nta2020": "MN0604", "ntaname.x": "East Midtown-Turtle Bay", "comp_year": 2019.0, "ntaname.y": "East Midtown-Turtle Bay", "units": 114.0, "units_cum": 114.0, "city_units": 29408.0, "city_units_cum": 115971.0 }, "geometry": { "type": "Point", "coordinates": [ -73.96850348599645, 40.756133342880418 ] } },
{ "type": "Feature", "properties": { "nta2020": "MN0604", "ntaname.x": "East Midtown-Turtle Bay", "comp_year": 2020.0, "ntaname.y": null, "units": 0.0, "units_cum": 114.0, "city_units": 18916.0, "city_units_cum": 134887.0 }, "geometry": { "type": "Point", "coordinates": [ -73.96850348599645, 40.756133342880418 ] } },
{ "type": "Feature", "properties": { "nta2020": "MN0604", "ntaname.x": "East Midtown-Turtle Bay", "comp_year": 2021.0, "ntaname.y": null, "units": 0.0, "units_cum": 114.0, "city_units": 20786.0, "city_units_cum": 155673.0 }, "geometry": { "type": "Point", "coordinates": [ -73.96850348599645, 40.756133342880418 ] } },
{ "type": "Feature", "properties": { "nta2020": "MN0604", "ntaname.x": "East Midtown-Turtle Bay", "comp_year": 2022.0, "ntaname.y": "East Midtown-Turtle Bay", "units": 130.0, "units_cum": 244.0, "city_units": 19919.0, "city_units_cum": 175592.0 }, "geometry": { "type": "Point", "coordinates": [ -73.96850348599645, 40.756133342880418 ] } },
{ "type": "Feature", "properties": { "nta2020": "MN0604", "ntaname.x": "East Midtown-Turtle Bay", "comp_year": 2023.0, "ntaname.y": null, "units": 0.0, "units_cum": 244.0, "city_units": 35384.0, "city_units_cum": 210976.0 }, "geometry": { "type": "Point", "coordinates": [ -73.96850348599645, 40.756133342880418 ] } },
{ "type": "Feature", "properties": { "nta2020": "MN0604", "ntaname.x": "East Midtown-Turtle Bay", "comp_year": 2024.0, "ntaname.y": null, "units": 0.0, "units_cum": 244.0, "city_units": 49047.0, "city_units_cum": 260023.0 }, "geometry": { "type": "Point", "coordinates": [ -73.96850348599645, 40.756133342880418 ] } },
{ "type": "Feature", "properties": { "nta2020": "MN0604", "ntaname.x": "East Midtown-Turtle Bay", "comp_year": 2025.0, "ntaname.y": null, "units": 0.0, "units_cum": 244.0, "city_units": 16734.0, "city_units_cum": 276757.0 }, "geometry": { "type": "Point", "coordinates": [ -73.96850348599645, 40.756133342880418 ] } },
{ "type": "Feature", "properties": { "nta2020": "MN0661", "ntaname.x": "United Nations", "comp_year": null, "ntaname.y": null, "units": null, "units_cum": null, "city_units": null, "city_units_cum": null }, "geometry": { "type": "Point", "coordinates": [ -73.967318807306611, 40.750345689594603 ] } },
{ "type": "Feature", "properties": { "nta2020": "MN0701", "ntaname.x": "Upper West Side-Lincoln Square", "comp_year": 2014.0, "ntaname.y": null, "units": 0.0, "units_cum": 0.0, "city_units": 4879.0, "city_units_cum": 4879.0 }, "geometry": { "type": "Point", "coordinates": [ -73.984694529972856, 40.774847571219468 ] } },
{ "type": "Feature", "properties": { "nta2020": "MN0701", "ntaname.x": "Upper West Side-Lincoln Square", "comp_year": 2015.0, "ntaname.y": null, "units": 0.0, "units_cum": 0.0, "city_units": 7562.0, "city_units_cum": 12441.0 }, "geometry": { "type": "Point", "coordinates": [ -73.984694529972856, 40.774847571219468 ] } },
{ "type": "Feature", "properties": { "nta2020": "MN0701", "ntaname.x": "Upper West Side-Lincoln Square", "comp_year": 2016.0, "ntaname.y": "Upper West Side-Lincoln Square", "units": 274.0, "units_cum": 274.0, "city_units": 15015.0, "city_units_cum": 27456.0 }, "geometry": { "type": "Point", "coordinates": [ -73.984694529972856, 40.774847571219468 ] } },
{ "type": "Feature", "properties": { "nta2020": "MN0701", "ntaname.x": "Upper West Side-Lincoln Square", "comp_year": 2017.0, "ntaname.y": "Upper West Side-Lincoln Square", "units": 116.0, "units_cum": 390.0, "city_units": 25343.0, "city_units_cum": 52799.0 }, "geometry": { "type": "Point", "coordinates": [ -73.984694529972856, 40.774847571219468 ] } },
{ "type": "Feature", "properties": { "nta2020": "MN0701", "ntaname.x": "Upper West Side-Lincoln Square", "comp_year": 2018.0, "ntaname.y": "Upper West Side-Lincoln Square", "units": 1729.0, "units_cum": 2119.0, "city_units": 33764.0, "city_units_cum": 86563.0 }, "geometry": { "type": "Point", "coordinates": [ -73.984694529972856, 40.774847571219468 ] } },
{ "type": "Feature", "properties": { "nta2020": "MN0701", "ntaname.x": "Upper West Side-Lincoln Square", "comp_year": 2019.0, "ntaname.y": "Upper West Side-Lincoln Square", "units": 1132.0, "units_cum": 3251.0, "city_units": 29408.0, "city_units_cum": 115971.0 }, "geometry": { "type": "Point", "coordinates": [ -73.984694529972856, 40.774847571219468 ] } },
{ "type": "Feature", "properties": { "nta2020": "MN0701", "ntaname.x": "Upper West Side-Lincoln Square", "comp_year": 2020.0, "ntaname.y": "Upper West Side-Lincoln Square", "units": 113.0, "units_cum": 3364.0, "city_units": 18916.0, "city_units_cum": 134887.0 }, "geometry": { "type": "Point", "coordinates": [ -73.984694529972856, 40.774847571219468 ] } },
{ "type": "Feature", "properties": { "nta2020": "MN0701", "ntaname.x": "Upper West Side-Lincoln Square", "comp_year": 2021.0, "ntaname.y": null, "units": 0.0, "units_cum": 3364.0, "city_units": 20786.0, "city_units_cum": 155673.0 }, "geometry": { "type": "Point", "coordinates": [ -73.984694529972856, 40.774847571219468 ] } },
{ "type": "Feature", "properties": { "nta2020": "MN0701", "ntaname.x": "Upper West Side-Lincoln Square", "comp_year": 2022.0, "ntaname.y": null, "units": 0.0, "units_cum": 3364.0, "city_units": 19919.0, "city_units_cum": 175592.0 }, "geometry": { "type": "Point", "coordinates": [ -73.984694529972856, 40.774847571219468 ] } },
{ "type": "Feature", "properties": { "nta2020": "MN0701", "ntaname.x": "Upper West Side-Lincoln Square", "comp_year": 2023.0, "ntaname.y": null, "units": 0.0, "units_cum": 3364.0, "city_units": 35384.0, "city_units_cum": 210976.0 }, "geometry": { "type": "Point", "coordinates": [ -73.984694529972856, 40.774847571219468 ] } },
{ "type": "Feature", "properties": { "nta2020": "MN0701", "ntaname.x": "Upper West Side-Lincoln Square", "comp_year": 2024.0, "ntaname.y": "Upper West Side-Lincoln Square", "units": 19.0, "units_cum": 3383.0, "city_units": 49047.0, "city_units_cum": 260023.0 }, "geometry": { "type": "Point", "coordinates": [ -73.984694529972856, 40.774847571219468 ] } },
{ "type": "Feature", "properties": { "nta2020": "MN0701", "ntaname.x": "Upper West Side-Lincoln Square", "comp_year": 2025.0, "ntaname.y": null, "units": 0.0, "units_cum": 3383.0, "city_units": 16734.0, "city_units_cum": 276757.0 }, "geometry": { "type": "Point", "coordinates": [ -73.984694529972856, 40.774847571219468 ] } },
{ "type": "Feature", "properties": { "nta2020": "MN0702", "ntaname.x": "Upper West Side (Central)", "comp_year": 2014.0, "ntaname.y": null, "units": 0.0, "units_cum": 0.0, "city_units": 4879.0, "city_units_cum": 4879.0 }, "geometry": { "type": "Point", "coordinates": [ -73.975934255929801, 40.787703087578244 ] } },
{ "type": "Feature", "properties": { "nta2020": "MN0702", "ntaname.x": "Upper West Side (Central)", "comp_year": 2015.0, "ntaname.y": null, "units": 0.0, "units_cum": 0.0, "city_units": 7562.0, "city_units_cum": 12441.0 }, "geometry": { "type": "Point", "coordinates": [ -73.975934255929801, 40.787703087578244 ] } },
{ "type": "Feature", "properties": { "nta2020": "MN0702", "ntaname.x": "Upper West Side (Central)", "comp_year": 2016.0, "ntaname.y": null, "units": 0.0, "units_cum": 0.0, "city_units": 15015.0, "city_units_cum": 27456.0 }, "geometry": { "type": "Point", "coordinates": [ -73.975934255929801, 40.787703087578244 ] } },
{ "type": "Feature", "properties": { "nta2020": "MN0702", "ntaname.x": "Upper West Side (Central)", "comp_year": 2017.0, "ntaname.y": null, "units": 0.0, "units_cum": 0.0, "city_units": 25343.0, "city_units_cum": 52799.0 }, "geometry": { "type": "Point", "coordinates": [ -73.975934255929801, 40.787703087578244 ] } },
{ "type": "Feature", "properties": { "nta2020": "MN0702", "ntaname.x": "Upper West Side (Central)", "comp_year": 2018.0, "ntaname.y": "Upper West Side (Central)", "units": 40.0, "units_cum": 40.0, "city_units": 33764.0, "city_units_cum": 86563.0 }, "geometry": { "type": "Point", "coordinates": [ -73.975934255929801, 40.787703087578244 ] } },
{ "type": "Feature", "properties": { "nta2020": "MN0702", "ntaname.x": "Upper West Side (Central)", "comp_year": 2019.0, "ntaname.y": "Upper West Side (Central)", "units": 168.0, "units_cum": 208.0, "city_units": 29408.0, "city_units_cum": 115971.0 }, "geometry": { "type": "Point", "coordinates": [ -73.975934255929801, 40.787703087578244 ] } },
{ "type": "Feature", "properties": { "nta2020": "MN0702", "ntaname.x": "Upper West Side (Central)", "comp_year": 2020.0, "ntaname.y": "Upper West Side (Central)", "units": 234.0, "units_cum": 442.0, "city_units": 18916.0, "city_units_cum": 134887.0 }, "geometry": { "type": "Point", "coordinates": [ -73.975934255929801, 40.787703087578244 ] } },
{ "type": "Feature", "properties": { "nta2020": "MN0702", "ntaname.x": "Upper West Side (Central)", "comp_year": 2021.0, "ntaname.y": null, "units": 0.0, "units_cum": 442.0, "city_units": 20786.0, "city_units_cum": 155673.0 }, "geometry": { "type": "Point", "coordinates": [ -73.975934255929801, 40.787703087578244 ] } },
{ "type": "Feature", "properties": { "nta2020": "MN0702", "ntaname.x": "Upper West Side (Central)", "comp_year": 2022.0, "ntaname.y": null, "units": 0.0, "units_cum": 442.0, "city_units": 19919.0, "city_units_cum": 175592.0 }, "geometry": { "type": "Point", "coordinates": [ -73.975934255929801, 40.787703087578244 ] } },
{ "type": "Feature", "properties": { "nta2020": "MN0702", "ntaname.x": "Upper West Side (Central)", "comp_year": 2023.0, "ntaname.y": "Upper West Side (Central)", "units": 179.0, "units_cum": 621.0, "city_units": 35384.0, "city_units_cum": 210976.0 }, "geometry": { "type": "Point", "coordinates": [ -73.975934255929801, 40.787703087578244 ] } },
{ "type": "Feature", "properties": { "nta2020": "MN0702", "ntaname.x": "Upper West Side (Central)", "comp_year": 2024.0, "ntaname.y": "Upper West Side (Central)", "units": 491.0, "units_cum": 1112.0, "city_units": 49047.0, "city_units_cum": 260023.0 }, "geometry": { "type": "Point", "coordinates": [ -73.975934255929801, 40.787703087578244 ] } },
{ "type": "Feature", "properties": { "nta2020": "MN0702", "ntaname.x": "Upper West Side (Central)", "comp_year": 2025.0, "ntaname.y": null, "units": 0.0, "units_cum": 1112.0, "city_units": 16734.0, "city_units_cum": 276757.0 }, "geometry": { "type": "Point", "coordinates": [ -73.975934255929801, 40.787703087578244 ] } },
{ "type": "Feature", "properties": { "nta2020": "MN0703", "ntaname.x": "Upper West Side-Manhattan Valley", "comp_year": 2014.0, "ntaname.y": "Upper West Side-Manhattan Valley", "units": 74.0, "units_cum": 74.0, "city_units": 4879.0, "city_units_cum": 4879.0 }, "geometry": { "type": "Point", "coordinates": [ -73.967306184986256, 40.799246659407707 ] } },
{ "type": "Feature", "properties": { "nta2020": "MN0703", "ntaname.x": "Upper West Side-Manhattan Valley", "comp_year": 2015.0, "ntaname.y": null, "units": 0.0, "units_cum": 74.0, "city_units": 7562.0, "city_units_cum": 12441.0 }, "geometry": { "type": "Point", "coordinates": [ -73.967306184986256, 40.799246659407707 ] } },
{ "type": "Feature", "properties": { "nta2020": "MN0703", "ntaname.x": "Upper West Side-Manhattan Valley", "comp_year": 2016.0, "ntaname.y": "Upper West Side-Manhattan Valley", "units": 135.0, "units_cum": 209.0, "city_units": 15015.0, "city_units_cum": 27456.0 }, "geometry": { "type": "Point", "coordinates": [ -73.967306184986256, 40.799246659407707 ] } },
{ "type": "Feature", "properties": { "nta2020": "MN0703", "ntaname.x": "Upper West Side-Manhattan Valley", "comp_year": 2017.0, "ntaname.y": null, "units": 0.0, "units_cum": 209.0, "city_units": 25343.0, "city_units_cum": 52799.0 }, "geometry": { "type": "Point", "coordinates": [ -73.967306184986256, 40.799246659407707 ] } },
{ "type": "Feature", "properties": { "nta2020": "MN0703", "ntaname.x": "Upper West Side-Manhattan Valley", "comp_year": 2018.0, "ntaname.y": "Upper West Side-Manhattan Valley", "units": 175.0, "units_cum": 384.0, "city_units": 33764.0, "city_units_cum": 86563.0 }, "geometry": { "type": "Point", "coordinates": [ -73.967306184986256, 40.799246659407707 ] } },
{ "type": "Feature", "properties": { "nta2020": "MN0703", "ntaname.x": "Upper West Side-Manhattan Valley", "comp_year": 2019.0, "ntaname.y": null, "units": 0.0, "units_cum": 384.0, "city_units": 29408.0, "city_units_cum": 115971.0 }, "geometry": { "type": "Point", "coordinates": [ -73.967306184986256, 40.799246659407707 ] } },
{ "type": "Feature", "properties": { "nta2020": "MN0703", "ntaname.x": "Upper West Side-Manhattan Valley", "comp_year": 2020.0, "ntaname.y": null, "units": 0.0, "units_cum": 384.0, "city_units": 18916.0, "city_units_cum": 134887.0 }, "geometry": { "type": "Point", "coordinates": [ -73.967306184986256, 40.799246659407707 ] } },
{ "type": "Feature", "properties": { "nta2020": "MN0703", "ntaname.x": "Upper West Side-Manhattan Valley", "comp_year": 2021.0, "ntaname.y": "Upper West Side-Manhattan Valley", "units": 747.0, "units_cum": 1131.0, "city_units": 20786.0, "city_units_cum": 155673.0 }, "geometry": { "type": "Point", "coordinates": [ -73.967306184986256, 40.799246659407707 ] } },
{ "type": "Feature", "properties": { "nta2020": "MN0703", "ntaname.x": "Upper West Side-Manhattan Valley", "comp_year": 2022.0, "ntaname.y": "Upper West Side-Manhattan Valley", "units": 28.0, "units_cum": 1159.0, "city_units": 19919.0, "city_units_cum": 175592.0 }, "geometry": { "type": "Point", "coordinates": [ -73.967306184986256, 40.799246659407707 ] } },
{ "type": "Feature", "properties": { "nta2020": "MN0703", "ntaname.x": "Upper West Side-Manhattan Valley", "comp_year": 2023.0, "ntaname.y": "Upper West Side-Manhattan Valley", "units": 230.0, "units_cum": 1389.0, "city_units": 35384.0, "city_units_cum": 210976.0 }, "geometry": { "type": "Point", "coordinates": [ -73.967306184986256, 40.799246659407707 ] } },
{ "type": "Feature", "properties": { "nta2020": "MN0703", "ntaname.x": "Upper West Side-Manhattan Valley", "comp_year": 2024.0, "ntaname.y": "Upper West Side-Manhattan Valley", "units": 61.0, "units_cum": 1450.0, "city_units": 49047.0, "city_units_cum": 260023.0 }, "geometry": { "type": "Point", "coordinates": [ -73.967306184986256, 40.799246659407707 ] } },
{ "type": "Feature", "properties": { "nta2020": "MN0703", "ntaname.x": "Upper West Side-Manhattan Valley", "comp_year": 2025.0, "ntaname.y": null, "units": 0.0, "units_cum": 1450.0, "city_units": 16734.0, "city_units_cum": 276757.0 }, "geometry": { "type": "Point", "coordinates": [ -73.967306184986256, 40.799246659407707 ] } },
{ "type": "Feature", "properties": { "nta2020": "MN0801", "ntaname.x": "Upper East Side-Lenox Hill-Roosevelt Island", "comp_year": 2014.0, "ntaname.y": null, "units": 0.0, "units_cum": 0.0, "city_units": 4879.0, "city_units_cum": 4879.0 }, "geometry": { "type": "Point", "coordinates": [ -73.955087020585381, 40.764966380057828 ] } },
{ "type": "Feature", "properties": { "nta2020": "MN0801", "ntaname.x": "Upper East Side-Lenox Hill-Roosevelt Island", "comp_year": 2015.0, "ntaname.y": null, "units": 0.0, "units_cum": 0.0, "city_units": 7562.0, "city_units_cum": 12441.0 }, "geometry": { "type": "Point", "coordinates": [ -73.955087020585381, 40.764966380057828 ] } },
{ "type": "Feature", "properties": { "nta2020": "MN0801", "ntaname.x": "Upper East Side-Lenox Hill-Roosevelt Island", "comp_year": 2016.0, "ntaname.y": null, "units": 0.0, "units_cum": 0.0, "city_units": 15015.0, "city_units_cum": 27456.0 }, "geometry": { "type": "Point", "coordinates": [ -73.955087020585381, 40.764966380057828 ] } },
{ "type": "Feature", "properties": { "nta2020": "MN0801", "ntaname.x": "Upper East Side-Lenox Hill-Roosevelt Island", "comp_year": 2017.0, "ntaname.y": "Upper East Side-Lenox Hill-Roosevelt Island", "units": 21.0, "units_cum": 21.0, "city_units": 25343.0, "city_units_cum": 52799.0 }, "geometry": { "type": "Point", "coordinates": [ -73.955087020585381, 40.764966380057828 ] } },
{ "type": "Feature", "properties": { "nta2020": "MN0801", "ntaname.x": "Upper East Side-Lenox Hill-Roosevelt Island", "comp_year": 2018.0, "ntaname.y": null, "units": 0.0, "units_cum": 21.0, "city_units": 33764.0, "city_units_cum": 86563.0 }, "geometry": { "type": "Point", "coordinates": [ -73.955087020585381, 40.764966380057828 ] } },
{ "type": "Feature", "properties": { "nta2020": "MN0801", "ntaname.x": "Upper East Side-Lenox Hill-Roosevelt Island", "comp_year": 2019.0, "ntaname.y": null, "units": 0.0, "units_cum": 21.0, "city_units": 29408.0, "city_units_cum": 115971.0 }, "geometry": { "type": "Point", "coordinates": [ -73.955087020585381, 40.764966380057828 ] } },
{ "type": "Feature", "properties": { "nta2020": "MN0801", "ntaname.x": "Upper East Side-Lenox Hill-Roosevelt Island", "comp_year": 2020.0, "ntaname.y": "Upper East Side-Lenox Hill-Roosevelt Island", "units": 11.0, "units_cum": 32.0, "city_units": 18916.0, "city_units_cum": 134887.0 }, "geometry": { "type": "Point", "coordinates": [ -73.955087020585381, 40.764966380057828 ] } },
{ "type": "Feature", "properties": { "nta2020": "MN0801", "ntaname.x": "Upper East Side-Lenox Hill-Roosevelt Island", "comp_year": 2021.0, "ntaname.y": "Upper East Side-Lenox Hill-Roosevelt Island", "units": 341.0, "units_cum": 373.0, "city_units": 20786.0, "city_units_cum": 155673.0 }, "geometry": { "type": "Point", "coordinates": [ -73.955087020585381, 40.764966380057828 ] } },
{ "type": "Feature", "properties": { "nta2020": "MN0801", "ntaname.x": "Upper East Side-Lenox Hill-Roosevelt Island", "comp_year": 2022.0, "ntaname.y": null, "units": 0.0, "units_cum": 373.0, "city_units": 19919.0, "city_units_cum": 175592.0 }, "geometry": { "type": "Point", "coordinates": [ -73.955087020585381, 40.764966380057828 ] } },
{ "type": "Feature", "properties": { "nta2020": "MN0801", "ntaname.x": "Upper East Side-Lenox Hill-Roosevelt Island", "comp_year": 2023.0, "ntaname.y": null, "units": 0.0, "units_cum": 373.0, "city_units": 35384.0, "city_units_cum": 210976.0 }, "geometry": { "type": "Point", "coordinates": [ -73.955087020585381, 40.764966380057828 ] } },
{ "type": "Feature", "properties": { "nta2020": "MN0801", "ntaname.x": "Upper East Side-Lenox Hill-Roosevelt Island", "comp_year": 2024.0, "ntaname.y": null, "units": 0.0, "units_cum": 373.0, "city_units": 49047.0, "city_units_cum": 260023.0 }, "geometry": { "type": "Point", "coordinates": [ -73.955087020585381, 40.764966380057828 ] } },
{ "type": "Feature", "properties": { "nta2020": "MN0801", "ntaname.x": "Upper East Side-Lenox Hill-Roosevelt Island", "comp_year": 2025.0, "ntaname.y": null, "units": 0.0, "units_cum": 373.0, "city_units": 16734.0, "city_units_cum": 276757.0 }, "geometry": { "type": "Point", "coordinates": [ -73.955087020585381, 40.764966380057828 ] } },
{ "type": "Feature", "properties": { "nta2020": "MN0802", "ntaname.x": "Upper East Side-Carnegie Hill", "comp_year": 2014.0, "ntaname.y": null, "units": 0.0, "units_cum": 0.0, "city_units": 4879.0, "city_units_cum": 4879.0 }, "geometry": { "type": "Point", "coordinates": [ -73.961175067084525, 40.774729270909155 ] } },
{ "type": "Feature", "properties": { "nta2020": "MN0802", "ntaname.x": "Upper East Side-Carnegie Hill", "comp_year": 2015.0, "ntaname.y": null, "units": 0.0, "units_cum": 0.0, "city_units": 7562.0, "city_units_cum": 12441.0 }, "geometry": { "type": "Point", "coordinates": [ -73.961175067084525, 40.774729270909155 ] } },
{ "type": "Feature", "properties": { "nta2020": "MN0802", "ntaname.x": "Upper East Side-Carnegie Hill", "comp_year": 2016.0, "ntaname.y": null, "units": 0.0, "units_cum": 0.0, "city_units": 15015.0, "city_units_cum": 27456.0 }, "geometry": { "type": "Point", "coordinates": [ -73.961175067084525, 40.774729270909155 ] } },
{ "type": "Feature", "properties": { "nta2020": "MN0802", "ntaname.x": "Upper East Side-Carnegie Hill", "comp_year": 2017.0, "ntaname.y": null, "units": 0.0, "units_cum": 0.0, "city_units": 25343.0, "city_units_cum": 52799.0 }, "geometry": { "type": "Point", "coordinates": [ -73.961175067084525, 40.774729270909155 ] } },
{ "type": "Feature", "properties": { "nta2020": "MN0802", "ntaname.x": "Upper East Side-Carnegie Hill", "comp_year": 2018.0, "ntaname.y": null, "units": 0.0, "units_cum": 0.0, "city_units": 33764.0, "city_units_cum": 86563.0 }, "geometry": { "type": "Point", "coordinates": [ -73.961175067084525, 40.774729270909155 ] } },
{ "type": "Feature", "properties": { "nta2020": "MN0802", "ntaname.x": "Upper East Side-Carnegie Hill", "comp_year": 2019.0, "ntaname.y": null, "units": 0.0, "units_cum": 0.0, "city_units": 29408.0, "city_units_cum": 115971.0 }, "geometry": { "type": "Point", "coordinates": [ -73.961175067084525, 40.774729270909155 ] } },
{ "type": "Feature", "properties": { "nta2020": "MN0802", "ntaname.x": "Upper East Side-Carnegie Hill", "comp_year": 2020.0, "ntaname.y": null, "units": 0.0, "units_cum": 0.0, "city_units": 18916.0, "city_units_cum": 134887.0 }, "geometry": { "type": "Point", "coordinates": [ -73.961175067084525, 40.774729270909155 ] } },
{ "type": "Feature", "properties": { "nta2020": "MN0802", "ntaname.x": "Upper East Side-Carnegie Hill", "comp_year": 2021.0, "ntaname.y": null, "units": 0.0, "units_cum": 0.0, "city_units": 20786.0, "city_units_cum": 155673.0 }, "geometry": { "type": "Point", "coordinates": [ -73.961175067084525, 40.774729270909155 ] } },
{ "type": "Feature", "properties": { "nta2020": "MN0802", "ntaname.x": "Upper East Side-Carnegie Hill", "comp_year": 2022.0, "ntaname.y": null, "units": 0.0, "units_cum": 0.0, "city_units": 19919.0, "city_units_cum": 175592.0 }, "geometry": { "type": "Point", "coordinates": [ -73.961175067084525, 40.774729270909155 ] } },
{ "type": "Feature", "properties": { "nta2020": "MN0802", "ntaname.x": "Upper East Side-Carnegie Hill", "comp_year": 2023.0, "ntaname.y": null, "units": 0.0, "units_cum": 0.0, "city_units": 35384.0, "city_units_cum": 210976.0 }, "geometry": { "type": "Point", "coordinates": [ -73.961175067084525, 40.774729270909155 ] } },
{ "type": "Feature", "properties": { "nta2020": "MN0802", "ntaname.x": "Upper East Side-Carnegie Hill", "comp_year": 2024.0, "ntaname.y": null, "units": 0.0, "units_cum": 0.0, "city_units": 49047.0, "city_units_cum": 260023.0 }, "geometry": { "type": "Point", "coordinates": [ -73.961175067084525, 40.774729270909155 ] } },
{ "type": "Feature", "properties": { "nta2020": "MN0802", "ntaname.x": "Upper East Side-Carnegie Hill", "comp_year": 2025.0, "ntaname.y": "Upper East Side-Carnegie Hill", "units": 100.0, "units_cum": 100.0, "city_units": 16734.0, "city_units_cum": 276757.0 }, "geometry": { "type": "Point", "coordinates": [ -73.961175067084525, 40.774729270909155 ] } },
{ "type": "Feature", "properties": { "nta2020": "MN0803", "ntaname.x": "Upper East Side-Yorkville", "comp_year": 2014.0, "ntaname.y": null, "units": 0.0, "units_cum": 0.0, "city_units": 4879.0, "city_units_cum": 4879.0 }, "geometry": { "type": "Point", "coordinates": [ -73.94868381097659, 40.777323503944096 ] } },
{ "type": "Feature", "properties": { "nta2020": "MN0803", "ntaname.x": "Upper East Side-Yorkville", "comp_year": 2015.0, "ntaname.y": "Upper East Side-Yorkville", "units": 92.0, "units_cum": 92.0, "city_units": 7562.0, "city_units_cum": 12441.0 }, "geometry": { "type": "Point", "coordinates": [ -73.94868381097659, 40.777323503944096 ] } },
{ "type": "Feature", "properties": { "nta2020": "MN0803", "ntaname.x": "Upper East Side-Yorkville", "comp_year": 2016.0, "ntaname.y": null, "units": 0.0, "units_cum": 92.0, "city_units": 15015.0, "city_units_cum": 27456.0 }, "geometry": { "type": "Point", "coordinates": [ -73.94868381097659, 40.777323503944096 ] } },
{ "type": "Feature", "properties": { "nta2020": "MN0803", "ntaname.x": "Upper East Side-Yorkville", "comp_year": 2017.0, "ntaname.y": null, "units": 0.0, "units_cum": 92.0, "city_units": 25343.0, "city_units_cum": 52799.0 }, "geometry": { "type": "Point", "coordinates": [ -73.94868381097659, 40.777323503944096 ] } },
{ "type": "Feature", "properties": { "nta2020": "MN0803", "ntaname.x": "Upper East Side-Yorkville", "comp_year": 2018.0, "ntaname.y": "Upper East Side-Yorkville", "units": 652.0, "units_cum": 744.0, "city_units": 33764.0, "city_units_cum": 86563.0 }, "geometry": { "type": "Point", "coordinates": [ -73.94868381097659, 40.777323503944096 ] } },
{ "type": "Feature", "properties": { "nta2020": "MN0803", "ntaname.x": "Upper East Side-Yorkville", "comp_year": 2019.0, "ntaname.y": "Upper East Side-Yorkville", "units": 150.0, "units_cum": 894.0, "city_units": 29408.0, "city_units_cum": 115971.0 }, "geometry": { "type": "Point", "coordinates": [ -73.94868381097659, 40.777323503944096 ] } },
{ "type": "Feature", "properties": { "nta2020": "MN0803", "ntaname.x": "Upper East Side-Yorkville", "comp_year": 2020.0, "ntaname.y": null, "units": 0.0, "units_cum": 894.0, "city_units": 18916.0, "city_units_cum": 134887.0 }, "geometry": { "type": "Point", "coordinates": [ -73.94868381097659, 40.777323503944096 ] } },
{ "type": "Feature", "properties": { "nta2020": "MN0803", "ntaname.x": "Upper East Side-Yorkville", "comp_year": 2021.0, "ntaname.y": null, "units": 0.0, "units_cum": 894.0, "city_units": 20786.0, "city_units_cum": 155673.0 }, "geometry": { "type": "Point", "coordinates": [ -73.94868381097659, 40.777323503944096 ] } },
{ "type": "Feature", "properties": { "nta2020": "MN0803", "ntaname.x": "Upper East Side-Yorkville", "comp_year": 2022.0, "ntaname.y": null, "units": 0.0, "units_cum": 894.0, "city_units": 19919.0, "city_units_cum": 175592.0 }, "geometry": { "type": "Point", "coordinates": [ -73.94868381097659, 40.777323503944096 ] } },
{ "type": "Feature", "properties": { "nta2020": "MN0803", "ntaname.x": "Upper East Side-Yorkville", "comp_year": 2023.0, "ntaname.y": "Upper East Side-Yorkville", "units": 348.0, "units_cum": 1242.0, "city_units": 35384.0, "city_units_cum": 210976.0 }, "geometry": { "type": "Point", "coordinates": [ -73.94868381097659, 40.777323503944096 ] } },
{ "type": "Feature", "properties": { "nta2020": "MN0803", "ntaname.x": "Upper East Side-Yorkville", "comp_year": 2024.0, "ntaname.y": null, "units": 0.0, "units_cum": 1242.0, "city_units": 49047.0, "city_units_cum": 260023.0 }, "geometry": { "type": "Point", "coordinates": [ -73.94868381097659, 40.777323503944096 ] } },
{ "type": "Feature", "properties": { "nta2020": "MN0803", "ntaname.x": "Upper East Side-Yorkville", "comp_year": 2025.0, "ntaname.y": null, "units": 0.0, "units_cum": 1242.0, "city_units": 16734.0, "city_units_cum": 276757.0 }, "geometry": { "type": "Point", "coordinates": [ -73.94868381097659, 40.777323503944096 ] } },
{ "type": "Feature", "properties": { "nta2020": "MN0901", "ntaname.x": "Morningside Heights", "comp_year": 2014.0, "ntaname.y": null, "units": 0.0, "units_cum": 0.0, "city_units": 4879.0, "city_units_cum": 4879.0 }, "geometry": { "type": "Point", "coordinates": [ -73.961764473115949, 40.80945839330581 ] } },
{ "type": "Feature", "properties": { "nta2020": "MN0901", "ntaname.x": "Morningside Heights", "comp_year": 2015.0, "ntaname.y": null, "units": 0.0, "units_cum": 0.0, "city_units": 7562.0, "city_units_cum": 12441.0 }, "geometry": { "type": "Point", "coordinates": [ -73.961764473115949, 40.80945839330581 ] } },
{ "type": "Feature", "properties": { "nta2020": "MN0901", "ntaname.x": "Morningside Heights", "comp_year": 2016.0, "ntaname.y": "Morningside Heights", "units": 65.0, "units_cum": 65.0, "city_units": 15015.0, "city_units_cum": 27456.0 }, "geometry": { "type": "Point", "coordinates": [ -73.961764473115949, 40.80945839330581 ] } },
{ "type": "Feature", "properties": { "nta2020": "MN0901", "ntaname.x": "Morningside Heights", "comp_year": 2017.0, "ntaname.y": null, "units": 0.0, "units_cum": 65.0, "city_units": 25343.0, "city_units_cum": 52799.0 }, "geometry": { "type": "Point", "coordinates": [ -73.961764473115949, 40.80945839330581 ] } },
{ "type": "Feature", "properties": { "nta2020": "MN0901", "ntaname.x": "Morningside Heights", "comp_year": 2018.0, "ntaname.y": "Morningside Heights", "units": 430.0, "units_cum": 495.0, "city_units": 33764.0, "city_units_cum": 86563.0 }, "geometry": { "type": "Point", "coordinates": [ -73.961764473115949, 40.80945839330581 ] } },
{ "type": "Feature", "properties": { "nta2020": "MN0901", "ntaname.x": "Morningside Heights", "comp_year": 2019.0, "ntaname.y": null, "units": 0.0, "units_cum": 495.0, "city_units": 29408.0, "city_units_cum": 115971.0 }, "geometry": { "type": "Point", "coordinates": [ -73.961764473115949, 40.80945839330581 ] } },
{ "type": "Feature", "properties": { "nta2020": "MN0901", "ntaname.x": "Morningside Heights", "comp_year": 2020.0, "ntaname.y": null, "units": 0.0, "units_cum": 495.0, "city_units": 18916.0, "city_units_cum": 134887.0 }, "geometry": { "type": "Point", "coordinates": [ -73.961764473115949, 40.80945839330581 ] } },
{ "type": "Feature", "properties": { "nta2020": "MN0901", "ntaname.x": "Morningside Heights", "comp_year": 2021.0, "ntaname.y": null, "units": 0.0, "units_cum": 495.0, "city_units": 20786.0, "city_units_cum": 155673.0 }, "geometry": { "type": "Point", "coordinates": [ -73.961764473115949, 40.80945839330581 ] } },
{ "type": "Feature", "properties": { "nta2020": "MN0901", "ntaname.x": "Morningside Heights", "comp_year": 2022.0, "ntaname.y": null, "units": 0.0, "units_cum": 495.0, "city_units": 19919.0, "city_units_cum": 175592.0 }, "geometry": { "type": "Point", "coordinates": [ -73.961764473115949, 40.80945839330581 ] } },
{ "type": "Feature", "properties": { "nta2020": "MN0901", "ntaname.x": "Morningside Heights", "comp_year": 2023.0, "ntaname.y": "Morningside Heights", "units": 102.0, "units_cum": 597.0, "city_units": 35384.0, "city_units_cum": 210976.0 }, "geometry": { "type": "Point", "coordinates": [ -73.961764473115949, 40.80945839330581 ] } },
{ "type": "Feature", "properties": { "nta2020": "MN0901", "ntaname.x": "Morningside Heights", "comp_year": 2024.0, "ntaname.y": "Morningside Heights", "units": 30.0, "units_cum": 627.0, "city_units": 49047.0, "city_units_cum": 260023.0 }, "geometry": { "type": "Point", "coordinates": [ -73.961764473115949, 40.80945839330581 ] } },
{ "type": "Feature", "properties": { "nta2020": "MN0901", "ntaname.x": "Morningside Heights", "comp_year": 2025.0, "ntaname.y": "Morningside Heights", "units": 14.0, "units_cum": 641.0, "city_units": 16734.0, "city_units_cum": 276757.0 }, "geometry": { "type": "Point", "coordinates": [ -73.961764473115949, 40.80945839330581 ] } },
{ "type": "Feature", "properties": { "nta2020": "MN0902", "ntaname.x": "Manhattanville-West Harlem", "comp_year": 2014.0, "ntaname.y": "Manhattanville-West Harlem", "units": 201.0, "units_cum": 201.0, "city_units": 4879.0, "city_units_cum": 4879.0 }, "geometry": { "type": "Point", "coordinates": [ -73.953822288507979, 40.818022624396299 ] } },
{ "type": "Feature", "properties": { "nta2020": "MN0902", "ntaname.x": "Manhattanville-West Harlem", "comp_year": 2015.0, "ntaname.y": null, "units": 0.0, "units_cum": 201.0, "city_units": 7562.0, "city_units_cum": 12441.0 }, "geometry": { "type": "Point", "coordinates": [ -73.953822288507979, 40.818022624396299 ] } },
{ "type": "Feature", "properties": { "nta2020": "MN0902", "ntaname.x": "Manhattanville-West Harlem", "comp_year": 2016.0, "ntaname.y": "Manhattanville-West Harlem", "units": 80.0, "units_cum": 281.0, "city_units": 15015.0, "city_units_cum": 27456.0 }, "geometry": { "type": "Point", "coordinates": [ -73.953822288507979, 40.818022624396299 ] } },
{ "type": "Feature", "properties": { "nta2020": "MN0902", "ntaname.x": "Manhattanville-West Harlem", "comp_year": 2017.0, "ntaname.y": "Manhattanville-West Harlem", "units": 73.0, "units_cum": 354.0, "city_units": 25343.0, "city_units_cum": 52799.0 }, "geometry": { "type": "Point", "coordinates": [ -73.953822288507979, 40.818022624396299 ] } },
{ "type": "Feature", "properties": { "nta2020": "MN0902", "ntaname.x": "Manhattanville-West Harlem", "comp_year": 2018.0, "ntaname.y": "Manhattanville-West Harlem", "units": 188.0, "units_cum": 542.0, "city_units": 33764.0, "city_units_cum": 86563.0 }, "geometry": { "type": "Point", "coordinates": [ -73.953822288507979, 40.818022624396299 ] } },
{ "type": "Feature", "properties": { "nta2020": "MN0902", "ntaname.x": "Manhattanville-West Harlem", "comp_year": 2019.0, "ntaname.y": "Manhattanville-West Harlem", "units": 23.0, "units_cum": 565.0, "city_units": 29408.0, "city_units_cum": 115971.0 }, "geometry": { "type": "Point", "coordinates": [ -73.953822288507979, 40.818022624396299 ] } },
{ "type": "Feature", "properties": { "nta2020": "MN0902", "ntaname.x": "Manhattanville-West Harlem", "comp_year": 2020.0, "ntaname.y": null, "units": 0.0, "units_cum": 565.0, "city_units": 18916.0, "city_units_cum": 134887.0 }, "geometry": { "type": "Point", "coordinates": [ -73.953822288507979, 40.818022624396299 ] } },
{ "type": "Feature", "properties": { "nta2020": "MN0902", "ntaname.x": "Manhattanville-West Harlem", "comp_year": 2021.0, "ntaname.y": "Manhattanville-West Harlem", "units": 157.0, "units_cum": 722.0, "city_units": 20786.0, "city_units_cum": 155673.0 }, "geometry": { "type": "Point", "coordinates": [ -73.953822288507979, 40.818022624396299 ] } },
{ "type": "Feature", "properties": { "nta2020": "MN0902", "ntaname.x": "Manhattanville-West Harlem", "comp_year": 2022.0, "ntaname.y": "Manhattanville-West Harlem", "units": 565.0, "units_cum": 1287.0, "city_units": 19919.0, "city_units_cum": 175592.0 }, "geometry": { "type": "Point", "coordinates": [ -73.953822288507979, 40.818022624396299 ] } },
{ "type": "Feature", "properties": { "nta2020": "MN0902", "ntaname.x": "Manhattanville-West Harlem", "comp_year": 2023.0, "ntaname.y": null, "units": 0.0, "units_cum": 1287.0, "city_units": 35384.0, "city_units_cum": 210976.0 }, "geometry": { "type": "Point", "coordinates": [ -73.953822288507979, 40.818022624396299 ] } },
{ "type": "Feature", "properties": { "nta2020": "MN0902", "ntaname.x": "Manhattanville-West Harlem", "comp_year": 2024.0, "ntaname.y": "Manhattanville-West Harlem", "units": 28.0, "units_cum": 1315.0, "city_units": 49047.0, "city_units_cum": 260023.0 }, "geometry": { "type": "Point", "coordinates": [ -73.953822288507979, 40.818022624396299 ] } },
{ "type": "Feature", "properties": { "nta2020": "MN0902", "ntaname.x": "Manhattanville-West Harlem", "comp_year": 2025.0, "ntaname.y": "Manhattanville-West Harlem", "units": 69.0, "units_cum": 1384.0, "city_units": 16734.0, "city_units_cum": 276757.0 }, "geometry": { "type": "Point", "coordinates": [ -73.953822288507979, 40.818022624396299 ] } },
{ "type": "Feature", "properties": { "nta2020": "MN0903", "ntaname.x": "Hamilton Heights-Sugar Hill", "comp_year": 2014.0, "ntaname.y": null, "units": 0.0, "units_cum": 0.0, "city_units": 4879.0, "city_units_cum": 4879.0 }, "geometry": { "type": "Point", "coordinates": [ -73.948465082368941, 40.827019868652734 ] } },
{ "type": "Feature", "properties": { "nta2020": "MN0903", "ntaname.x": "Hamilton Heights-Sugar Hill", "comp_year": 2015.0, "ntaname.y": null, "units": 0.0, "units_cum": 0.0, "city_units": 7562.0, "city_units_cum": 12441.0 }, "geometry": { "type": "Point", "coordinates": [ -73.948465082368941, 40.827019868652734 ] } },
{ "type": "Feature", "properties": { "nta2020": "MN0903", "ntaname.x": "Hamilton Heights-Sugar Hill", "comp_year": 2016.0, "ntaname.y": "Hamilton Heights-Sugar Hill", "units": 406.0, "units_cum": 406.0, "city_units": 15015.0, "city_units_cum": 27456.0 }, "geometry": { "type": "Point", "coordinates": [ -73.948465082368941, 40.827019868652734 ] } },
{ "type": "Feature", "properties": { "nta2020": "MN0903", "ntaname.x": "Hamilton Heights-Sugar Hill", "comp_year": 2017.0, "ntaname.y": "Hamilton Heights-Sugar Hill", "units": 92.0, "units_cum": 498.0, "city_units": 25343.0, "city_units_cum": 52799.0 }, "geometry": { "type": "Point", "coordinates": [ -73.948465082368941, 40.827019868652734 ] } },
{ "type": "Feature", "properties": { "nta2020": "MN0903", "ntaname.x": "Hamilton Heights-Sugar Hill", "comp_year": 2018.0, "ntaname.y": "Hamilton Heights-Sugar Hill", "units": 142.0, "units_cum": 640.0, "city_units": 33764.0, "city_units_cum": 86563.0 }, "geometry": { "type": "Point", "coordinates": [ -73.948465082368941, 40.827019868652734 ] } },
{ "type": "Feature", "properties": { "nta2020": "MN0903", "ntaname.x": "Hamilton Heights-Sugar Hill", "comp_year": 2019.0, "ntaname.y": "Hamilton Heights-Sugar Hill", "units": 194.0, "units_cum": 834.0, "city_units": 29408.0, "city_units_cum": 115971.0 }, "geometry": { "type": "Point", "coordinates": [ -73.948465082368941, 40.827019868652734 ] } },
{ "type": "Feature", "properties": { "nta2020": "MN0903", "ntaname.x": "Hamilton Heights-Sugar Hill", "comp_year": 2020.0, "ntaname.y": null, "units": 0.0, "units_cum": 834.0, "city_units": 18916.0, "city_units_cum": 134887.0 }, "geometry": { "type": "Point", "coordinates": [ -73.948465082368941, 40.827019868652734 ] } },
{ "type": "Feature", "properties": { "nta2020": "MN0903", "ntaname.x": "Hamilton Heights-Sugar Hill", "comp_year": 2021.0, "ntaname.y": "Hamilton Heights-Sugar Hill", "units": 153.0, "units_cum": 987.0, "city_units": 20786.0, "city_units_cum": 155673.0 }, "geometry": { "type": "Point", "coordinates": [ -73.948465082368941, 40.827019868652734 ] } },
{ "type": "Feature", "properties": { "nta2020": "MN0903", "ntaname.x": "Hamilton Heights-Sugar Hill", "comp_year": 2022.0, "ntaname.y": "Hamilton Heights-Sugar Hill", "units": 20.0, "units_cum": 1007.0, "city_units": 19919.0, "city_units_cum": 175592.0 }, "geometry": { "type": "Point", "coordinates": [ -73.948465082368941, 40.827019868652734 ] } },
{ "type": "Feature", "properties": { "nta2020": "MN0903", "ntaname.x": "Hamilton Heights-Sugar Hill", "comp_year": 2023.0, "ntaname.y": "Hamilton Heights-Sugar Hill", "units": 238.0, "units_cum": 1245.0, "city_units": 35384.0, "city_units_cum": 210976.0 }, "geometry": { "type": "Point", "coordinates": [ -73.948465082368941, 40.827019868652734 ] } },
{ "type": "Feature", "properties": { "nta2020": "MN0903", "ntaname.x": "Hamilton Heights-Sugar Hill", "comp_year": 2024.0, "ntaname.y": null, "units": 0.0, "units_cum": 1245.0, "city_units": 49047.0, "city_units_cum": 260023.0 }, "geometry": { "type": "Point", "coordinates": [ -73.948465082368941, 40.827019868652734 ] } },
{ "type": "Feature", "properties": { "nta2020": "MN0903", "ntaname.x": "Hamilton Heights-Sugar Hill", "comp_year": 2025.0, "ntaname.y": null, "units": 0.0, "units_cum": 1245.0, "city_units": 16734.0, "city_units_cum": 276757.0 }, "geometry": { "type": "Point", "coordinates": [ -73.948465082368941, 40.827019868652734 ] } },
{ "type": "Feature", "properties": { "nta2020": "MN1001", "ntaname.x": "Harlem (South)", "comp_year": 2014.0, "ntaname.y": "Harlem (South)", "units": 89.0, "units_cum": 89.0, "city_units": 4879.0, "city_units_cum": 4879.0 }, "geometry": { "type": "Point", "coordinates": [ -73.951300445282683, 40.804331772761863 ] } },
{ "type": "Feature", "properties": { "nta2020": "MN1001", "ntaname.x": "Harlem (South)", "comp_year": 2015.0, "ntaname.y": "Harlem (South)", "units": 29.0, "units_cum": 118.0, "city_units": 7562.0, "city_units_cum": 12441.0 }, "geometry": { "type": "Point", "coordinates": [ -73.951300445282683, 40.804331772761863 ] } },
{ "type": "Feature", "properties": { "nta2020": "MN1001", "ntaname.x": "Harlem (South)", "comp_year": 2016.0, "ntaname.y": "Harlem (South)", "units": 98.0, "units_cum": 216.0, "city_units": 15015.0, "city_units_cum": 27456.0 }, "geometry": { "type": "Point", "coordinates": [ -73.951300445282683, 40.804331772761863 ] } },
{ "type": "Feature", "properties": { "nta2020": "MN1001", "ntaname.x": "Harlem (South)", "comp_year": 2017.0, "ntaname.y": "Harlem (South)", "units": 299.0, "units_cum": 515.0, "city_units": 25343.0, "city_units_cum": 52799.0 }, "geometry": { "type": "Point", "coordinates": [ -73.951300445282683, 40.804331772761863 ] } },
{ "type": "Feature", "properties": { "nta2020": "MN1001", "ntaname.x": "Harlem (South)", "comp_year": 2018.0, "ntaname.y": "Harlem (South)", "units": 554.0, "units_cum": 1069.0, "city_units": 33764.0, "city_units_cum": 86563.0 }, "geometry": { "type": "Point", "coordinates": [ -73.951300445282683, 40.804331772761863 ] } },
{ "type": "Feature", "properties": { "nta2020": "MN1001", "ntaname.x": "Harlem (South)", "comp_year": 2019.0, "ntaname.y": null, "units": 0.0, "units_cum": 1069.0, "city_units": 29408.0, "city_units_cum": 115971.0 }, "geometry": { "type": "Point", "coordinates": [ -73.951300445282683, 40.804331772761863 ] } },
{ "type": "Feature", "properties": { "nta2020": "MN1001", "ntaname.x": "Harlem (South)", "comp_year": 2020.0, "ntaname.y": null, "units": 0.0, "units_cum": 1069.0, "city_units": 18916.0, "city_units_cum": 134887.0 }, "geometry": { "type": "Point", "coordinates": [ -73.951300445282683, 40.804331772761863 ] } },
{ "type": "Feature", "properties": { "nta2020": "MN1001", "ntaname.x": "Harlem (South)", "comp_year": 2021.0, "ntaname.y": "Harlem (South)", "units": 1014.0, "units_cum": 2083.0, "city_units": 20786.0, "city_units_cum": 155673.0 }, "geometry": { "type": "Point", "coordinates": [ -73.951300445282683, 40.804331772761863 ] } },
{ "type": "Feature", "properties": { "nta2020": "MN1001", "ntaname.x": "Harlem (South)", "comp_year": 2022.0, "ntaname.y": "Harlem (South)", "units": 32.0, "units_cum": 2115.0, "city_units": 19919.0, "city_units_cum": 175592.0 }, "geometry": { "type": "Point", "coordinates": [ -73.951300445282683, 40.804331772761863 ] } },
{ "type": "Feature", "properties": { "nta2020": "MN1001", "ntaname.x": "Harlem (South)", "comp_year": 2023.0, "ntaname.y": "Harlem (South)", "units": 439.0, "units_cum": 2554.0, "city_units": 35384.0, "city_units_cum": 210976.0 }, "geometry": { "type": "Point", "coordinates": [ -73.951300445282683, 40.804331772761863 ] } },
{ "type": "Feature", "properties": { "nta2020": "MN1001", "ntaname.x": "Harlem (South)", "comp_year": 2024.0, "ntaname.y": "Harlem (South)", "units": 489.0, "units_cum": 3043.0, "city_units": 49047.0, "city_units_cum": 260023.0 }, "geometry": { "type": "Point", "coordinates": [ -73.951300445282683, 40.804331772761863 ] } },
{ "type": "Feature", "properties": { "nta2020": "MN1001", "ntaname.x": "Harlem (South)", "comp_year": 2025.0, "ntaname.y": null, "units": 0.0, "units_cum": 3043.0, "city_units": 16734.0, "city_units_cum": 276757.0 }, "geometry": { "type": "Point", "coordinates": [ -73.951300445282683, 40.804331772761863 ] } },
{ "type": "Feature", "properties": { "nta2020": "MN1002", "ntaname.x": "Harlem (North)", "comp_year": 2014.0, "ntaname.y": "Harlem (North)", "units": 193.0, "units_cum": 193.0, "city_units": 4879.0, "city_units_cum": 4879.0 }, "geometry": { "type": "Point", "coordinates": [ -73.940908183276818, 40.81892679292622 ] } },
{ "type": "Feature", "properties": { "nta2020": "MN1002", "ntaname.x": "Harlem (North)", "comp_year": 2015.0, "ntaname.y": "Harlem (North)", "units": 92.0, "units_cum": 285.0, "city_units": 7562.0, "city_units_cum": 12441.0 }, "geometry": { "type": "Point", "coordinates": [ -73.940908183276818, 40.81892679292622 ] } },
{ "type": "Feature", "properties": { "nta2020": "MN1002", "ntaname.x": "Harlem (North)", "comp_year": 2016.0, "ntaname.y": "Harlem (North)", "units": 378.0, "units_cum": 663.0, "city_units": 15015.0, "city_units_cum": 27456.0 }, "geometry": { "type": "Point", "coordinates": [ -73.940908183276818, 40.81892679292622 ] } },
{ "type": "Feature", "properties": { "nta2020": "MN1002", "ntaname.x": "Harlem (North)", "comp_year": 2017.0, "ntaname.y": "Harlem (North)", "units": 875.0, "units_cum": 1538.0, "city_units": 25343.0, "city_units_cum": 52799.0 }, "geometry": { "type": "Point", "coordinates": [ -73.940908183276818, 40.81892679292622 ] } },
{ "type": "Feature", "properties": { "nta2020": "MN1002", "ntaname.x": "Harlem (North)", "comp_year": 2018.0, "ntaname.y": "Harlem (North)", "units": 776.0, "units_cum": 2314.0, "city_units": 33764.0, "city_units_cum": 86563.0 }, "geometry": { "type": "Point", "coordinates": [ -73.940908183276818, 40.81892679292622 ] } },
{ "type": "Feature", "properties": { "nta2020": "MN1002", "ntaname.x": "Harlem (North)", "comp_year": 2019.0, "ntaname.y": "Harlem (North)", "units": 354.0, "units_cum": 2668.0, "city_units": 29408.0, "city_units_cum": 115971.0 }, "geometry": { "type": "Point", "coordinates": [ -73.940908183276818, 40.81892679292622 ] } },
{ "type": "Feature", "properties": { "nta2020": "MN1002", "ntaname.x": "Harlem (North)", "comp_year": 2020.0, "ntaname.y": "Harlem (North)", "units": 781.0, "units_cum": 3449.0, "city_units": 18916.0, "city_units_cum": 134887.0 }, "geometry": { "type": "Point", "coordinates": [ -73.940908183276818, 40.81892679292622 ] } },
{ "type": "Feature", "properties": { "nta2020": "MN1002", "ntaname.x": "Harlem (North)", "comp_year": 2021.0, "ntaname.y": "Harlem (North)", "units": 317.0, "units_cum": 3766.0, "city_units": 20786.0, "city_units_cum": 155673.0 }, "geometry": { "type": "Point", "coordinates": [ -73.940908183276818, 40.81892679292622 ] } },
{ "type": "Feature", "properties": { "nta2020": "MN1002", "ntaname.x": "Harlem (North)", "comp_year": 2022.0, "ntaname.y": "Harlem (North)", "units": 750.0, "units_cum": 4516.0, "city_units": 19919.0, "city_units_cum": 175592.0 }, "geometry": { "type": "Point", "coordinates": [ -73.940908183276818, 40.81892679292622 ] } },
{ "type": "Feature", "properties": { "nta2020": "MN1002", "ntaname.x": "Harlem (North)", "comp_year": 2023.0, "ntaname.y": "Harlem (North)", "units": 713.0, "units_cum": 5229.0, "city_units": 35384.0, "city_units_cum": 210976.0 }, "geometry": { "type": "Point", "coordinates": [ -73.940908183276818, 40.81892679292622 ] } },
{ "type": "Feature", "properties": { "nta2020": "MN1002", "ntaname.x": "Harlem (North)", "comp_year": 2024.0, "ntaname.y": "Harlem (North)", "units": 405.0, "units_cum": 5634.0, "city_units": 49047.0, "city_units_cum": 260023.0 }, "geometry": { "type": "Point", "coordinates": [ -73.940908183276818, 40.81892679292622 ] } },
{ "type": "Feature", "properties": { "nta2020": "MN1002", "ntaname.x": "Harlem (North)", "comp_year": 2025.0, "ntaname.y": "Harlem (North)", "units": 101.0, "units_cum": 5735.0, "city_units": 16734.0, "city_units_cum": 276757.0 }, "geometry": { "type": "Point", "coordinates": [ -73.940908183276818, 40.81892679292622 ] } },
{ "type": "Feature", "properties": { "nta2020": "MN1101", "ntaname.x": "East Harlem (South)", "comp_year": 2014.0, "ntaname.y": null, "units": 0.0, "units_cum": 0.0, "city_units": 4879.0, "city_units_cum": 4879.0 }, "geometry": { "type": "Point", "coordinates": [ -73.945750403542121, 40.790009807456947 ] } },
{ "type": "Feature", "properties": { "nta2020": "MN1101", "ntaname.x": "East Harlem (South)", "comp_year": 2015.0, "ntaname.y": "East Harlem (South)", "units": 108.0, "units_cum": 108.0, "city_units": 7562.0, "city_units_cum": 12441.0 }, "geometry": { "type": "Point", "coordinates": [ -73.945750403542121, 40.790009807456947 ] } },
{ "type": "Feature", "properties": { "nta2020": "MN1101", "ntaname.x": "East Harlem (South)", "comp_year": 2016.0, "ntaname.y": "East Harlem (South)", "units": 14.0, "units_cum": 122.0, "city_units": 15015.0, "city_units_cum": 27456.0 }, "geometry": { "type": "Point", "coordinates": [ -73.945750403542121, 40.790009807456947 ] } },
{ "type": "Feature", "properties": { "nta2020": "MN1101", "ntaname.x": "East Harlem (South)", "comp_year": 2017.0, "ntaname.y": "East Harlem (South)", "units": 203.0, "units_cum": 325.0, "city_units": 25343.0, "city_units_cum": 52799.0 }, "geometry": { "type": "Point", "coordinates": [ -73.945750403542121, 40.790009807456947 ] } },
{ "type": "Feature", "properties": { "nta2020": "MN1101", "ntaname.x": "East Harlem (South)", "comp_year": 2018.0, "ntaname.y": "East Harlem (South)", "units": 898.0, "units_cum": 1223.0, "city_units": 33764.0, "city_units_cum": 86563.0 }, "geometry": { "type": "Point", "coordinates": [ -73.945750403542121, 40.790009807456947 ] } },
{ "type": "Feature", "properties": { "nta2020": "MN1101", "ntaname.x": "East Harlem (South)", "comp_year": 2019.0, "ntaname.y": "East Harlem (South)", "units": 1708.0, "units_cum": 2931.0, "city_units": 29408.0, "city_units_cum": 115971.0 }, "geometry": { "type": "Point", "coordinates": [ -73.945750403542121, 40.790009807456947 ] } },
{ "type": "Feature", "properties": { "nta2020": "MN1101", "ntaname.x": "East Harlem (South)", "comp_year": 2020.0, "ntaname.y": "East Harlem (South)", "units": 153.0, "units_cum": 3084.0, "city_units": 18916.0, "city_units_cum": 134887.0 }, "geometry": { "type": "Point", "coordinates": [ -73.945750403542121, 40.790009807456947 ] } },
{ "type": "Feature", "properties": { "nta2020": "MN1101", "ntaname.x": "East Harlem (South)", "comp_year": 2021.0, "ntaname.y": "East Harlem (South)", "units": 99.0, "units_cum": 3183.0, "city_units": 20786.0, "city_units_cum": 155673.0 }, "geometry": { "type": "Point", "coordinates": [ -73.945750403542121, 40.790009807456947 ] } },
{ "type": "Feature", "properties": { "nta2020": "MN1101", "ntaname.x": "East Harlem (South)", "comp_year": 2022.0, "ntaname.y": "East Harlem (South)", "units": 400.0, "units_cum": 3583.0, "city_units": 19919.0, "city_units_cum": 175592.0 }, "geometry": { "type": "Point", "coordinates": [ -73.945750403542121, 40.790009807456947 ] } },
{ "type": "Feature", "properties": { "nta2020": "MN1101", "ntaname.x": "East Harlem (South)", "comp_year": 2023.0, "ntaname.y": "East Harlem (South)", "units": 647.0, "units_cum": 4230.0, "city_units": 35384.0, "city_units_cum": 210976.0 }, "geometry": { "type": "Point", "coordinates": [ -73.945750403542121, 40.790009807456947 ] } },
{ "type": "Feature", "properties": { "nta2020": "MN1101", "ntaname.x": "East Harlem (South)", "comp_year": 2024.0, "ntaname.y": "East Harlem (South)", "units": 1906.0, "units_cum": 6136.0, "city_units": 49047.0, "city_units_cum": 260023.0 }, "geometry": { "type": "Point", "coordinates": [ -73.945750403542121, 40.790009807456947 ] } },
{ "type": "Feature", "properties": { "nta2020": "MN1101", "ntaname.x": "East Harlem (South)", "comp_year": 2025.0, "ntaname.y": null, "units": 0.0, "units_cum": 6136.0, "city_units": 16734.0, "city_units_cum": 276757.0 }, "geometry": { "type": "Point", "coordinates": [ -73.945750403542121, 40.790009807456947 ] } },
{ "type": "Feature", "properties": { "nta2020": "MN1102", "ntaname.x": "East Harlem (North)", "comp_year": 2014.0, "ntaname.y": "East Harlem (North)", "units": 131.0, "units_cum": 131.0, "city_units": 4879.0, "city_units_cum": 4879.0 }, "geometry": { "type": "Point", "coordinates": [ -73.937437757129601, 40.801612135624367 ] } },
{ "type": "Feature", "properties": { "nta2020": "MN1102", "ntaname.x": "East Harlem (North)", "comp_year": 2015.0, "ntaname.y": "East Harlem (North)", "units": 50.0, "units_cum": 181.0, "city_units": 7562.0, "city_units_cum": 12441.0 }, "geometry": { "type": "Point", "coordinates": [ -73.937437757129601, 40.801612135624367 ] } },
{ "type": "Feature", "properties": { "nta2020": "MN1102", "ntaname.x": "East Harlem (North)", "comp_year": 2016.0, "ntaname.y": "East Harlem (North)", "units": 1352.0, "units_cum": 1533.0, "city_units": 15015.0, "city_units_cum": 27456.0 }, "geometry": { "type": "Point", "coordinates": [ -73.937437757129601, 40.801612135624367 ] } },
{ "type": "Feature", "properties": { "nta2020": "MN1102", "ntaname.x": "East Harlem (North)", "comp_year": 2017.0, "ntaname.y": "East Harlem (North)", "units": 238.0, "units_cum": 1771.0, "city_units": 25343.0, "city_units_cum": 52799.0 }, "geometry": { "type": "Point", "coordinates": [ -73.937437757129601, 40.801612135624367 ] } },
{ "type": "Feature", "properties": { "nta2020": "MN1102", "ntaname.x": "East Harlem (North)", "comp_year": 2018.0, "ntaname.y": "East Harlem (North)", "units": 1496.0, "units_cum": 3267.0, "city_units": 33764.0, "city_units_cum": 86563.0 }, "geometry": { "type": "Point", "coordinates": [ -73.937437757129601, 40.801612135624367 ] } },
{ "type": "Feature", "properties": { "nta2020": "MN1102", "ntaname.x": "East Harlem (North)", "comp_year": 2019.0, "ntaname.y": "East Harlem (North)", "units": 1484.0, "units_cum": 4751.0, "city_units": 29408.0, "city_units_cum": 115971.0 }, "geometry": { "type": "Point", "coordinates": [ -73.937437757129601, 40.801612135624367 ] } },
{ "type": "Feature", "properties": { "nta2020": "MN1102", "ntaname.x": "East Harlem (North)", "comp_year": 2020.0, "ntaname.y": "East Harlem (North)", "units": 47.0, "units_cum": 4798.0, "city_units": 18916.0, "city_units_cum": 134887.0 }, "geometry": { "type": "Point", "coordinates": [ -73.937437757129601, 40.801612135624367 ] } },
{ "type": "Feature", "properties": { "nta2020": "MN1102", "ntaname.x": "East Harlem (North)", "comp_year": 2021.0, "ntaname.y": "East Harlem (North)", "units": 54.0, "units_cum": 4852.0, "city_units": 20786.0, "city_units_cum": 155673.0 }, "geometry": { "type": "Point", "coordinates": [ -73.937437757129601, 40.801612135624367 ] } },
{ "type": "Feature", "properties": { "nta2020": "MN1102", "ntaname.x": "East Harlem (North)", "comp_year": 2022.0, "ntaname.y": "East Harlem (North)", "units": 657.0, "units_cum": 5509.0, "city_units": 19919.0, "city_units_cum": 175592.0 }, "geometry": { "type": "Point", "coordinates": [ -73.937437757129601, 40.801612135624367 ] } },
{ "type": "Feature", "properties": { "nta2020": "MN1102", "ntaname.x": "East Harlem (North)", "comp_year": 2023.0, "ntaname.y": "East Harlem (North)", "units": 170.0, "units_cum": 5679.0, "city_units": 35384.0, "city_units_cum": 210976.0 }, "geometry": { "type": "Point", "coordinates": [ -73.937437757129601, 40.801612135624367 ] } },
{ "type": "Feature", "properties": { "nta2020": "MN1102", "ntaname.x": "East Harlem (North)", "comp_year": 2024.0, "ntaname.y": "East Harlem (North)", "units": 419.0, "units_cum": 6098.0, "city_units": 49047.0, "city_units_cum": 260023.0 }, "geometry": { "type": "Point", "coordinates": [ -73.937437757129601, 40.801612135624367 ] } },
{ "type": "Feature", "properties": { "nta2020": "MN1102", "ntaname.x": "East Harlem (North)", "comp_year": 2025.0, "ntaname.y": "East Harlem (North)", "units": 24.0, "units_cum": 6122.0, "city_units": 16734.0, "city_units_cum": 276757.0 }, "geometry": { "type": "Point", "coordinates": [ -73.937437757129601, 40.801612135624367 ] } },
{ "type": "Feature", "properties": { "nta2020": "MN1191", "ntaname.x": "Randall's Island", "comp_year": null, "ntaname.y": null, "units": null, "units_cum": null, "city_units": null, "city_units_cum": null }, "geometry": { "type": "Point", "coordinates": [ -73.924597203692997, 40.791001061864144 ] } },
{ "type": "Feature", "properties": { "nta2020": "MN1201", "ntaname.x": "Washington Heights (South)", "comp_year": 2014.0, "ntaname.y": "Washington Heights (South)", "units": 110.0, "units_cum": 110.0, "city_units": 4879.0, "city_units_cum": 4879.0 }, "geometry": { "type": "Point", "coordinates": [ -73.941536109463073, 40.840902754316303 ] } },
{ "type": "Feature", "properties": { "nta2020": "MN1201", "ntaname.x": "Washington Heights (South)", "comp_year": 2015.0, "ntaname.y": null, "units": 0.0, "units_cum": 110.0, "city_units": 7562.0, "city_units_cum": 12441.0 }, "geometry": { "type": "Point", "coordinates": [ -73.941536109463073, 40.840902754316303 ] } },
{ "type": "Feature", "properties": { "nta2020": "MN1201", "ntaname.x": "Washington Heights (South)", "comp_year": 2016.0, "ntaname.y": null, "units": 0.0, "units_cum": 110.0, "city_units": 15015.0, "city_units_cum": 27456.0 }, "geometry": { "type": "Point", "coordinates": [ -73.941536109463073, 40.840902754316303 ] } },
{ "type": "Feature", "properties": { "nta2020": "MN1201", "ntaname.x": "Washington Heights (South)", "comp_year": 2017.0, "ntaname.y": "Washington Heights (South)", "units": 109.0, "units_cum": 219.0, "city_units": 25343.0, "city_units_cum": 52799.0 }, "geometry": { "type": "Point", "coordinates": [ -73.941536109463073, 40.840902754316303 ] } },
{ "type": "Feature", "properties": { "nta2020": "MN1201", "ntaname.x": "Washington Heights (South)", "comp_year": 2018.0, "ntaname.y": "Washington Heights (South)", "units": 78.0, "units_cum": 297.0, "city_units": 33764.0, "city_units_cum": 86563.0 }, "geometry": { "type": "Point", "coordinates": [ -73.941536109463073, 40.840902754316303 ] } },
{ "type": "Feature", "properties": { "nta2020": "MN1201", "ntaname.x": "Washington Heights (South)", "comp_year": 2019.0, "ntaname.y": "Washington Heights (South)", "units": 518.0, "units_cum": 815.0, "city_units": 29408.0, "city_units_cum": 115971.0 }, "geometry": { "type": "Point", "coordinates": [ -73.941536109463073, 40.840902754316303 ] } },
{ "type": "Feature", "properties": { "nta2020": "MN1201", "ntaname.x": "Washington Heights (South)", "comp_year": 2020.0, "ntaname.y": "Washington Heights (South)", "units": 28.0, "units_cum": 843.0, "city_units": 18916.0, "city_units_cum": 134887.0 }, "geometry": { "type": "Point", "coordinates": [ -73.941536109463073, 40.840902754316303 ] } },
{ "type": "Feature", "properties": { "nta2020": "MN1201", "ntaname.x": "Washington Heights (South)", "comp_year": 2021.0, "ntaname.y": "Washington Heights (South)", "units": 22.0, "units_cum": 865.0, "city_units": 20786.0, "city_units_cum": 155673.0 }, "geometry": { "type": "Point", "coordinates": [ -73.941536109463073, 40.840902754316303 ] } },
{ "type": "Feature", "properties": { "nta2020": "MN1201", "ntaname.x": "Washington Heights (South)", "comp_year": 2022.0, "ntaname.y": "Washington Heights (South)", "units": 128.0, "units_cum": 993.0, "city_units": 19919.0, "city_units_cum": 175592.0 }, "geometry": { "type": "Point", "coordinates": [ -73.941536109463073, 40.840902754316303 ] } },
{ "type": "Feature", "properties": { "nta2020": "MN1201", "ntaname.x": "Washington Heights (South)", "comp_year": 2023.0, "ntaname.y": "Washington Heights (South)", "units": 98.0, "units_cum": 1091.0, "city_units": 35384.0, "city_units_cum": 210976.0 }, "geometry": { "type": "Point", "coordinates": [ -73.941536109463073, 40.840902754316303 ] } },
{ "type": "Feature", "properties": { "nta2020": "MN1201", "ntaname.x": "Washington Heights (South)", "comp_year": 2024.0, "ntaname.y": "Washington Heights (South)", "units": 960.0, "units_cum": 2051.0, "city_units": 49047.0, "city_units_cum": 260023.0 }, "geometry": { "type": "Point", "coordinates": [ -73.941536109463073, 40.840902754316303 ] } },
{ "type": "Feature", "properties": { "nta2020": "MN1201", "ntaname.x": "Washington Heights (South)", "comp_year": 2025.0, "ntaname.y": "Washington Heights (South)", "units": 431.0, "units_cum": 2482.0, "city_units": 16734.0, "city_units_cum": 276757.0 }, "geometry": { "type": "Point", "coordinates": [ -73.941536109463073, 40.840902754316303 ] } },
{ "type": "Feature", "properties": { "nta2020": "MN1202", "ntaname.x": "Washington Heights (North)", "comp_year": 2014.0, "ntaname.y": null, "units": 0.0, "units_cum": 0.0, "city_units": 4879.0, "city_units_cum": 4879.0 }, "geometry": { "type": "Point", "coordinates": [ -73.933451825488149, 40.856472814678227 ] } },
{ "type": "Feature", "properties": { "nta2020": "MN1202", "ntaname.x": "Washington Heights (North)", "comp_year": 2015.0, "ntaname.y": null, "units": 0.0, "units_cum": 0.0, "city_units": 7562.0, "city_units_cum": 12441.0 }, "geometry": { "type": "Point", "coordinates": [ -73.933451825488149, 40.856472814678227 ] } },
{ "type": "Feature", "properties": { "nta2020": "MN1202", "ntaname.x": "Washington Heights (North)", "comp_year": 2016.0, "ntaname.y": null, "units": 0.0, "units_cum": 0.0, "city_units": 15015.0, "city_units_cum": 27456.0 }, "geometry": { "type": "Point", "coordinates": [ -73.933451825488149, 40.856472814678227 ] } },
{ "type": "Feature", "properties": { "nta2020": "MN1202", "ntaname.x": "Washington Heights (North)", "comp_year": 2017.0, "ntaname.y": null, "units": 0.0, "units_cum": 0.0, "city_units": 25343.0, "city_units_cum": 52799.0 }, "geometry": { "type": "Point", "coordinates": [ -73.933451825488149, 40.856472814678227 ] } },
{ "type": "Feature", "properties": { "nta2020": "MN1202", "ntaname.x": "Washington Heights (North)", "comp_year": 2018.0, "ntaname.y": null, "units": 0.0, "units_cum": 0.0, "city_units": 33764.0, "city_units_cum": 86563.0 }, "geometry": { "type": "Point", "coordinates": [ -73.933451825488149, 40.856472814678227 ] } },
{ "type": "Feature", "properties": { "nta2020": "MN1202", "ntaname.x": "Washington Heights (North)", "comp_year": 2019.0, "ntaname.y": "Washington Heights (North)", "units": 146.0, "units_cum": 146.0, "city_units": 29408.0, "city_units_cum": 115971.0 }, "geometry": { "type": "Point", "coordinates": [ -73.933451825488149, 40.856472814678227 ] } },
{ "type": "Feature", "properties": { "nta2020": "MN1202", "ntaname.x": "Washington Heights (North)", "comp_year": 2020.0, "ntaname.y": null, "units": 0.0, "units_cum": 146.0, "city_units": 18916.0, "city_units_cum": 134887.0 }, "geometry": { "type": "Point", "coordinates": [ -73.933451825488149, 40.856472814678227 ] } },
{ "type": "Feature", "properties": { "nta2020": "MN1202", "ntaname.x": "Washington Heights (North)", "comp_year": 2021.0, "ntaname.y": "Washington Heights (North)", "units": 92.0, "units_cum": 238.0, "city_units": 20786.0, "city_units_cum": 155673.0 }, "geometry": { "type": "Point", "coordinates": [ -73.933451825488149, 40.856472814678227 ] } },
{ "type": "Feature", "properties": { "nta2020": "MN1202", "ntaname.x": "Washington Heights (North)", "comp_year": 2022.0, "ntaname.y": "Washington Heights (North)", "units": 15.0, "units_cum": 253.0, "city_units": 19919.0, "city_units_cum": 175592.0 }, "geometry": { "type": "Point", "coordinates": [ -73.933451825488149, 40.856472814678227 ] } },
{ "type": "Feature", "properties": { "nta2020": "MN1202", "ntaname.x": "Washington Heights (North)", "comp_year": 2023.0, "ntaname.y": "Washington Heights (North)", "units": 223.0, "units_cum": 476.0, "city_units": 35384.0, "city_units_cum": 210976.0 }, "geometry": { "type": "Point", "coordinates": [ -73.933451825488149, 40.856472814678227 ] } },
{ "type": "Feature", "properties": { "nta2020": "MN1202", "ntaname.x": "Washington Heights (North)", "comp_year": 2024.0, "ntaname.y": "Washington Heights (North)", "units": 15.0, "units_cum": 491.0, "city_units": 49047.0, "city_units_cum": 260023.0 }, "geometry": { "type": "Point", "coordinates": [ -73.933451825488149, 40.856472814678227 ] } },
{ "type": "Feature", "properties": { "nta2020": "MN1202", "ntaname.x": "Washington Heights (North)", "comp_year": 2025.0, "ntaname.y": "Washington Heights (North)", "units": 92.0, "units_cum": 583.0, "city_units": 16734.0, "city_units_cum": 276757.0 }, "geometry": { "type": "Point", "coordinates": [ -73.933451825488149, 40.856472814678227 ] } },
{ "type": "Feature", "properties": { "nta2020": "MN1203", "ntaname.x": "Inwood", "comp_year": 2014.0, "ntaname.y": null, "units": 0.0, "units_cum": 0.0, "city_units": 4879.0, "city_units_cum": 4879.0 }, "geometry": { "type": "Point", "coordinates": [ -73.919324267971362, 40.866047041422455 ] } },
{ "type": "Feature", "properties": { "nta2020": "MN1203", "ntaname.x": "Inwood", "comp_year": 2015.0, "ntaname.y": "Inwood", "units": 27.0, "units_cum": 27.0, "city_units": 7562.0, "city_units_cum": 12441.0 }, "geometry": { "type": "Point", "coordinates": [ -73.919324267971362, 40.866047041422455 ] } },
{ "type": "Feature", "properties": { "nta2020": "MN1203", "ntaname.x": "Inwood", "comp_year": 2016.0, "ntaname.y": null, "units": 0.0, "units_cum": 27.0, "city_units": 15015.0, "city_units_cum": 27456.0 }, "geometry": { "type": "Point", "coordinates": [ -73.919324267971362, 40.866047041422455 ] } },
{ "type": "Feature", "properties": { "nta2020": "MN1203", "ntaname.x": "Inwood", "comp_year": 2017.0, "ntaname.y": null, "units": 0.0, "units_cum": 27.0, "city_units": 25343.0, "city_units_cum": 52799.0 }, "geometry": { "type": "Point", "coordinates": [ -73.919324267971362, 40.866047041422455 ] } },
{ "type": "Feature", "properties": { "nta2020": "MN1203", "ntaname.x": "Inwood", "comp_year": 2018.0, "ntaname.y": "Inwood", "units": 178.0, "units_cum": 205.0, "city_units": 33764.0, "city_units_cum": 86563.0 }, "geometry": { "type": "Point", "coordinates": [ -73.919324267971362, 40.866047041422455 ] } },
{ "type": "Feature", "properties": { "nta2020": "MN1203", "ntaname.x": "Inwood", "comp_year": 2019.0, "ntaname.y": null, "units": 0.0, "units_cum": 205.0, "city_units": 29408.0, "city_units_cum": 115971.0 }, "geometry": { "type": "Point", "coordinates": [ -73.919324267971362, 40.866047041422455 ] } },
{ "type": "Feature", "properties": { "nta2020": "MN1203", "ntaname.x": "Inwood", "comp_year": 2020.0, "ntaname.y": null, "units": 0.0, "units_cum": 205.0, "city_units": 18916.0, "city_units_cum": 134887.0 }, "geometry": { "type": "Point", "coordinates": [ -73.919324267971362, 40.866047041422455 ] } },
{ "type": "Feature", "properties": { "nta2020": "MN1203", "ntaname.x": "Inwood", "comp_year": 2021.0, "ntaname.y": null, "units": 0.0, "units_cum": 205.0, "city_units": 20786.0, "city_units_cum": 155673.0 }, "geometry": { "type": "Point", "coordinates": [ -73.919324267971362, 40.866047041422455 ] } },
{ "type": "Feature", "properties": { "nta2020": "MN1203", "ntaname.x": "Inwood", "comp_year": 2022.0, "ntaname.y": null, "units": 0.0, "units_cum": 205.0, "city_units": 19919.0, "city_units_cum": 175592.0 }, "geometry": { "type": "Point", "coordinates": [ -73.919324267971362, 40.866047041422455 ] } },
{ "type": "Feature", "properties": { "nta2020": "MN1203", "ntaname.x": "Inwood", "comp_year": 2023.0, "ntaname.y": "Inwood", "units": 100.0, "units_cum": 305.0, "city_units": 35384.0, "city_units_cum": 210976.0 }, "geometry": { "type": "Point", "coordinates": [ -73.919324267971362, 40.866047041422455 ] } },
{ "type": "Feature", "properties": { "nta2020": "MN1203", "ntaname.x": "Inwood", "comp_year": 2024.0, "ntaname.y": null, "units": 0.0, "units_cum": 305.0, "city_units": 49047.0, "city_units_cum": 260023.0 }, "geometry": { "type": "Point", "coordinates": [ -73.919324267971362, 40.866047041422455 ] } },
{ "type": "Feature", "properties": { "nta2020": "MN1203", "ntaname.x": "Inwood", "comp_year": 2025.0, "ntaname.y": null, "units": 0.0, "units_cum": 305.0, "city_units": 16734.0, "city_units_cum": 276757.0 }, "geometry": { "type": "Point", "coordinates": [ -73.919324267971362, 40.866047041422455 ] } },
{ "type": "Feature", "properties": { "nta2020": "MN1291", "ntaname.x": "Highbridge Park", "comp_year": null, "ntaname.y": null, "units": null, "units_cum": null, "city_units": null, "city_units_cum": null }, "geometry": { "type": "Point", "coordinates": [ -73.93023230115493, 40.846598244487176 ] } },
{ "type": "Feature", "properties": { "nta2020": "MN1292", "ntaname.x": "Inwood Hill Park", "comp_year": null, "ntaname.y": null, "units": null, "units_cum": null, "city_units": null, "city_units_cum": null }, "geometry": { "type": "Point", "coordinates": [ -73.92434265011569, 40.87237795808133 ] } },
{ "type": "Feature", "properties": { "nta2020": "MN6491", "ntaname.x": "Central Park", "comp_year": null, "ntaname.y": null, "units": null, "units_cum": null, "city_units": null, "city_units_cum": null }, "geometry": { "type": "Point", "coordinates": [ -73.965560409758837, 40.782472203054326 ] } },
{ "type": "Feature", "properties": { "nta2020": "QN0101", "ntaname.x": "Astoria (North)-Ditmars-Steinway", "comp_year": 2014.0, "ntaname.y": null, "units": 0.0, "units_cum": 0.0, "city_units": 4879.0, "city_units_cum": 4879.0 }, "geometry": { "type": "Point", "coordinates": [ -73.905256633744585, 40.777408416010132 ] } },
{ "type": "Feature", "properties": { "nta2020": "QN0101", "ntaname.x": "Astoria (North)-Ditmars-Steinway", "comp_year": 2015.0, "ntaname.y": null, "units": 0.0, "units_cum": 0.0, "city_units": 7562.0, "city_units_cum": 12441.0 }, "geometry": { "type": "Point", "coordinates": [ -73.905256633744585, 40.777408416010132 ] } },
{ "type": "Feature", "properties": { "nta2020": "QN0101", "ntaname.x": "Astoria (North)-Ditmars-Steinway", "comp_year": 2016.0, "ntaname.y": null, "units": 0.0, "units_cum": 0.0, "city_units": 15015.0, "city_units_cum": 27456.0 }, "geometry": { "type": "Point", "coordinates": [ -73.905256633744585, 40.777408416010132 ] } },
{ "type": "Feature", "properties": { "nta2020": "QN0101", "ntaname.x": "Astoria (North)-Ditmars-Steinway", "comp_year": 2017.0, "ntaname.y": "Astoria (North)-Ditmars-Steinway", "units": 528.0, "units_cum": 528.0, "city_units": 25343.0, "city_units_cum": 52799.0 }, "geometry": { "type": "Point", "coordinates": [ -73.905256633744585, 40.777408416010132 ] } },
{ "type": "Feature", "properties": { "nta2020": "QN0101", "ntaname.x": "Astoria (North)-Ditmars-Steinway", "comp_year": 2018.0, "ntaname.y": null, "units": 0.0, "units_cum": 528.0, "city_units": 33764.0, "city_units_cum": 86563.0 }, "geometry": { "type": "Point", "coordinates": [ -73.905256633744585, 40.777408416010132 ] } },
{ "type": "Feature", "properties": { "nta2020": "QN0101", "ntaname.x": "Astoria (North)-Ditmars-Steinway", "comp_year": 2019.0, "ntaname.y": null, "units": 0.0, "units_cum": 528.0, "city_units": 29408.0, "city_units_cum": 115971.0 }, "geometry": { "type": "Point", "coordinates": [ -73.905256633744585, 40.777408416010132 ] } },
{ "type": "Feature", "properties": { "nta2020": "QN0101", "ntaname.x": "Astoria (North)-Ditmars-Steinway", "comp_year": 2020.0, "ntaname.y": "Astoria (North)-Ditmars-Steinway", "units": 13.0, "units_cum": 541.0, "city_units": 18916.0, "city_units_cum": 134887.0 }, "geometry": { "type": "Point", "coordinates": [ -73.905256633744585, 40.777408416010132 ] } },
{ "type": "Feature", "properties": { "nta2020": "QN0101", "ntaname.x": "Astoria (North)-Ditmars-Steinway", "comp_year": 2021.0, "ntaname.y": "Astoria (North)-Ditmars-Steinway", "units": 6.0, "units_cum": 547.0, "city_units": 20786.0, "city_units_cum": 155673.0 }, "geometry": { "type": "Point", "coordinates": [ -73.905256633744585, 40.777408416010132 ] } },
{ "type": "Feature", "properties": { "nta2020": "QN0101", "ntaname.x": "Astoria (North)-Ditmars-Steinway", "comp_year": 2022.0, "ntaname.y": "Astoria (North)-Ditmars-Steinway", "units": 30.0, "units_cum": 577.0, "city_units": 19919.0, "city_units_cum": 175592.0 }, "geometry": { "type": "Point", "coordinates": [ -73.905256633744585, 40.777408416010132 ] } },
{ "type": "Feature", "properties": { "nta2020": "QN0101", "ntaname.x": "Astoria (North)-Ditmars-Steinway", "comp_year": 2023.0, "ntaname.y": null, "units": 0.0, "units_cum": 577.0, "city_units": 35384.0, "city_units_cum": 210976.0 }, "geometry": { "type": "Point", "coordinates": [ -73.905256633744585, 40.777408416010132 ] } },
{ "type": "Feature", "properties": { "nta2020": "QN0101", "ntaname.x": "Astoria (North)-Ditmars-Steinway", "comp_year": 2024.0, "ntaname.y": null, "units": 0.0, "units_cum": 577.0, "city_units": 49047.0, "city_units_cum": 260023.0 }, "geometry": { "type": "Point", "coordinates": [ -73.905256633744585, 40.777408416010132 ] } },
{ "type": "Feature", "properties": { "nta2020": "QN0101", "ntaname.x": "Astoria (North)-Ditmars-Steinway", "comp_year": 2025.0, "ntaname.y": "Astoria (North)-Ditmars-Steinway", "units": 15.0, "units_cum": 592.0, "city_units": 16734.0, "city_units_cum": 276757.0 }, "geometry": { "type": "Point", "coordinates": [ -73.905256633744585, 40.777408416010132 ] } },
{ "type": "Feature", "properties": { "nta2020": "QN0102", "ntaname.x": "Old Astoria-Hallets Point", "comp_year": 2014.0, "ntaname.y": null, "units": 0.0, "units_cum": 0.0, "city_units": 4879.0, "city_units_cum": 4879.0 }, "geometry": { "type": "Point", "coordinates": [ -73.931419098632645, 40.772088052501324 ] } },
{ "type": "Feature", "properties": { "nta2020": "QN0102", "ntaname.x": "Old Astoria-Hallets Point", "comp_year": 2015.0, "ntaname.y": null, "units": 0.0, "units_cum": 0.0, "city_units": 7562.0, "city_units_cum": 12441.0 }, "geometry": { "type": "Point", "coordinates": [ -73.931419098632645, 40.772088052501324 ] } },
{ "type": "Feature", "properties": { "nta2020": "QN0102", "ntaname.x": "Old Astoria-Hallets Point", "comp_year": 2016.0, "ntaname.y": null, "units": 0.0, "units_cum": 0.0, "city_units": 15015.0, "city_units_cum": 27456.0 }, "geometry": { "type": "Point", "coordinates": [ -73.931419098632645, 40.772088052501324 ] } },
{ "type": "Feature", "properties": { "nta2020": "QN0102", "ntaname.x": "Old Astoria-Hallets Point", "comp_year": 2017.0, "ntaname.y": null, "units": 0.0, "units_cum": 0.0, "city_units": 25343.0, "city_units_cum": 52799.0 }, "geometry": { "type": "Point", "coordinates": [ -73.931419098632645, 40.772088052501324 ] } },
{ "type": "Feature", "properties": { "nta2020": "QN0102", "ntaname.x": "Old Astoria-Hallets Point", "comp_year": 2018.0, "ntaname.y": "Old Astoria-Hallets Point", "units": 28.0, "units_cum": 28.0, "city_units": 33764.0, "city_units_cum": 86563.0 }, "geometry": { "type": "Point", "coordinates": [ -73.931419098632645, 40.772088052501324 ] } },
{ "type": "Feature", "properties": { "nta2020": "QN0102", "ntaname.x": "Old Astoria-Hallets Point", "comp_year": 2019.0, "ntaname.y": "Old Astoria-Hallets Point", "units": 553.0, "units_cum": 581.0, "city_units": 29408.0, "city_units_cum": 115971.0 }, "geometry": { "type": "Point", "coordinates": [ -73.931419098632645, 40.772088052501324 ] } },
{ "type": "Feature", "properties": { "nta2020": "QN0102", "ntaname.x": "Old Astoria-Hallets Point", "comp_year": 2020.0, "ntaname.y": null, "units": 0.0, "units_cum": 581.0, "city_units": 18916.0, "city_units_cum": 134887.0 }, "geometry": { "type": "Point", "coordinates": [ -73.931419098632645, 40.772088052501324 ] } },
{ "type": "Feature", "properties": { "nta2020": "QN0102", "ntaname.x": "Old Astoria-Hallets Point", "comp_year": 2021.0, "ntaname.y": "Old Astoria-Hallets Point", "units": 147.0, "units_cum": 728.0, "city_units": 20786.0, "city_units_cum": 155673.0 }, "geometry": { "type": "Point", "coordinates": [ -73.931419098632645, 40.772088052501324 ] } },
{ "type": "Feature", "properties": { "nta2020": "QN0102", "ntaname.x": "Old Astoria-Hallets Point", "comp_year": 2022.0, "ntaname.y": "Old Astoria-Hallets Point", "units": 248.0, "units_cum": 976.0, "city_units": 19919.0, "city_units_cum": 175592.0 }, "geometry": { "type": "Point", "coordinates": [ -73.931419098632645, 40.772088052501324 ] } },
{ "type": "Feature", "properties": { "nta2020": "QN0102", "ntaname.x": "Old Astoria-Hallets Point", "comp_year": 2023.0, "ntaname.y": "Old Astoria-Hallets Point", "units": 857.0, "units_cum": 1833.0, "city_units": 35384.0, "city_units_cum": 210976.0 }, "geometry": { "type": "Point", "coordinates": [ -73.931419098632645, 40.772088052501324 ] } },
{ "type": "Feature", "properties": { "nta2020": "QN0102", "ntaname.x": "Old Astoria-Hallets Point", "comp_year": 2024.0, "ntaname.y": "Old Astoria-Hallets Point", "units": 482.0, "units_cum": 2315.0, "city_units": 49047.0, "city_units_cum": 260023.0 }, "geometry": { "type": "Point", "coordinates": [ -73.931419098632645, 40.772088052501324 ] } },
{ "type": "Feature", "properties": { "nta2020": "QN0102", "ntaname.x": "Old Astoria-Hallets Point", "comp_year": 2025.0, "ntaname.y": "Old Astoria-Hallets Point", "units": 26.0, "units_cum": 2341.0, "city_units": 16734.0, "city_units_cum": 276757.0 }, "geometry": { "type": "Point", "coordinates": [ -73.931419098632645, 40.772088052501324 ] } },
{ "type": "Feature", "properties": { "nta2020": "QN0103", "ntaname.x": "Astoria (Central)", "comp_year": 2014.0, "ntaname.y": null, "units": 0.0, "units_cum": 0.0, "city_units": 4879.0, "city_units_cum": 4879.0 }, "geometry": { "type": "Point", "coordinates": [ -73.923057089273456, 40.764283853395575 ] } },
{ "type": "Feature", "properties": { "nta2020": "QN0103", "ntaname.x": "Astoria (Central)", "comp_year": 2015.0, "ntaname.y": null, "units": 0.0, "units_cum": 0.0, "city_units": 7562.0, "city_units_cum": 12441.0 }, "geometry": { "type": "Point", "coordinates": [ -73.923057089273456, 40.764283853395575 ] } },
{ "type": "Feature", "properties": { "nta2020": "QN0103", "ntaname.x": "Astoria (Central)", "comp_year": 2016.0, "ntaname.y": null, "units": 0.0, "units_cum": 0.0, "city_units": 15015.0, "city_units_cum": 27456.0 }, "geometry": { "type": "Point", "coordinates": [ -73.923057089273456, 40.764283853395575 ] } },
{ "type": "Feature", "properties": { "nta2020": "QN0103", "ntaname.x": "Astoria (Central)", "comp_year": 2017.0, "ntaname.y": "Astoria (Central)", "units": 25.0, "units_cum": 25.0, "city_units": 25343.0, "city_units_cum": 52799.0 }, "geometry": { "type": "Point", "coordinates": [ -73.923057089273456, 40.764283853395575 ] } },
{ "type": "Feature", "properties": { "nta2020": "QN0103", "ntaname.x": "Astoria (Central)", "comp_year": 2018.0, "ntaname.y": null, "units": 0.0, "units_cum": 25.0, "city_units": 33764.0, "city_units_cum": 86563.0 }, "geometry": { "type": "Point", "coordinates": [ -73.923057089273456, 40.764283853395575 ] } },
{ "type": "Feature", "properties": { "nta2020": "QN0103", "ntaname.x": "Astoria (Central)", "comp_year": 2019.0, "ntaname.y": "Astoria (Central)", "units": 29.0, "units_cum": 54.0, "city_units": 29408.0, "city_units_cum": 115971.0 }, "geometry": { "type": "Point", "coordinates": [ -73.923057089273456, 40.764283853395575 ] } },
{ "type": "Feature", "properties": { "nta2020": "QN0103", "ntaname.x": "Astoria (Central)", "comp_year": 2020.0, "ntaname.y": "Astoria (Central)", "units": 38.0, "units_cum": 92.0, "city_units": 18916.0, "city_units_cum": 134887.0 }, "geometry": { "type": "Point", "coordinates": [ -73.923057089273456, 40.764283853395575 ] } },
{ "type": "Feature", "properties": { "nta2020": "QN0103", "ntaname.x": "Astoria (Central)", "comp_year": 2021.0, "ntaname.y": "Astoria (Central)", "units": 89.0, "units_cum": 181.0, "city_units": 20786.0, "city_units_cum": 155673.0 }, "geometry": { "type": "Point", "coordinates": [ -73.923057089273456, 40.764283853395575 ] } },
{ "type": "Feature", "properties": { "nta2020": "QN0103", "ntaname.x": "Astoria (Central)", "comp_year": 2022.0, "ntaname.y": "Astoria (Central)", "units": 148.0, "units_cum": 329.0, "city_units": 19919.0, "city_units_cum": 175592.0 }, "geometry": { "type": "Point", "coordinates": [ -73.923057089273456, 40.764283853395575 ] } },
{ "type": "Feature", "properties": { "nta2020": "QN0103", "ntaname.x": "Astoria (Central)", "comp_year": 2023.0, "ntaname.y": "Astoria (Central)", "units": 88.0, "units_cum": 417.0, "city_units": 35384.0, "city_units_cum": 210976.0 }, "geometry": { "type": "Point", "coordinates": [ -73.923057089273456, 40.764283853395575 ] } },
{ "type": "Feature", "properties": { "nta2020": "QN0103", "ntaname.x": "Astoria (Central)", "comp_year": 2024.0, "ntaname.y": "Astoria (Central)", "units": 30.0, "units_cum": 447.0, "city_units": 49047.0, "city_units_cum": 260023.0 }, "geometry": { "type": "Point", "coordinates": [ -73.923057089273456, 40.764283853395575 ] } },
{ "type": "Feature", "properties": { "nta2020": "QN0103", "ntaname.x": "Astoria (Central)", "comp_year": 2025.0, "ntaname.y": null, "units": 0.0, "units_cum": 447.0, "city_units": 16734.0, "city_units_cum": 276757.0 }, "geometry": { "type": "Point", "coordinates": [ -73.923057089273456, 40.764283853395575 ] } },
{ "type": "Feature", "properties": { "nta2020": "QN0104", "ntaname.x": "Astoria (East)-Woodside (North)", "comp_year": 2014.0, "ntaname.y": null, "units": 0.0, "units_cum": 0.0, "city_units": 4879.0, "city_units_cum": 4879.0 }, "geometry": { "type": "Point", "coordinates": [ -73.910313123487484, 40.759558016966444 ] } },
{ "type": "Feature", "properties": { "nta2020": "QN0104", "ntaname.x": "Astoria (East)-Woodside (North)", "comp_year": 2015.0, "ntaname.y": null, "units": 0.0, "units_cum": 0.0, "city_units": 7562.0, "city_units_cum": 12441.0 }, "geometry": { "type": "Point", "coordinates": [ -73.910313123487484, 40.759558016966444 ] } },
{ "type": "Feature", "properties": { "nta2020": "QN0104", "ntaname.x": "Astoria (East)-Woodside (North)", "comp_year": 2016.0, "ntaname.y": null, "units": 0.0, "units_cum": 0.0, "city_units": 15015.0, "city_units_cum": 27456.0 }, "geometry": { "type": "Point", "coordinates": [ -73.910313123487484, 40.759558016966444 ] } },
{ "type": "Feature", "properties": { "nta2020": "QN0104", "ntaname.x": "Astoria (East)-Woodside (North)", "comp_year": 2017.0, "ntaname.y": null, "units": 0.0, "units_cum": 0.0, "city_units": 25343.0, "city_units_cum": 52799.0 }, "geometry": { "type": "Point", "coordinates": [ -73.910313123487484, 40.759558016966444 ] } },
{ "type": "Feature", "properties": { "nta2020": "QN0104", "ntaname.x": "Astoria (East)-Woodside (North)", "comp_year": 2018.0, "ntaname.y": null, "units": 0.0, "units_cum": 0.0, "city_units": 33764.0, "city_units_cum": 86563.0 }, "geometry": { "type": "Point", "coordinates": [ -73.910313123487484, 40.759558016966444 ] } },
{ "type": "Feature", "properties": { "nta2020": "QN0104", "ntaname.x": "Astoria (East)-Woodside (North)", "comp_year": 2019.0, "ntaname.y": null, "units": 0.0, "units_cum": 0.0, "city_units": 29408.0, "city_units_cum": 115971.0 }, "geometry": { "type": "Point", "coordinates": [ -73.910313123487484, 40.759558016966444 ] } },
{ "type": "Feature", "properties": { "nta2020": "QN0104", "ntaname.x": "Astoria (East)-Woodside (North)", "comp_year": 2020.0, "ntaname.y": null, "units": 0.0, "units_cum": 0.0, "city_units": 18916.0, "city_units_cum": 134887.0 }, "geometry": { "type": "Point", "coordinates": [ -73.910313123487484, 40.759558016966444 ] } },
{ "type": "Feature", "properties": { "nta2020": "QN0104", "ntaname.x": "Astoria (East)-Woodside (North)", "comp_year": 2021.0, "ntaname.y": "Astoria (East)-Woodside (North)", "units": 10.0, "units_cum": 10.0, "city_units": 20786.0, "city_units_cum": 155673.0 }, "geometry": { "type": "Point", "coordinates": [ -73.910313123487484, 40.759558016966444 ] } },
{ "type": "Feature", "properties": { "nta2020": "QN0104", "ntaname.x": "Astoria (East)-Woodside (North)", "comp_year": 2022.0, "ntaname.y": "Astoria (East)-Woodside (North)", "units": 195.0, "units_cum": 205.0, "city_units": 19919.0, "city_units_cum": 175592.0 }, "geometry": { "type": "Point", "coordinates": [ -73.910313123487484, 40.759558016966444 ] } },
{ "type": "Feature", "properties": { "nta2020": "QN0104", "ntaname.x": "Astoria (East)-Woodside (North)", "comp_year": 2023.0, "ntaname.y": "Astoria (East)-Woodside (North)", "units": 25.0, "units_cum": 230.0, "city_units": 35384.0, "city_units_cum": 210976.0 }, "geometry": { "type": "Point", "coordinates": [ -73.910313123487484, 40.759558016966444 ] } },
{ "type": "Feature", "properties": { "nta2020": "QN0104", "ntaname.x": "Astoria (East)-Woodside (North)", "comp_year": 2024.0, "ntaname.y": null, "units": 0.0, "units_cum": 230.0, "city_units": 49047.0, "city_units_cum": 260023.0 }, "geometry": { "type": "Point", "coordinates": [ -73.910313123487484, 40.759558016966444 ] } },
{ "type": "Feature", "properties": { "nta2020": "QN0104", "ntaname.x": "Astoria (East)-Woodside (North)", "comp_year": 2025.0, "ntaname.y": "Astoria (East)-Woodside (North)", "units": 173.0, "units_cum": 403.0, "city_units": 16734.0, "city_units_cum": 276757.0 }, "geometry": { "type": "Point", "coordinates": [ -73.910313123487484, 40.759558016966444 ] } },
{ "type": "Feature", "properties": { "nta2020": "QN0105", "ntaname.x": "Queensbridge-Ravenswood-Dutch Kills", "comp_year": 2014.0, "ntaname.y": null, "units": 0.0, "units_cum": 0.0, "city_units": 4879.0, "city_units_cum": 4879.0 }, "geometry": { "type": "Point", "coordinates": [ -73.937932347404214, 40.758318445549307 ] } },
{ "type": "Feature", "properties": { "nta2020": "QN0105", "ntaname.x": "Queensbridge-Ravenswood-Dutch Kills", "comp_year": 2015.0, "ntaname.y": null, "units": 0.0, "units_cum": 0.0, "city_units": 7562.0, "city_units_cum": 12441.0 }, "geometry": { "type": "Point", "coordinates": [ -73.937932347404214, 40.758318445549307 ] } },
{ "type": "Feature", "properties": { "nta2020": "QN0105", "ntaname.x": "Queensbridge-Ravenswood-Dutch Kills", "comp_year": 2016.0, "ntaname.y": null, "units": 0.0, "units_cum": 0.0, "city_units": 15015.0, "city_units_cum": 27456.0 }, "geometry": { "type": "Point", "coordinates": [ -73.937932347404214, 40.758318445549307 ] } },
{ "type": "Feature", "properties": { "nta2020": "QN0105", "ntaname.x": "Queensbridge-Ravenswood-Dutch Kills", "comp_year": 2017.0, "ntaname.y": null, "units": 0.0, "units_cum": 0.0, "city_units": 25343.0, "city_units_cum": 52799.0 }, "geometry": { "type": "Point", "coordinates": [ -73.937932347404214, 40.758318445549307 ] } },
{ "type": "Feature", "properties": { "nta2020": "QN0105", "ntaname.x": "Queensbridge-Ravenswood-Dutch Kills", "comp_year": 2018.0, "ntaname.y": null, "units": 0.0, "units_cum": 0.0, "city_units": 33764.0, "city_units_cum": 86563.0 }, "geometry": { "type": "Point", "coordinates": [ -73.937932347404214, 40.758318445549307 ] } },
{ "type": "Feature", "properties": { "nta2020": "QN0105", "ntaname.x": "Queensbridge-Ravenswood-Dutch Kills", "comp_year": 2019.0, "ntaname.y": "Queensbridge-Ravenswood-Dutch Kills", "units": 33.0, "units_cum": 33.0, "city_units": 29408.0, "city_units_cum": 115971.0 }, "geometry": { "type": "Point", "coordinates": [ -73.937932347404214, 40.758318445549307 ] } },
{ "type": "Feature", "properties": { "nta2020": "QN0105", "ntaname.x": "Queensbridge-Ravenswood-Dutch Kills", "comp_year": 2020.0, "ntaname.y": null, "units": 0.0, "units_cum": 33.0, "city_units": 18916.0, "city_units_cum": 134887.0 }, "geometry": { "type": "Point", "coordinates": [ -73.937932347404214, 40.758318445549307 ] } },
{ "type": "Feature", "properties": { "nta2020": "QN0105", "ntaname.x": "Queensbridge-Ravenswood-Dutch Kills", "comp_year": 2021.0, "ntaname.y": "Queensbridge-Ravenswood-Dutch Kills", "units": 17.0, "units_cum": 50.0, "city_units": 20786.0, "city_units_cum": 155673.0 }, "geometry": { "type": "Point", "coordinates": [ -73.937932347404214, 40.758318445549307 ] } },
{ "type": "Feature", "properties": { "nta2020": "QN0105", "ntaname.x": "Queensbridge-Ravenswood-Dutch Kills", "comp_year": 2022.0, "ntaname.y": "Queensbridge-Ravenswood-Dutch Kills", "units": 109.0, "units_cum": 159.0, "city_units": 19919.0, "city_units_cum": 175592.0 }, "geometry": { "type": "Point", "coordinates": [ -73.937932347404214, 40.758318445549307 ] } },
{ "type": "Feature", "properties": { "nta2020": "QN0105", "ntaname.x": "Queensbridge-Ravenswood-Dutch Kills", "comp_year": 2023.0, "ntaname.y": "Queensbridge-Ravenswood-Dutch Kills", "units": 968.0, "units_cum": 1127.0, "city_units": 35384.0, "city_units_cum": 210976.0 }, "geometry": { "type": "Point", "coordinates": [ -73.937932347404214, 40.758318445549307 ] } },
{ "type": "Feature", "properties": { "nta2020": "QN0105", "ntaname.x": "Queensbridge-Ravenswood-Dutch Kills", "comp_year": 2024.0, "ntaname.y": "Queensbridge-Ravenswood-Dutch Kills", "units": 74.0, "units_cum": 1201.0, "city_units": 49047.0, "city_units_cum": 260023.0 }, "geometry": { "type": "Point", "coordinates": [ -73.937932347404214, 40.758318445549307 ] } },
{ "type": "Feature", "properties": { "nta2020": "QN0105", "ntaname.x": "Queensbridge-Ravenswood-Dutch Kills", "comp_year": 2025.0, "ntaname.y": "Queensbridge-Ravenswood-Dutch Kills", "units": 90.0, "units_cum": 1291.0, "city_units": 16734.0, "city_units_cum": 276757.0 }, "geometry": { "type": "Point", "coordinates": [ -73.937932347404214, 40.758318445549307 ] } },
{ "type": "Feature", "properties": { "nta2020": "QN0151", "ntaname.x": "Rikers Island", "comp_year": null, "ntaname.y": null, "units": null, "units_cum": null, "city_units": null, "city_units_cum": null }, "geometry": { "type": "Point", "coordinates": [ -73.882654920737281, 40.791130356855938 ] } },
{ "type": "Feature", "properties": { "nta2020": "QN0161", "ntaname.x": "Sunnyside Yards (North)", "comp_year": null, "ntaname.y": null, "units": null, "units_cum": null, "city_units": null, "city_units_cum": null }, "geometry": { "type": "Point", "coordinates": [ -73.91998390312574, 40.751914196984046 ] } },
{ "type": "Feature", "properties": { "nta2020": "QN0171", "ntaname.x": "St. Michael's Cemetery", "comp_year": null, "ntaname.y": null, "units": null, "units_cum": null, "city_units": null, "city_units_cum": null }, "geometry": { "type": "Point", "coordinates": [ -73.899399359536773, 40.763987803040337 ] } },
{ "type": "Feature", "properties": { "nta2020": "QN0191", "ntaname.x": "Astoria Park", "comp_year": null, "ntaname.y": null, "units": null, "units_cum": null, "city_units": null, "city_units_cum": null }, "geometry": { "type": "Point", "coordinates": [ -73.923079756026667, 40.778558816008328 ] } },
{ "type": "Feature", "properties": { "nta2020": "QN0201", "ntaname.x": "Long Island City-Hunters Point", "comp_year": 2014.0, "ntaname.y": null, "units": 0.0, "units_cum": 0.0, "city_units": 4879.0, "city_units_cum": 4879.0 }, "geometry": { "type": "Point", "coordinates": [ -73.948908692872052, 40.745379484012084 ] } },
{ "type": "Feature", "properties": { "nta2020": "QN0201", "ntaname.x": "Long Island City-Hunters Point", "comp_year": 2015.0, "ntaname.y": null, "units": 0.0, "units_cum": 0.0, "city_units": 7562.0, "city_units_cum": 12441.0 }, "geometry": { "type": "Point", "coordinates": [ -73.948908692872052, 40.745379484012084 ] } },
{ "type": "Feature", "properties": { "nta2020": "QN0201", "ntaname.x": "Long Island City-Hunters Point", "comp_year": 2016.0, "ntaname.y": "Long Island City-Hunters Point", "units": 8.0, "units_cum": 8.0, "city_units": 15015.0, "city_units_cum": 27456.0 }, "geometry": { "type": "Point", "coordinates": [ -73.948908692872052, 40.745379484012084 ] } },
{ "type": "Feature", "properties": { "nta2020": "QN0201", "ntaname.x": "Long Island City-Hunters Point", "comp_year": 2017.0, "ntaname.y": null, "units": 0.0, "units_cum": 8.0, "city_units": 25343.0, "city_units_cum": 52799.0 }, "geometry": { "type": "Point", "coordinates": [ -73.948908692872052, 40.745379484012084 ] } },
{ "type": "Feature", "properties": { "nta2020": "QN0201", "ntaname.x": "Long Island City-Hunters Point", "comp_year": 2018.0, "ntaname.y": null, "units": 0.0, "units_cum": 8.0, "city_units": 33764.0, "city_units_cum": 86563.0 }, "geometry": { "type": "Point", "coordinates": [ -73.948908692872052, 40.745379484012084 ] } },
{ "type": "Feature", "properties": { "nta2020": "QN0201", "ntaname.x": "Long Island City-Hunters Point", "comp_year": 2019.0, "ntaname.y": "Long Island City-Hunters Point", "units": 547.0, "units_cum": 555.0, "city_units": 29408.0, "city_units_cum": 115971.0 }, "geometry": { "type": "Point", "coordinates": [ -73.948908692872052, 40.745379484012084 ] } },
{ "type": "Feature", "properties": { "nta2020": "QN0201", "ntaname.x": "Long Island City-Hunters Point", "comp_year": 2020.0, "ntaname.y": "Long Island City-Hunters Point", "units": 1084.0, "units_cum": 1639.0, "city_units": 18916.0, "city_units_cum": 134887.0 }, "geometry": { "type": "Point", "coordinates": [ -73.948908692872052, 40.745379484012084 ] } },
{ "type": "Feature", "properties": { "nta2020": "QN0201", "ntaname.x": "Long Island City-Hunters Point", "comp_year": 2021.0, "ntaname.y": "Long Island City-Hunters Point", "units": 1352.0, "units_cum": 2991.0, "city_units": 20786.0, "city_units_cum": 155673.0 }, "geometry": { "type": "Point", "coordinates": [ -73.948908692872052, 40.745379484012084 ] } },
{ "type": "Feature", "properties": { "nta2020": "QN0201", "ntaname.x": "Long Island City-Hunters Point", "comp_year": 2022.0, "ntaname.y": "Long Island City-Hunters Point", "units": 1255.0, "units_cum": 4246.0, "city_units": 19919.0, "city_units_cum": 175592.0 }, "geometry": { "type": "Point", "coordinates": [ -73.948908692872052, 40.745379484012084 ] } },
{ "type": "Feature", "properties": { "nta2020": "QN0201", "ntaname.x": "Long Island City-Hunters Point", "comp_year": 2023.0, "ntaname.y": "Long Island City-Hunters Point", "units": 1192.0, "units_cum": 5438.0, "city_units": 35384.0, "city_units_cum": 210976.0 }, "geometry": { "type": "Point", "coordinates": [ -73.948908692872052, 40.745379484012084 ] } },
{ "type": "Feature", "properties": { "nta2020": "QN0201", "ntaname.x": "Long Island City-Hunters Point", "comp_year": 2024.0, "ntaname.y": "Long Island City-Hunters Point", "units": 83.0, "units_cum": 5521.0, "city_units": 49047.0, "city_units_cum": 260023.0 }, "geometry": { "type": "Point", "coordinates": [ -73.948908692872052, 40.745379484012084 ] } },
{ "type": "Feature", "properties": { "nta2020": "QN0201", "ntaname.x": "Long Island City-Hunters Point", "comp_year": 2025.0, "ntaname.y": "Long Island City-Hunters Point", "units": 186.0, "units_cum": 5707.0, "city_units": 16734.0, "city_units_cum": 276757.0 }, "geometry": { "type": "Point", "coordinates": [ -73.948908692872052, 40.745379484012084 ] } },
{ "type": "Feature", "properties": { "nta2020": "QN0202", "ntaname.x": "Sunnyside", "comp_year": 2014.0, "ntaname.y": null, "units": 0.0, "units_cum": 0.0, "city_units": 4879.0, "city_units_cum": 4879.0 }, "geometry": { "type": "Point", "coordinates": [ -73.92644487567415, 40.738417594414173 ] } },
{ "type": "Feature", "properties": { "nta2020": "QN0202", "ntaname.x": "Sunnyside", "comp_year": 2015.0, "ntaname.y": null, "units": 0.0, "units_cum": 0.0, "city_units": 7562.0, "city_units_cum": 12441.0 }, "geometry": { "type": "Point", "coordinates": [ -73.92644487567415, 40.738417594414173 ] } },
{ "type": "Feature", "properties": { "nta2020": "QN0202", "ntaname.x": "Sunnyside", "comp_year": 2016.0, "ntaname.y": null, "units": 0.0, "units_cum": 0.0, "city_units": 15015.0, "city_units_cum": 27456.0 }, "geometry": { "type": "Point", "coordinates": [ -73.92644487567415, 40.738417594414173 ] } },
{ "type": "Feature", "properties": { "nta2020": "QN0202", "ntaname.x": "Sunnyside", "comp_year": 2017.0, "ntaname.y": null, "units": 0.0, "units_cum": 0.0, "city_units": 25343.0, "city_units_cum": 52799.0 }, "geometry": { "type": "Point", "coordinates": [ -73.92644487567415, 40.738417594414173 ] } },
{ "type": "Feature", "properties": { "nta2020": "QN0202", "ntaname.x": "Sunnyside", "comp_year": 2018.0, "ntaname.y": null, "units": 0.0, "units_cum": 0.0, "city_units": 33764.0, "city_units_cum": 86563.0 }, "geometry": { "type": "Point", "coordinates": [ -73.92644487567415, 40.738417594414173 ] } },
{ "type": "Feature", "properties": { "nta2020": "QN0202", "ntaname.x": "Sunnyside", "comp_year": 2019.0, "ntaname.y": null, "units": 0.0, "units_cum": 0.0, "city_units": 29408.0, "city_units_cum": 115971.0 }, "geometry": { "type": "Point", "coordinates": [ -73.92644487567415, 40.738417594414173 ] } },
{ "type": "Feature", "properties": { "nta2020": "QN0202", "ntaname.x": "Sunnyside", "comp_year": 2020.0, "ntaname.y": null, "units": 0.0, "units_cum": 0.0, "city_units": 18916.0, "city_units_cum": 134887.0 }, "geometry": { "type": "Point", "coordinates": [ -73.92644487567415, 40.738417594414173 ] } },
{ "type": "Feature", "properties": { "nta2020": "QN0202", "ntaname.x": "Sunnyside", "comp_year": 2021.0, "ntaname.y": null, "units": 0.0, "units_cum": 0.0, "city_units": 20786.0, "city_units_cum": 155673.0 }, "geometry": { "type": "Point", "coordinates": [ -73.92644487567415, 40.738417594414173 ] } },
{ "type": "Feature", "properties": { "nta2020": "QN0202", "ntaname.x": "Sunnyside", "comp_year": 2022.0, "ntaname.y": "Sunnyside", "units": 20.0, "units_cum": 20.0, "city_units": 19919.0, "city_units_cum": 175592.0 }, "geometry": { "type": "Point", "coordinates": [ -73.92644487567415, 40.738417594414173 ] } },
{ "type": "Feature", "properties": { "nta2020": "QN0202", "ntaname.x": "Sunnyside", "comp_year": 2023.0, "ntaname.y": "Sunnyside", "units": 12.0, "units_cum": 32.0, "city_units": 35384.0, "city_units_cum": 210976.0 }, "geometry": { "type": "Point", "coordinates": [ -73.92644487567415, 40.738417594414173 ] } },
{ "type": "Feature", "properties": { "nta2020": "QN0202", "ntaname.x": "Sunnyside", "comp_year": 2024.0, "ntaname.y": "Sunnyside", "units": 101.0, "units_cum": 133.0, "city_units": 49047.0, "city_units_cum": 260023.0 }, "geometry": { "type": "Point", "coordinates": [ -73.92644487567415, 40.738417594414173 ] } },
{ "type": "Feature", "properties": { "nta2020": "QN0202", "ntaname.x": "Sunnyside", "comp_year": 2025.0, "ntaname.y": "Sunnyside", "units": 123.0, "units_cum": 256.0, "city_units": 16734.0, "city_units_cum": 276757.0 }, "geometry": { "type": "Point", "coordinates": [ -73.92644487567415, 40.738417594414173 ] } },
{ "type": "Feature", "properties": { "nta2020": "QN0203", "ntaname.x": "Woodside", "comp_year": 2014.0, "ntaname.y": null, "units": 0.0, "units_cum": 0.0, "city_units": 4879.0, "city_units_cum": 4879.0 }, "geometry": { "type": "Point", "coordinates": [ -73.901409778891448, 40.743104230365496 ] } },
{ "type": "Feature", "properties": { "nta2020": "QN0203", "ntaname.x": "Woodside", "comp_year": 2015.0, "ntaname.y": null, "units": 0.0, "units_cum": 0.0, "city_units": 7562.0, "city_units_cum": 12441.0 }, "geometry": { "type": "Point", "coordinates": [ -73.901409778891448, 40.743104230365496 ] } },
{ "type": "Feature", "properties": { "nta2020": "QN0203", "ntaname.x": "Woodside", "comp_year": 2016.0, "ntaname.y": null, "units": 0.0, "units_cum": 0.0, "city_units": 15015.0, "city_units_cum": 27456.0 }, "geometry": { "type": "Point", "coordinates": [ -73.901409778891448, 40.743104230365496 ] } },
{ "type": "Feature", "properties": { "nta2020": "QN0203", "ntaname.x": "Woodside", "comp_year": 2017.0, "ntaname.y": "Woodside", "units": 978.0, "units_cum": 978.0, "city_units": 25343.0, "city_units_cum": 52799.0 }, "geometry": { "type": "Point", "coordinates": [ -73.901409778891448, 40.743104230365496 ] } },
{ "type": "Feature", "properties": { "nta2020": "QN0203", "ntaname.x": "Woodside", "comp_year": 2018.0, "ntaname.y": null, "units": 0.0, "units_cum": 978.0, "city_units": 33764.0, "city_units_cum": 86563.0 }, "geometry": { "type": "Point", "coordinates": [ -73.901409778891448, 40.743104230365496 ] } },
{ "type": "Feature", "properties": { "nta2020": "QN0203", "ntaname.x": "Woodside", "comp_year": 2019.0, "ntaname.y": "Woodside", "units": 8.0, "units_cum": 986.0, "city_units": 29408.0, "city_units_cum": 115971.0 }, "geometry": { "type": "Point", "coordinates": [ -73.901409778891448, 40.743104230365496 ] } },
{ "type": "Feature", "properties": { "nta2020": "QN0203", "ntaname.x": "Woodside", "comp_year": 2020.0, "ntaname.y": "Woodside", "units": 10.0, "units_cum": 996.0, "city_units": 18916.0, "city_units_cum": 134887.0 }, "geometry": { "type": "Point", "coordinates": [ -73.901409778891448, 40.743104230365496 ] } },
{ "type": "Feature", "properties": { "nta2020": "QN0203", "ntaname.x": "Woodside", "comp_year": 2021.0, "ntaname.y": "Woodside", "units": 74.0, "units_cum": 1070.0, "city_units": 20786.0, "city_units_cum": 155673.0 }, "geometry": { "type": "Point", "coordinates": [ -73.901409778891448, 40.743104230365496 ] } },
{ "type": "Feature", "properties": { "nta2020": "QN0203", "ntaname.x": "Woodside", "comp_year": 2022.0, "ntaname.y": "Woodside", "units": 14.0, "units_cum": 1084.0, "city_units": 19919.0, "city_units_cum": 175592.0 }, "geometry": { "type": "Point", "coordinates": [ -73.901409778891448, 40.743104230365496 ] } },
{ "type": "Feature", "properties": { "nta2020": "QN0203", "ntaname.x": "Woodside", "comp_year": 2023.0, "ntaname.y": "Woodside", "units": 16.0, "units_cum": 1100.0, "city_units": 35384.0, "city_units_cum": 210976.0 }, "geometry": { "type": "Point", "coordinates": [ -73.901409778891448, 40.743104230365496 ] } },
{ "type": "Feature", "properties": { "nta2020": "QN0203", "ntaname.x": "Woodside", "comp_year": 2024.0, "ntaname.y": "Woodside", "units": 495.0, "units_cum": 1595.0, "city_units": 49047.0, "city_units_cum": 260023.0 }, "geometry": { "type": "Point", "coordinates": [ -73.901409778891448, 40.743104230365496 ] } },
{ "type": "Feature", "properties": { "nta2020": "QN0203", "ntaname.x": "Woodside", "comp_year": 2025.0, "ntaname.y": null, "units": 0.0, "units_cum": 1595.0, "city_units": 16734.0, "city_units_cum": 276757.0 }, "geometry": { "type": "Point", "coordinates": [ -73.901409778891448, 40.743104230365496 ] } },
{ "type": "Feature", "properties": { "nta2020": "QN0261", "ntaname.x": "Sunnyside Yards (South)", "comp_year": null, "ntaname.y": null, "units": null, "units_cum": null, "city_units": null, "city_units_cum": null }, "geometry": { "type": "Point", "coordinates": [ -73.928182482997755, 40.748665667993542 ] } },
{ "type": "Feature", "properties": { "nta2020": "QN0271", "ntaname.x": "Calvary & Mount Zion Cemeteries", "comp_year": null, "ntaname.y": null, "units": null, "units_cum": null, "city_units": null, "city_units_cum": null }, "geometry": { "type": "Point", "coordinates": [ -73.911375032928873, 40.73429564591828 ] } },
{ "type": "Feature", "properties": { "nta2020": "QN0301", "ntaname.x": "Jackson Heights", "comp_year": 2014.0, "ntaname.y": null, "units": 0.0, "units_cum": 0.0, "city_units": 4879.0, "city_units_cum": 4879.0 }, "geometry": { "type": "Point", "coordinates": [ -73.886344546363489, 40.755518690426861 ] } },
{ "type": "Feature", "properties": { "nta2020": "QN0301", "ntaname.x": "Jackson Heights", "comp_year": 2015.0, "ntaname.y": null, "units": 0.0, "units_cum": 0.0, "city_units": 7562.0, "city_units_cum": 12441.0 }, "geometry": { "type": "Point", "coordinates": [ -73.886344546363489, 40.755518690426861 ] } },
{ "type": "Feature", "properties": { "nta2020": "QN0301", "ntaname.x": "Jackson Heights", "comp_year": 2016.0, "ntaname.y": null, "units": 0.0, "units_cum": 0.0, "city_units": 15015.0, "city_units_cum": 27456.0 }, "geometry": { "type": "Point", "coordinates": [ -73.886344546363489, 40.755518690426861 ] } },
{ "type": "Feature", "properties": { "nta2020": "QN0301", "ntaname.x": "Jackson Heights", "comp_year": 2017.0, "ntaname.y": null, "units": 0.0, "units_cum": 0.0, "city_units": 25343.0, "city_units_cum": 52799.0 }, "geometry": { "type": "Point", "coordinates": [ -73.886344546363489, 40.755518690426861 ] } },
{ "type": "Feature", "properties": { "nta2020": "QN0301", "ntaname.x": "Jackson Heights", "comp_year": 2018.0, "ntaname.y": null, "units": 0.0, "units_cum": 0.0, "city_units": 33764.0, "city_units_cum": 86563.0 }, "geometry": { "type": "Point", "coordinates": [ -73.886344546363489, 40.755518690426861 ] } },
{ "type": "Feature", "properties": { "nta2020": "QN0301", "ntaname.x": "Jackson Heights", "comp_year": 2019.0, "ntaname.y": "Jackson Heights", "units": 28.0, "units_cum": 28.0, "city_units": 29408.0, "city_units_cum": 115971.0 }, "geometry": { "type": "Point", "coordinates": [ -73.886344546363489, 40.755518690426861 ] } },
{ "type": "Feature", "properties": { "nta2020": "QN0301", "ntaname.x": "Jackson Heights", "comp_year": 2020.0, "ntaname.y": null, "units": 0.0, "units_cum": 28.0, "city_units": 18916.0, "city_units_cum": 134887.0 }, "geometry": { "type": "Point", "coordinates": [ -73.886344546363489, 40.755518690426861 ] } },
{ "type": "Feature", "properties": { "nta2020": "QN0301", "ntaname.x": "Jackson Heights", "comp_year": 2021.0, "ntaname.y": null, "units": 0.0, "units_cum": 28.0, "city_units": 20786.0, "city_units_cum": 155673.0 }, "geometry": { "type": "Point", "coordinates": [ -73.886344546363489, 40.755518690426861 ] } },
{ "type": "Feature", "properties": { "nta2020": "QN0301", "ntaname.x": "Jackson Heights", "comp_year": 2022.0, "ntaname.y": null, "units": 0.0, "units_cum": 28.0, "city_units": 19919.0, "city_units_cum": 175592.0 }, "geometry": { "type": "Point", "coordinates": [ -73.886344546363489, 40.755518690426861 ] } },
{ "type": "Feature", "properties": { "nta2020": "QN0301", "ntaname.x": "Jackson Heights", "comp_year": 2023.0, "ntaname.y": "Jackson Heights", "units": 88.0, "units_cum": 116.0, "city_units": 35384.0, "city_units_cum": 210976.0 }, "geometry": { "type": "Point", "coordinates": [ -73.886344546363489, 40.755518690426861 ] } },
{ "type": "Feature", "properties": { "nta2020": "QN0301", "ntaname.x": "Jackson Heights", "comp_year": 2024.0, "ntaname.y": null, "units": 0.0, "units_cum": 116.0, "city_units": 49047.0, "city_units_cum": 260023.0 }, "geometry": { "type": "Point", "coordinates": [ -73.886344546363489, 40.755518690426861 ] } },
{ "type": "Feature", "properties": { "nta2020": "QN0301", "ntaname.x": "Jackson Heights", "comp_year": 2025.0, "ntaname.y": null, "units": 0.0, "units_cum": 116.0, "city_units": 16734.0, "city_units_cum": 276757.0 }, "geometry": { "type": "Point", "coordinates": [ -73.886344546363489, 40.755518690426861 ] } },
{ "type": "Feature", "properties": { "nta2020": "QN0302", "ntaname.x": "East Elmhurst", "comp_year": 2014.0, "ntaname.y": null, "units": 0.0, "units_cum": 0.0, "city_units": 4879.0, "city_units_cum": 4879.0 }, "geometry": { "type": "Point", "coordinates": [ -73.872202700931297, 40.764075096587156 ] } },
{ "type": "Feature", "properties": { "nta2020": "QN0302", "ntaname.x": "East Elmhurst", "comp_year": 2015.0, "ntaname.y": null, "units": 0.0, "units_cum": 0.0, "city_units": 7562.0, "city_units_cum": 12441.0 }, "geometry": { "type": "Point", "coordinates": [ -73.872202700931297, 40.764075096587156 ] } },
{ "type": "Feature", "properties": { "nta2020": "QN0302", "ntaname.x": "East Elmhurst", "comp_year": 2016.0, "ntaname.y": null, "units": 0.0, "units_cum": 0.0, "city_units": 15015.0, "city_units_cum": 27456.0 }, "geometry": { "type": "Point", "coordinates": [ -73.872202700931297, 40.764075096587156 ] } },
{ "type": "Feature", "properties": { "nta2020": "QN0302", "ntaname.x": "East Elmhurst", "comp_year": 2017.0, "ntaname.y": "East Elmhurst", "units": 69.0, "units_cum": 69.0, "city_units": 25343.0, "city_units_cum": 52799.0 }, "geometry": { "type": "Point", "coordinates": [ -73.872202700931297, 40.764075096587156 ] } },
{ "type": "Feature", "properties": { "nta2020": "QN0302", "ntaname.x": "East Elmhurst", "comp_year": 2018.0, "ntaname.y": "East Elmhurst", "units": 1.0, "units_cum": 70.0, "city_units": 33764.0, "city_units_cum": 86563.0 }, "geometry": { "type": "Point", "coordinates": [ -73.872202700931297, 40.764075096587156 ] } },
{ "type": "Feature", "properties": { "nta2020": "QN0302", "ntaname.x": "East Elmhurst", "comp_year": 2019.0, "ntaname.y": "East Elmhurst", "units": 6.0, "units_cum": 76.0, "city_units": 29408.0, "city_units_cum": 115971.0 }, "geometry": { "type": "Point", "coordinates": [ -73.872202700931297, 40.764075096587156 ] } },
{ "type": "Feature", "properties": { "nta2020": "QN0302", "ntaname.x": "East Elmhurst", "comp_year": 2020.0, "ntaname.y": "East Elmhurst", "units": 7.0, "units_cum": 83.0, "city_units": 18916.0, "city_units_cum": 134887.0 }, "geometry": { "type": "Point", "coordinates": [ -73.872202700931297, 40.764075096587156 ] } },
{ "type": "Feature", "properties": { "nta2020": "QN0302", "ntaname.x": "East Elmhurst", "comp_year": 2021.0, "ntaname.y": null, "units": 0.0, "units_cum": 83.0, "city_units": 20786.0, "city_units_cum": 155673.0 }, "geometry": { "type": "Point", "coordinates": [ -73.872202700931297, 40.764075096587156 ] } },
{ "type": "Feature", "properties": { "nta2020": "QN0302", "ntaname.x": "East Elmhurst", "comp_year": 2022.0, "ntaname.y": null, "units": 0.0, "units_cum": 83.0, "city_units": 19919.0, "city_units_cum": 175592.0 }, "geometry": { "type": "Point", "coordinates": [ -73.872202700931297, 40.764075096587156 ] } },
{ "type": "Feature", "properties": { "nta2020": "QN0302", "ntaname.x": "East Elmhurst", "comp_year": 2023.0, "ntaname.y": "East Elmhurst", "units": 8.0, "units_cum": 91.0, "city_units": 35384.0, "city_units_cum": 210976.0 }, "geometry": { "type": "Point", "coordinates": [ -73.872202700931297, 40.764075096587156 ] } },
{ "type": "Feature", "properties": { "nta2020": "QN0302", "ntaname.x": "East Elmhurst", "comp_year": 2024.0, "ntaname.y": "East Elmhurst", "units": 24.0, "units_cum": 115.0, "city_units": 49047.0, "city_units_cum": 260023.0 }, "geometry": { "type": "Point", "coordinates": [ -73.872202700931297, 40.764075096587156 ] } },
{ "type": "Feature", "properties": { "nta2020": "QN0302", "ntaname.x": "East Elmhurst", "comp_year": 2025.0, "ntaname.y": null, "units": 0.0, "units_cum": 115.0, "city_units": 16734.0, "city_units_cum": 276757.0 }, "geometry": { "type": "Point", "coordinates": [ -73.872202700931297, 40.764075096587156 ] } },
{ "type": "Feature", "properties": { "nta2020": "QN0303", "ntaname.x": "North Corona", "comp_year": 2014.0, "ntaname.y": null, "units": 0.0, "units_cum": 0.0, "city_units": 4879.0, "city_units_cum": 4879.0 }, "geometry": { "type": "Point", "coordinates": [ -73.862851726883932, 40.754052696837633 ] } },
{ "type": "Feature", "properties": { "nta2020": "QN0303", "ntaname.x": "North Corona", "comp_year": 2015.0, "ntaname.y": null, "units": 0.0, "units_cum": 0.0, "city_units": 7562.0, "city_units_cum": 12441.0 }, "geometry": { "type": "Point", "coordinates": [ -73.862851726883932, 40.754052696837633 ] } },
{ "type": "Feature", "properties": { "nta2020": "QN0303", "ntaname.x": "North Corona", "comp_year": 2016.0, "ntaname.y": null, "units": 0.0, "units_cum": 0.0, "city_units": 15015.0, "city_units_cum": 27456.0 }, "geometry": { "type": "Point", "coordinates": [ -73.862851726883932, 40.754052696837633 ] } },
{ "type": "Feature", "properties": { "nta2020": "QN0303", "ntaname.x": "North Corona", "comp_year": 2017.0, "ntaname.y": null, "units": 0.0, "units_cum": 0.0, "city_units": 25343.0, "city_units_cum": 52799.0 }, "geometry": { "type": "Point", "coordinates": [ -73.862851726883932, 40.754052696837633 ] } },
{ "type": "Feature", "properties": { "nta2020": "QN0303", "ntaname.x": "North Corona", "comp_year": 2018.0, "ntaname.y": null, "units": 0.0, "units_cum": 0.0, "city_units": 33764.0, "city_units_cum": 86563.0 }, "geometry": { "type": "Point", "coordinates": [ -73.862851726883932, 40.754052696837633 ] } },
{ "type": "Feature", "properties": { "nta2020": "QN0303", "ntaname.x": "North Corona", "comp_year": 2019.0, "ntaname.y": null, "units": 0.0, "units_cum": 0.0, "city_units": 29408.0, "city_units_cum": 115971.0 }, "geometry": { "type": "Point", "coordinates": [ -73.862851726883932, 40.754052696837633 ] } },
{ "type": "Feature", "properties": { "nta2020": "QN0303", "ntaname.x": "North Corona", "comp_year": 2020.0, "ntaname.y": null, "units": 0.0, "units_cum": 0.0, "city_units": 18916.0, "city_units_cum": 134887.0 }, "geometry": { "type": "Point", "coordinates": [ -73.862851726883932, 40.754052696837633 ] } },
{ "type": "Feature", "properties": { "nta2020": "QN0303", "ntaname.x": "North Corona", "comp_year": 2021.0, "ntaname.y": "North Corona", "units": 10.0, "units_cum": 10.0, "city_units": 20786.0, "city_units_cum": 155673.0 }, "geometry": { "type": "Point", "coordinates": [ -73.862851726883932, 40.754052696837633 ] } },
{ "type": "Feature", "properties": { "nta2020": "QN0303", "ntaname.x": "North Corona", "comp_year": 2022.0, "ntaname.y": "North Corona", "units": 6.0, "units_cum": 16.0, "city_units": 19919.0, "city_units_cum": 175592.0 }, "geometry": { "type": "Point", "coordinates": [ -73.862851726883932, 40.754052696837633 ] } },
{ "type": "Feature", "properties": { "nta2020": "QN0303", "ntaname.x": "North Corona", "comp_year": 2023.0, "ntaname.y": "North Corona", "units": 43.0, "units_cum": 59.0, "city_units": 35384.0, "city_units_cum": 210976.0 }, "geometry": { "type": "Point", "coordinates": [ -73.862851726883932, 40.754052696837633 ] } },
{ "type": "Feature", "properties": { "nta2020": "QN0303", "ntaname.x": "North Corona", "comp_year": 2024.0, "ntaname.y": "North Corona", "units": 74.0, "units_cum": 133.0, "city_units": 49047.0, "city_units_cum": 260023.0 }, "geometry": { "type": "Point", "coordinates": [ -73.862851726883932, 40.754052696837633 ] } },
{ "type": "Feature", "properties": { "nta2020": "QN0303", "ntaname.x": "North Corona", "comp_year": 2025.0, "ntaname.y": null, "units": 0.0, "units_cum": 133.0, "city_units": 16734.0, "city_units_cum": 276757.0 }, "geometry": { "type": "Point", "coordinates": [ -73.862851726883932, 40.754052696837633 ] } },
{ "type": "Feature", "properties": { "nta2020": "QN0401", "ntaname.x": "Elmhurst", "comp_year": 2014.0, "ntaname.y": null, "units": 0.0, "units_cum": 0.0, "city_units": 4879.0, "city_units_cum": 4879.0 }, "geometry": { "type": "Point", "coordinates": [ -73.879111341637, 40.739399351348617 ] } },
{ "type": "Feature", "properties": { "nta2020": "QN0401", "ntaname.x": "Elmhurst", "comp_year": 2015.0, "ntaname.y": null, "units": 0.0, "units_cum": 0.0, "city_units": 7562.0, "city_units_cum": 12441.0 }, "geometry": { "type": "Point", "coordinates": [ -73.879111341637, 40.739399351348617 ] } },
{ "type": "Feature", "properties": { "nta2020": "QN0401", "ntaname.x": "Elmhurst", "comp_year": 2016.0, "ntaname.y": "Elmhurst", "units": 30.0, "units_cum": 30.0, "city_units": 15015.0, "city_units_cum": 27456.0 }, "geometry": { "type": "Point", "coordinates": [ -73.879111341637, 40.739399351348617 ] } },
{ "type": "Feature", "properties": { "nta2020": "QN0401", "ntaname.x": "Elmhurst", "comp_year": 2017.0, "ntaname.y": null, "units": 0.0, "units_cum": 30.0, "city_units": 25343.0, "city_units_cum": 52799.0 }, "geometry": { "type": "Point", "coordinates": [ -73.879111341637, 40.739399351348617 ] } },
{ "type": "Feature", "properties": { "nta2020": "QN0401", "ntaname.x": "Elmhurst", "comp_year": 2018.0, "ntaname.y": null, "units": 0.0, "units_cum": 30.0, "city_units": 33764.0, "city_units_cum": 86563.0 }, "geometry": { "type": "Point", "coordinates": [ -73.879111341637, 40.739399351348617 ] } },
{ "type": "Feature", "properties": { "nta2020": "QN0401", "ntaname.x": "Elmhurst", "comp_year": 2019.0, "ntaname.y": null, "units": 0.0, "units_cum": 30.0, "city_units": 29408.0, "city_units_cum": 115971.0 }, "geometry": { "type": "Point", "coordinates": [ -73.879111341637, 40.739399351348617 ] } },
{ "type": "Feature", "properties": { "nta2020": "QN0401", "ntaname.x": "Elmhurst", "comp_year": 2020.0, "ntaname.y": "Elmhurst", "units": 7.0, "units_cum": 37.0, "city_units": 18916.0, "city_units_cum": 134887.0 }, "geometry": { "type": "Point", "coordinates": [ -73.879111341637, 40.739399351348617 ] } },
{ "type": "Feature", "properties": { "nta2020": "QN0401", "ntaname.x": "Elmhurst", "comp_year": 2021.0, "ntaname.y": "Elmhurst", "units": 20.0, "units_cum": 57.0, "city_units": 20786.0, "city_units_cum": 155673.0 }, "geometry": { "type": "Point", "coordinates": [ -73.879111341637, 40.739399351348617 ] } },
{ "type": "Feature", "properties": { "nta2020": "QN0401", "ntaname.x": "Elmhurst", "comp_year": 2022.0, "ntaname.y": "Elmhurst", "units": 164.0, "units_cum": 221.0, "city_units": 19919.0, "city_units_cum": 175592.0 }, "geometry": { "type": "Point", "coordinates": [ -73.879111341637, 40.739399351348617 ] } },
{ "type": "Feature", "properties": { "nta2020": "QN0401", "ntaname.x": "Elmhurst", "comp_year": 2023.0, "ntaname.y": null, "units": 0.0, "units_cum": 221.0, "city_units": 35384.0, "city_units_cum": 210976.0 }, "geometry": { "type": "Point", "coordinates": [ -73.879111341637, 40.739399351348617 ] } },
{ "type": "Feature", "properties": { "nta2020": "QN0401", "ntaname.x": "Elmhurst", "comp_year": 2024.0, "ntaname.y": "Elmhurst", "units": 17.0, "units_cum": 238.0, "city_units": 49047.0, "city_units_cum": 260023.0 }, "geometry": { "type": "Point", "coordinates": [ -73.879111341637, 40.739399351348617 ] } },
{ "type": "Feature", "properties": { "nta2020": "QN0401", "ntaname.x": "Elmhurst", "comp_year": 2025.0, "ntaname.y": "Elmhurst", "units": 83.0, "units_cum": 321.0, "city_units": 16734.0, "city_units_cum": 276757.0 }, "geometry": { "type": "Point", "coordinates": [ -73.879111341637, 40.739399351348617 ] } },
{ "type": "Feature", "properties": { "nta2020": "QN0402", "ntaname.x": "Corona", "comp_year": 2014.0, "ntaname.y": "Corona", "units": 151.0, "units_cum": 151.0, "city_units": 4879.0, "city_units_cum": 4879.0 }, "geometry": { "type": "Point", "coordinates": [ -73.859284154744174, 40.743240797228104 ] } },
{ "type": "Feature", "properties": { "nta2020": "QN0402", "ntaname.x": "Corona", "comp_year": 2015.0, "ntaname.y": null, "units": 0.0, "units_cum": 151.0, "city_units": 7562.0, "city_units_cum": 12441.0 }, "geometry": { "type": "Point", "coordinates": [ -73.859284154744174, 40.743240797228104 ] } },
{ "type": "Feature", "properties": { "nta2020": "QN0402", "ntaname.x": "Corona", "comp_year": 2016.0, "ntaname.y": null, "units": 0.0, "units_cum": 151.0, "city_units": 15015.0, "city_units_cum": 27456.0 }, "geometry": { "type": "Point", "coordinates": [ -73.859284154744174, 40.743240797228104 ] } },
{ "type": "Feature", "properties": { "nta2020": "QN0402", "ntaname.x": "Corona", "comp_year": 2017.0, "ntaname.y": null, "units": 0.0, "units_cum": 151.0, "city_units": 25343.0, "city_units_cum": 52799.0 }, "geometry": { "type": "Point", "coordinates": [ -73.859284154744174, 40.743240797228104 ] } },
{ "type": "Feature", "properties": { "nta2020": "QN0402", "ntaname.x": "Corona", "comp_year": 2018.0, "ntaname.y": "Corona", "units": 68.0, "units_cum": 219.0, "city_units": 33764.0, "city_units_cum": 86563.0 }, "geometry": { "type": "Point", "coordinates": [ -73.859284154744174, 40.743240797228104 ] } },
{ "type": "Feature", "properties": { "nta2020": "QN0402", "ntaname.x": "Corona", "comp_year": 2019.0, "ntaname.y": "Corona", "units": 8.0, "units_cum": 227.0, "city_units": 29408.0, "city_units_cum": 115971.0 }, "geometry": { "type": "Point", "coordinates": [ -73.859284154744174, 40.743240797228104 ] } },
{ "type": "Feature", "properties": { "nta2020": "QN0402", "ntaname.x": "Corona", "comp_year": 2020.0, "ntaname.y": null, "units": 0.0, "units_cum": 227.0, "city_units": 18916.0, "city_units_cum": 134887.0 }, "geometry": { "type": "Point", "coordinates": [ -73.859284154744174, 40.743240797228104 ] } },
{ "type": "Feature", "properties": { "nta2020": "QN0402", "ntaname.x": "Corona", "comp_year": 2021.0, "ntaname.y": null, "units": 0.0, "units_cum": 227.0, "city_units": 20786.0, "city_units_cum": 155673.0 }, "geometry": { "type": "Point", "coordinates": [ -73.859284154744174, 40.743240797228104 ] } },
{ "type": "Feature", "properties": { "nta2020": "QN0402", "ntaname.x": "Corona", "comp_year": 2022.0, "ntaname.y": "Corona", "units": 34.0, "units_cum": 261.0, "city_units": 19919.0, "city_units_cum": 175592.0 }, "geometry": { "type": "Point", "coordinates": [ -73.859284154744174, 40.743240797228104 ] } },
{ "type": "Feature", "properties": { "nta2020": "QN0402", "ntaname.x": "Corona", "comp_year": 2023.0, "ntaname.y": "Corona", "units": 344.0, "units_cum": 605.0, "city_units": 35384.0, "city_units_cum": 210976.0 }, "geometry": { "type": "Point", "coordinates": [ -73.859284154744174, 40.743240797228104 ] } },
{ "type": "Feature", "properties": { "nta2020": "QN0402", "ntaname.x": "Corona", "comp_year": 2024.0, "ntaname.y": "Corona", "units": 7.0, "units_cum": 612.0, "city_units": 49047.0, "city_units_cum": 260023.0 }, "geometry": { "type": "Point", "coordinates": [ -73.859284154744174, 40.743240797228104 ] } },
{ "type": "Feature", "properties": { "nta2020": "QN0402", "ntaname.x": "Corona", "comp_year": 2025.0, "ntaname.y": "Corona", "units": 205.0, "units_cum": 817.0, "city_units": 16734.0, "city_units_cum": 276757.0 }, "geometry": { "type": "Point", "coordinates": [ -73.859284154744174, 40.743240797228104 ] } },
{ "type": "Feature", "properties": { "nta2020": "QN0501", "ntaname.x": "Maspeth", "comp_year": null, "ntaname.y": null, "units": null, "units_cum": null, "city_units": null, "city_units_cum": null }, "geometry": { "type": "Point", "coordinates": [ -73.905121947756029, 40.723061805986532 ] } },
{ "type": "Feature", "properties": { "nta2020": "QN0502", "ntaname.x": "Ridgewood", "comp_year": 2014.0, "ntaname.y": null, "units": 0.0, "units_cum": 0.0, "city_units": 4879.0, "city_units_cum": 4879.0 }, "geometry": { "type": "Point", "coordinates": [ -73.903688585545524, 40.70567290493949 ] } },
{ "type": "Feature", "properties": { "nta2020": "QN0502", "ntaname.x": "Ridgewood", "comp_year": 2015.0, "ntaname.y": null, "units": 0.0, "units_cum": 0.0, "city_units": 7562.0, "city_units_cum": 12441.0 }, "geometry": { "type": "Point", "coordinates": [ -73.903688585545524, 40.70567290493949 ] } },
{ "type": "Feature", "properties": { "nta2020": "QN0502", "ntaname.x": "Ridgewood", "comp_year": 2016.0, "ntaname.y": null, "units": 0.0, "units_cum": 0.0, "city_units": 15015.0, "city_units_cum": 27456.0 }, "geometry": { "type": "Point", "coordinates": [ -73.903688585545524, 40.70567290493949 ] } },
{ "type": "Feature", "properties": { "nta2020": "QN0502", "ntaname.x": "Ridgewood", "comp_year": 2017.0, "ntaname.y": null, "units": 0.0, "units_cum": 0.0, "city_units": 25343.0, "city_units_cum": 52799.0 }, "geometry": { "type": "Point", "coordinates": [ -73.903688585545524, 40.70567290493949 ] } },
{ "type": "Feature", "properties": { "nta2020": "QN0502", "ntaname.x": "Ridgewood", "comp_year": 2018.0, "ntaname.y": null, "units": 0.0, "units_cum": 0.0, "city_units": 33764.0, "city_units_cum": 86563.0 }, "geometry": { "type": "Point", "coordinates": [ -73.903688585545524, 40.70567290493949 ] } },
{ "type": "Feature", "properties": { "nta2020": "QN0502", "ntaname.x": "Ridgewood", "comp_year": 2019.0, "ntaname.y": null, "units": 0.0, "units_cum": 0.0, "city_units": 29408.0, "city_units_cum": 115971.0 }, "geometry": { "type": "Point", "coordinates": [ -73.903688585545524, 40.70567290493949 ] } },
{ "type": "Feature", "properties": { "nta2020": "QN0502", "ntaname.x": "Ridgewood", "comp_year": 2020.0, "ntaname.y": "Ridgewood", "units": 20.0, "units_cum": 20.0, "city_units": 18916.0, "city_units_cum": 134887.0 }, "geometry": { "type": "Point", "coordinates": [ -73.903688585545524, 40.70567290493949 ] } },
{ "type": "Feature", "properties": { "nta2020": "QN0502", "ntaname.x": "Ridgewood", "comp_year": 2021.0, "ntaname.y": null, "units": 0.0, "units_cum": 20.0, "city_units": 20786.0, "city_units_cum": 155673.0 }, "geometry": { "type": "Point", "coordinates": [ -73.903688585545524, 40.70567290493949 ] } },
{ "type": "Feature", "properties": { "nta2020": "QN0502", "ntaname.x": "Ridgewood", "comp_year": 2022.0, "ntaname.y": "Ridgewood", "units": 165.0, "units_cum": 185.0, "city_units": 19919.0, "city_units_cum": 175592.0 }, "geometry": { "type": "Point", "coordinates": [ -73.903688585545524, 40.70567290493949 ] } },
{ "type": "Feature", "properties": { "nta2020": "QN0502", "ntaname.x": "Ridgewood", "comp_year": 2023.0, "ntaname.y": "Ridgewood", "units": 130.0, "units_cum": 315.0, "city_units": 35384.0, "city_units_cum": 210976.0 }, "geometry": { "type": "Point", "coordinates": [ -73.903688585545524, 40.70567290493949 ] } },
{ "type": "Feature", "properties": { "nta2020": "QN0502", "ntaname.x": "Ridgewood", "comp_year": 2024.0, "ntaname.y": null, "units": 0.0, "units_cum": 315.0, "city_units": 49047.0, "city_units_cum": 260023.0 }, "geometry": { "type": "Point", "coordinates": [ -73.903688585545524, 40.70567290493949 ] } },
{ "type": "Feature", "properties": { "nta2020": "QN0502", "ntaname.x": "Ridgewood", "comp_year": 2025.0, "ntaname.y": null, "units": 0.0, "units_cum": 315.0, "city_units": 16734.0, "city_units_cum": 276757.0 }, "geometry": { "type": "Point", "coordinates": [ -73.903688585545524, 40.70567290493949 ] } },
{ "type": "Feature", "properties": { "nta2020": "QN0503", "ntaname.x": "Glendale", "comp_year": 2014.0, "ntaname.y": null, "units": 0.0, "units_cum": 0.0, "city_units": 4879.0, "city_units_cum": 4879.0 }, "geometry": { "type": "Point", "coordinates": [ -73.875746045809748, 40.703537550887646 ] } },
{ "type": "Feature", "properties": { "nta2020": "QN0503", "ntaname.x": "Glendale", "comp_year": 2015.0, "ntaname.y": null, "units": 0.0, "units_cum": 0.0, "city_units": 7562.0, "city_units_cum": 12441.0 }, "geometry": { "type": "Point", "coordinates": [ -73.875746045809748, 40.703537550887646 ] } },
{ "type": "Feature", "properties": { "nta2020": "QN0503", "ntaname.x": "Glendale", "comp_year": 2016.0, "ntaname.y": null, "units": 0.0, "units_cum": 0.0, "city_units": 15015.0, "city_units_cum": 27456.0 }, "geometry": { "type": "Point", "coordinates": [ -73.875746045809748, 40.703537550887646 ] } },
{ "type": "Feature", "properties": { "nta2020": "QN0503", "ntaname.x": "Glendale", "comp_year": 2017.0, "ntaname.y": null, "units": 0.0, "units_cum": 0.0, "city_units": 25343.0, "city_units_cum": 52799.0 }, "geometry": { "type": "Point", "coordinates": [ -73.875746045809748, 40.703537550887646 ] } },
{ "type": "Feature", "properties": { "nta2020": "QN0503", "ntaname.x": "Glendale", "comp_year": 2018.0, "ntaname.y": null, "units": 0.0, "units_cum": 0.0, "city_units": 33764.0, "city_units_cum": 86563.0 }, "geometry": { "type": "Point", "coordinates": [ -73.875746045809748, 40.703537550887646 ] } },
{ "type": "Feature", "properties": { "nta2020": "QN0503", "ntaname.x": "Glendale", "comp_year": 2019.0, "ntaname.y": null, "units": 0.0, "units_cum": 0.0, "city_units": 29408.0, "city_units_cum": 115971.0 }, "geometry": { "type": "Point", "coordinates": [ -73.875746045809748, 40.703537550887646 ] } },
{ "type": "Feature", "properties": { "nta2020": "QN0503", "ntaname.x": "Glendale", "comp_year": 2020.0, "ntaname.y": null, "units": 0.0, "units_cum": 0.0, "city_units": 18916.0, "city_units_cum": 134887.0 }, "geometry": { "type": "Point", "coordinates": [ -73.875746045809748, 40.703537550887646 ] } },
{ "type": "Feature", "properties": { "nta2020": "QN0503", "ntaname.x": "Glendale", "comp_year": 2021.0, "ntaname.y": "Glendale", "units": 72.0, "units_cum": 72.0, "city_units": 20786.0, "city_units_cum": 155673.0 }, "geometry": { "type": "Point", "coordinates": [ -73.875746045809748, 40.703537550887646 ] } },
{ "type": "Feature", "properties": { "nta2020": "QN0503", "ntaname.x": "Glendale", "comp_year": 2022.0, "ntaname.y": "Glendale", "units": 66.0, "units_cum": 138.0, "city_units": 19919.0, "city_units_cum": 175592.0 }, "geometry": { "type": "Point", "coordinates": [ -73.875746045809748, 40.703537550887646 ] } },
{ "type": "Feature", "properties": { "nta2020": "QN0503", "ntaname.x": "Glendale", "comp_year": 2023.0, "ntaname.y": null, "units": 0.0, "units_cum": 138.0, "city_units": 35384.0, "city_units_cum": 210976.0 }, "geometry": { "type": "Point", "coordinates": [ -73.875746045809748, 40.703537550887646 ] } },
{ "type": "Feature", "properties": { "nta2020": "QN0503", "ntaname.x": "Glendale", "comp_year": 2024.0, "ntaname.y": null, "units": 0.0, "units_cum": 138.0, "city_units": 49047.0, "city_units_cum": 260023.0 }, "geometry": { "type": "Point", "coordinates": [ -73.875746045809748, 40.703537550887646 ] } },
{ "type": "Feature", "properties": { "nta2020": "QN0503", "ntaname.x": "Glendale", "comp_year": 2025.0, "ntaname.y": null, "units": 0.0, "units_cum": 138.0, "city_units": 16734.0, "city_units_cum": 276757.0 }, "geometry": { "type": "Point", "coordinates": [ -73.875746045809748, 40.703537550887646 ] } },
{ "type": "Feature", "properties": { "nta2020": "QN0504", "ntaname.x": "Middle Village", "comp_year": null, "ntaname.y": null, "units": null, "units_cum": null, "city_units": null, "city_units_cum": null }, "geometry": { "type": "Point", "coordinates": [ -73.878127041053219, 40.719221832111522 ] } },
{ "type": "Feature", "properties": { "nta2020": "QN0571", "ntaname.x": "Mount Olivet & All Faiths Cemeteries", "comp_year": null, "ntaname.y": null, "units": null, "units_cum": null, "city_units": null, "city_units_cum": null }, "geometry": { "type": "Point", "coordinates": [ -73.893980598887708, 40.717241184869671 ] } },
{ "type": "Feature", "properties": { "nta2020": "QN0572", "ntaname.x": "Middle Village Cemetery", "comp_year": null, "ntaname.y": null, "units": null, "units_cum": null, "city_units": null, "city_units_cum": null }, "geometry": { "type": "Point", "coordinates": [ -73.883417644333221, 40.709324168342874 ] } },
{ "type": "Feature", "properties": { "nta2020": "QN0573", "ntaname.x": "St. John Cemetery", "comp_year": null, "ntaname.y": null, "units": null, "units_cum": null, "city_units": null, "city_units_cum": null }, "geometry": { "type": "Point", "coordinates": [ -73.866626408552492, 40.714754093666798 ] } },
{ "type": "Feature", "properties": { "nta2020": "QN0574", "ntaname.x": "Highland Park-Cypress Hills Cemeteries (North)", "comp_year": null, "ntaname.y": null, "units": null, "units_cum": null, "city_units": null, "city_units_cum": null }, "geometry": { "type": "Point", "coordinates": [ -73.885499891841548, 40.693094436934985 ] } },
{ "type": "Feature", "properties": { "nta2020": "QN0601", "ntaname.x": "Rego Park", "comp_year": 2014.0, "ntaname.y": null, "units": 0.0, "units_cum": 0.0, "city_units": 4879.0, "city_units_cum": 4879.0 }, "geometry": { "type": "Point", "coordinates": [ -73.863419623811438, 40.726236059098099 ] } },
{ "type": "Feature", "properties": { "nta2020": "QN0601", "ntaname.x": "Rego Park", "comp_year": 2015.0, "ntaname.y": null, "units": 0.0, "units_cum": 0.0, "city_units": 7562.0, "city_units_cum": 12441.0 }, "geometry": { "type": "Point", "coordinates": [ -73.863419623811438, 40.726236059098099 ] } },
{ "type": "Feature", "properties": { "nta2020": "QN0601", "ntaname.x": "Rego Park", "comp_year": 2016.0, "ntaname.y": null, "units": 0.0, "units_cum": 0.0, "city_units": 15015.0, "city_units_cum": 27456.0 }, "geometry": { "type": "Point", "coordinates": [ -73.863419623811438, 40.726236059098099 ] } },
{ "type": "Feature", "properties": { "nta2020": "QN0601", "ntaname.x": "Rego Park", "comp_year": 2017.0, "ntaname.y": null, "units": 0.0, "units_cum": 0.0, "city_units": 25343.0, "city_units_cum": 52799.0 }, "geometry": { "type": "Point", "coordinates": [ -73.863419623811438, 40.726236059098099 ] } },
{ "type": "Feature", "properties": { "nta2020": "QN0601", "ntaname.x": "Rego Park", "comp_year": 2018.0, "ntaname.y": null, "units": 0.0, "units_cum": 0.0, "city_units": 33764.0, "city_units_cum": 86563.0 }, "geometry": { "type": "Point", "coordinates": [ -73.863419623811438, 40.726236059098099 ] } },
{ "type": "Feature", "properties": { "nta2020": "QN0601", "ntaname.x": "Rego Park", "comp_year": 2019.0, "ntaname.y": null, "units": 0.0, "units_cum": 0.0, "city_units": 29408.0, "city_units_cum": 115971.0 }, "geometry": { "type": "Point", "coordinates": [ -73.863419623811438, 40.726236059098099 ] } },
{ "type": "Feature", "properties": { "nta2020": "QN0601", "ntaname.x": "Rego Park", "comp_year": 2020.0, "ntaname.y": null, "units": 0.0, "units_cum": 0.0, "city_units": 18916.0, "city_units_cum": 134887.0 }, "geometry": { "type": "Point", "coordinates": [ -73.863419623811438, 40.726236059098099 ] } },
{ "type": "Feature", "properties": { "nta2020": "QN0601", "ntaname.x": "Rego Park", "comp_year": 2021.0, "ntaname.y": null, "units": 0.0, "units_cum": 0.0, "city_units": 20786.0, "city_units_cum": 155673.0 }, "geometry": { "type": "Point", "coordinates": [ -73.863419623811438, 40.726236059098099 ] } },
{ "type": "Feature", "properties": { "nta2020": "QN0601", "ntaname.x": "Rego Park", "comp_year": 2022.0, "ntaname.y": null, "units": 0.0, "units_cum": 0.0, "city_units": 19919.0, "city_units_cum": 175592.0 }, "geometry": { "type": "Point", "coordinates": [ -73.863419623811438, 40.726236059098099 ] } },
{ "type": "Feature", "properties": { "nta2020": "QN0601", "ntaname.x": "Rego Park", "comp_year": 2023.0, "ntaname.y": "Rego Park", "units": 18.0, "units_cum": 18.0, "city_units": 35384.0, "city_units_cum": 210976.0 }, "geometry": { "type": "Point", "coordinates": [ -73.863419623811438, 40.726236059098099 ] } },
{ "type": "Feature", "properties": { "nta2020": "QN0601", "ntaname.x": "Rego Park", "comp_year": 2024.0, "ntaname.y": null, "units": 0.0, "units_cum": 18.0, "city_units": 49047.0, "city_units_cum": 260023.0 }, "geometry": { "type": "Point", "coordinates": [ -73.863419623811438, 40.726236059098099 ] } },
{ "type": "Feature", "properties": { "nta2020": "QN0601", "ntaname.x": "Rego Park", "comp_year": 2025.0, "ntaname.y": null, "units": 0.0, "units_cum": 18.0, "city_units": 16734.0, "city_units_cum": 276757.0 }, "geometry": { "type": "Point", "coordinates": [ -73.863419623811438, 40.726236059098099 ] } },
{ "type": "Feature", "properties": { "nta2020": "QN0602", "ntaname.x": "Forest Hills", "comp_year": 2014.0, "ntaname.y": null, "units": 0.0, "units_cum": 0.0, "city_units": 4879.0, "city_units_cum": 4879.0 }, "geometry": { "type": "Point", "coordinates": [ -73.847677371046629, 40.721454005323537 ] } },
{ "type": "Feature", "properties": { "nta2020": "QN0602", "ntaname.x": "Forest Hills", "comp_year": 2015.0, "ntaname.y": null, "units": 0.0, "units_cum": 0.0, "city_units": 7562.0, "city_units_cum": 12441.0 }, "geometry": { "type": "Point", "coordinates": [ -73.847677371046629, 40.721454005323537 ] } },
{ "type": "Feature", "properties": { "nta2020": "QN0602", "ntaname.x": "Forest Hills", "comp_year": 2016.0, "ntaname.y": null, "units": 0.0, "units_cum": 0.0, "city_units": 15015.0, "city_units_cum": 27456.0 }, "geometry": { "type": "Point", "coordinates": [ -73.847677371046629, 40.721454005323537 ] } },
{ "type": "Feature", "properties": { "nta2020": "QN0602", "ntaname.x": "Forest Hills", "comp_year": 2017.0, "ntaname.y": null, "units": 0.0, "units_cum": 0.0, "city_units": 25343.0, "city_units_cum": 52799.0 }, "geometry": { "type": "Point", "coordinates": [ -73.847677371046629, 40.721454005323537 ] } },
{ "type": "Feature", "properties": { "nta2020": "QN0602", "ntaname.x": "Forest Hills", "comp_year": 2018.0, "ntaname.y": null, "units": 0.0, "units_cum": 0.0, "city_units": 33764.0, "city_units_cum": 86563.0 }, "geometry": { "type": "Point", "coordinates": [ -73.847677371046629, 40.721454005323537 ] } },
{ "type": "Feature", "properties": { "nta2020": "QN0602", "ntaname.x": "Forest Hills", "comp_year": 2019.0, "ntaname.y": null, "units": 0.0, "units_cum": 0.0, "city_units": 29408.0, "city_units_cum": 115971.0 }, "geometry": { "type": "Point", "coordinates": [ -73.847677371046629, 40.721454005323537 ] } },
{ "type": "Feature", "properties": { "nta2020": "QN0602", "ntaname.x": "Forest Hills", "comp_year": 2020.0, "ntaname.y": null, "units": 0.0, "units_cum": 0.0, "city_units": 18916.0, "city_units_cum": 134887.0 }, "geometry": { "type": "Point", "coordinates": [ -73.847677371046629, 40.721454005323537 ] } },
{ "type": "Feature", "properties": { "nta2020": "QN0602", "ntaname.x": "Forest Hills", "comp_year": 2021.0, "ntaname.y": null, "units": 0.0, "units_cum": 0.0, "city_units": 20786.0, "city_units_cum": 155673.0 }, "geometry": { "type": "Point", "coordinates": [ -73.847677371046629, 40.721454005323537 ] } },
{ "type": "Feature", "properties": { "nta2020": "QN0602", "ntaname.x": "Forest Hills", "comp_year": 2022.0, "ntaname.y": null, "units": 0.0, "units_cum": 0.0, "city_units": 19919.0, "city_units_cum": 175592.0 }, "geometry": { "type": "Point", "coordinates": [ -73.847677371046629, 40.721454005323537 ] } },
{ "type": "Feature", "properties": { "nta2020": "QN0602", "ntaname.x": "Forest Hills", "comp_year": 2023.0, "ntaname.y": "Forest Hills", "units": 442.0, "units_cum": 442.0, "city_units": 35384.0, "city_units_cum": 210976.0 }, "geometry": { "type": "Point", "coordinates": [ -73.847677371046629, 40.721454005323537 ] } },
{ "type": "Feature", "properties": { "nta2020": "QN0602", "ntaname.x": "Forest Hills", "comp_year": 2024.0, "ntaname.y": "Forest Hills", "units": 216.0, "units_cum": 658.0, "city_units": 49047.0, "city_units_cum": 260023.0 }, "geometry": { "type": "Point", "coordinates": [ -73.847677371046629, 40.721454005323537 ] } },
{ "type": "Feature", "properties": { "nta2020": "QN0602", "ntaname.x": "Forest Hills", "comp_year": 2025.0, "ntaname.y": null, "units": 0.0, "units_cum": 658.0, "city_units": 16734.0, "city_units_cum": 276757.0 }, "geometry": { "type": "Point", "coordinates": [ -73.847677371046629, 40.721454005323537 ] } },
{ "type": "Feature", "properties": { "nta2020": "QN0701", "ntaname.x": "College Point", "comp_year": null, "ntaname.y": null, "units": null, "units_cum": null, "city_units": null, "city_units_cum": null }, "geometry": { "type": "Point", "coordinates": [ -73.839889425406014, 40.782599495387274 ] } },
{ "type": "Feature", "properties": { "nta2020": "QN0702", "ntaname.x": "Whitestone-Beechhurst", "comp_year": null, "ntaname.y": null, "units": null, "units_cum": null, "city_units": null, "city_units_cum": null }, "geometry": { "type": "Point", "coordinates": [ -73.810889419118539, 40.788379047922739 ] } },
{ "type": "Feature", "properties": { "nta2020": "QN0703", "ntaname.x": "Bay Terrace-Clearview", "comp_year": null, "ntaname.y": null, "units": null, "units_cum": null, "city_units": null, "city_units_cum": null }, "geometry": { "type": "Point", "coordinates": [ -73.78757895990681, 40.781861104827485 ] } },
{ "type": "Feature", "properties": { "nta2020": "QN0704", "ntaname.x": "Murray Hill-Broadway Flushing", "comp_year": 2014.0, "ntaname.y": null, "units": 0.0, "units_cum": 0.0, "city_units": 4879.0, "city_units_cum": 4879.0 }, "geometry": { "type": "Point", "coordinates": [ -73.810768753771555, 40.768871022158791 ] } },
{ "type": "Feature", "properties": { "nta2020": "QN0704", "ntaname.x": "Murray Hill-Broadway Flushing", "comp_year": 2015.0, "ntaname.y": null, "units": 0.0, "units_cum": 0.0, "city_units": 7562.0, "city_units_cum": 12441.0 }, "geometry": { "type": "Point", "coordinates": [ -73.810768753771555, 40.768871022158791 ] } },
{ "type": "Feature", "properties": { "nta2020": "QN0704", "ntaname.x": "Murray Hill-Broadway Flushing", "comp_year": 2016.0, "ntaname.y": null, "units": 0.0, "units_cum": 0.0, "city_units": 15015.0, "city_units_cum": 27456.0 }, "geometry": { "type": "Point", "coordinates": [ -73.810768753771555, 40.768871022158791 ] } },
{ "type": "Feature", "properties": { "nta2020": "QN0704", "ntaname.x": "Murray Hill-Broadway Flushing", "comp_year": 2017.0, "ntaname.y": null, "units": 0.0, "units_cum": 0.0, "city_units": 25343.0, "city_units_cum": 52799.0 }, "geometry": { "type": "Point", "coordinates": [ -73.810768753771555, 40.768871022158791 ] } },
{ "type": "Feature", "properties": { "nta2020": "QN0704", "ntaname.x": "Murray Hill-Broadway Flushing", "comp_year": 2018.0, "ntaname.y": null, "units": 0.0, "units_cum": 0.0, "city_units": 33764.0, "city_units_cum": 86563.0 }, "geometry": { "type": "Point", "coordinates": [ -73.810768753771555, 40.768871022158791 ] } },
{ "type": "Feature", "properties": { "nta2020": "QN0704", "ntaname.x": "Murray Hill-Broadway Flushing", "comp_year": 2019.0, "ntaname.y": "Murray Hill-Broadway Flushing", "units": 7.0, "units_cum": 7.0, "city_units": 29408.0, "city_units_cum": 115971.0 }, "geometry": { "type": "Point", "coordinates": [ -73.810768753771555, 40.768871022158791 ] } },
{ "type": "Feature", "properties": { "nta2020": "QN0704", "ntaname.x": "Murray Hill-Broadway Flushing", "comp_year": 2020.0, "ntaname.y": null, "units": 0.0, "units_cum": 7.0, "city_units": 18916.0, "city_units_cum": 134887.0 }, "geometry": { "type": "Point", "coordinates": [ -73.810768753771555, 40.768871022158791 ] } },
{ "type": "Feature", "properties": { "nta2020": "QN0704", "ntaname.x": "Murray Hill-Broadway Flushing", "comp_year": 2021.0, "ntaname.y": "Murray Hill-Broadway Flushing", "units": 103.0, "units_cum": 110.0, "city_units": 20786.0, "city_units_cum": 155673.0 }, "geometry": { "type": "Point", "coordinates": [ -73.810768753771555, 40.768871022158791 ] } },
{ "type": "Feature", "properties": { "nta2020": "QN0704", "ntaname.x": "Murray Hill-Broadway Flushing", "comp_year": 2022.0, "ntaname.y": "Murray Hill-Broadway Flushing", "units": 18.0, "units_cum": 128.0, "city_units": 19919.0, "city_units_cum": 175592.0 }, "geometry": { "type": "Point", "coordinates": [ -73.810768753771555, 40.768871022158791 ] } },
{ "type": "Feature", "properties": { "nta2020": "QN0704", "ntaname.x": "Murray Hill-Broadway Flushing", "comp_year": 2023.0, "ntaname.y": null, "units": 0.0, "units_cum": 128.0, "city_units": 35384.0, "city_units_cum": 210976.0 }, "geometry": { "type": "Point", "coordinates": [ -73.810768753771555, 40.768871022158791 ] } },
{ "type": "Feature", "properties": { "nta2020": "QN0704", "ntaname.x": "Murray Hill-Broadway Flushing", "comp_year": 2024.0, "ntaname.y": null, "units": 0.0, "units_cum": 128.0, "city_units": 49047.0, "city_units_cum": 260023.0 }, "geometry": { "type": "Point", "coordinates": [ -73.810768753771555, 40.768871022158791 ] } },
{ "type": "Feature", "properties": { "nta2020": "QN0704", "ntaname.x": "Murray Hill-Broadway Flushing", "comp_year": 2025.0, "ntaname.y": null, "units": 0.0, "units_cum": 128.0, "city_units": 16734.0, "city_units_cum": 276757.0 }, "geometry": { "type": "Point", "coordinates": [ -73.810768753771555, 40.768871022158791 ] } },
{ "type": "Feature", "properties": { "nta2020": "QN0705", "ntaname.x": "East Flushing", "comp_year": 2014.0, "ntaname.y": null, "units": 0.0, "units_cum": 0.0, "city_units": 4879.0, "city_units_cum": 4879.0 }, "geometry": { "type": "Point", "coordinates": [ -73.80806550990502, 40.753803280884277 ] } },
{ "type": "Feature", "properties": { "nta2020": "QN0705", "ntaname.x": "East Flushing", "comp_year": 2015.0, "ntaname.y": null, "units": 0.0, "units_cum": 0.0, "city_units": 7562.0, "city_units_cum": 12441.0 }, "geometry": { "type": "Point", "coordinates": [ -73.80806550990502, 40.753803280884277 ] } },
{ "type": "Feature", "properties": { "nta2020": "QN0705", "ntaname.x": "East Flushing", "comp_year": 2016.0, "ntaname.y": null, "units": 0.0, "units_cum": 0.0, "city_units": 15015.0, "city_units_cum": 27456.0 }, "geometry": { "type": "Point", "coordinates": [ -73.80806550990502, 40.753803280884277 ] } },
{ "type": "Feature", "properties": { "nta2020": "QN0705", "ntaname.x": "East Flushing", "comp_year": 2017.0, "ntaname.y": null, "units": 0.0, "units_cum": 0.0, "city_units": 25343.0, "city_units_cum": 52799.0 }, "geometry": { "type": "Point", "coordinates": [ -73.80806550990502, 40.753803280884277 ] } },
{ "type": "Feature", "properties": { "nta2020": "QN0705", "ntaname.x": "East Flushing", "comp_year": 2018.0, "ntaname.y": null, "units": 0.0, "units_cum": 0.0, "city_units": 33764.0, "city_units_cum": 86563.0 }, "geometry": { "type": "Point", "coordinates": [ -73.80806550990502, 40.753803280884277 ] } },
{ "type": "Feature", "properties": { "nta2020": "QN0705", "ntaname.x": "East Flushing", "comp_year": 2019.0, "ntaname.y": null, "units": 0.0, "units_cum": 0.0, "city_units": 29408.0, "city_units_cum": 115971.0 }, "geometry": { "type": "Point", "coordinates": [ -73.80806550990502, 40.753803280884277 ] } },
{ "type": "Feature", "properties": { "nta2020": "QN0705", "ntaname.x": "East Flushing", "comp_year": 2020.0, "ntaname.y": null, "units": 0.0, "units_cum": 0.0, "city_units": 18916.0, "city_units_cum": 134887.0 }, "geometry": { "type": "Point", "coordinates": [ -73.80806550990502, 40.753803280884277 ] } },
{ "type": "Feature", "properties": { "nta2020": "QN0705", "ntaname.x": "East Flushing", "comp_year": 2021.0, "ntaname.y": null, "units": 0.0, "units_cum": 0.0, "city_units": 20786.0, "city_units_cum": 155673.0 }, "geometry": { "type": "Point", "coordinates": [ -73.80806550990502, 40.753803280884277 ] } },
{ "type": "Feature", "properties": { "nta2020": "QN0705", "ntaname.x": "East Flushing", "comp_year": 2022.0, "ntaname.y": null, "units": 0.0, "units_cum": 0.0, "city_units": 19919.0, "city_units_cum": 175592.0 }, "geometry": { "type": "Point", "coordinates": [ -73.80806550990502, 40.753803280884277 ] } },
{ "type": "Feature", "properties": { "nta2020": "QN0705", "ntaname.x": "East Flushing", "comp_year": 2023.0, "ntaname.y": null, "units": 0.0, "units_cum": 0.0, "city_units": 35384.0, "city_units_cum": 210976.0 }, "geometry": { "type": "Point", "coordinates": [ -73.80806550990502, 40.753803280884277 ] } },
{ "type": "Feature", "properties": { "nta2020": "QN0705", "ntaname.x": "East Flushing", "comp_year": 2024.0, "ntaname.y": null, "units": 0.0, "units_cum": 0.0, "city_units": 49047.0, "city_units_cum": 260023.0 }, "geometry": { "type": "Point", "coordinates": [ -73.80806550990502, 40.753803280884277 ] } },
{ "type": "Feature", "properties": { "nta2020": "QN0705", "ntaname.x": "East Flushing", "comp_year": 2025.0, "ntaname.y": "East Flushing", "units": 506.0, "units_cum": 506.0, "city_units": 16734.0, "city_units_cum": 276757.0 }, "geometry": { "type": "Point", "coordinates": [ -73.80806550990502, 40.753803280884277 ] } },
{ "type": "Feature", "properties": { "nta2020": "QN0706", "ntaname.x": "Queensboro Hill", "comp_year": null, "ntaname.y": null, "units": null, "units_cum": null, "city_units": null, "city_units_cum": null }, "geometry": { "type": "Point", "coordinates": [ -73.819683483109898, 40.743101176325276 ] } },
{ "type": "Feature", "properties": { "nta2020": "QN0707", "ntaname.x": "Flushing-Willets Point", "comp_year": 2014.0, "ntaname.y": null, "units": 0.0, "units_cum": 0.0, "city_units": 4879.0, "city_units_cum": 4879.0 }, "geometry": { "type": "Point", "coordinates": [ -73.831583508365298, 40.760212859515867 ] } },
{ "type": "Feature", "properties": { "nta2020": "QN0707", "ntaname.x": "Flushing-Willets Point", "comp_year": 2015.0, "ntaname.y": null, "units": 0.0, "units_cum": 0.0, "city_units": 7562.0, "city_units_cum": 12441.0 }, "geometry": { "type": "Point", "coordinates": [ -73.831583508365298, 40.760212859515867 ] } },
{ "type": "Feature", "properties": { "nta2020": "QN0707", "ntaname.x": "Flushing-Willets Point", "comp_year": 2016.0, "ntaname.y": null, "units": 0.0, "units_cum": 0.0, "city_units": 15015.0, "city_units_cum": 27456.0 }, "geometry": { "type": "Point", "coordinates": [ -73.831583508365298, 40.760212859515867 ] } },
{ "type": "Feature", "properties": { "nta2020": "QN0707", "ntaname.x": "Flushing-Willets Point", "comp_year": 2017.0, "ntaname.y": "Flushing-Willets Point", "units": 54.0, "units_cum": 54.0, "city_units": 25343.0, "city_units_cum": 52799.0 }, "geometry": { "type": "Point", "coordinates": [ -73.831583508365298, 40.760212859515867 ] } },
{ "type": "Feature", "properties": { "nta2020": "QN0707", "ntaname.x": "Flushing-Willets Point", "comp_year": 2018.0, "ntaname.y": null, "units": 0.0, "units_cum": 54.0, "city_units": 33764.0, "city_units_cum": 86563.0 }, "geometry": { "type": "Point", "coordinates": [ -73.831583508365298, 40.760212859515867 ] } },
{ "type": "Feature", "properties": { "nta2020": "QN0707", "ntaname.x": "Flushing-Willets Point", "comp_year": 2019.0, "ntaname.y": null, "units": 0.0, "units_cum": 54.0, "city_units": 29408.0, "city_units_cum": 115971.0 }, "geometry": { "type": "Point", "coordinates": [ -73.831583508365298, 40.760212859515867 ] } },
{ "type": "Feature", "properties": { "nta2020": "QN0707", "ntaname.x": "Flushing-Willets Point", "comp_year": 2020.0, "ntaname.y": "Flushing-Willets Point", "units": 232.0, "units_cum": 286.0, "city_units": 18916.0, "city_units_cum": 134887.0 }, "geometry": { "type": "Point", "coordinates": [ -73.831583508365298, 40.760212859515867 ] } },
{ "type": "Feature", "properties": { "nta2020": "QN0707", "ntaname.x": "Flushing-Willets Point", "comp_year": 2021.0, "ntaname.y": null, "units": 0.0, "units_cum": 286.0, "city_units": 20786.0, "city_units_cum": 155673.0 }, "geometry": { "type": "Point", "coordinates": [ -73.831583508365298, 40.760212859515867 ] } },
{ "type": "Feature", "properties": { "nta2020": "QN0707", "ntaname.x": "Flushing-Willets Point", "comp_year": 2022.0, "ntaname.y": null, "units": 0.0, "units_cum": 286.0, "city_units": 19919.0, "city_units_cum": 175592.0 }, "geometry": { "type": "Point", "coordinates": [ -73.831583508365298, 40.760212859515867 ] } },
{ "type": "Feature", "properties": { "nta2020": "QN0707", "ntaname.x": "Flushing-Willets Point", "comp_year": 2023.0, "ntaname.y": null, "units": 0.0, "units_cum": 286.0, "city_units": 35384.0, "city_units_cum": 210976.0 }, "geometry": { "type": "Point", "coordinates": [ -73.831583508365298, 40.760212859515867 ] } },
{ "type": "Feature", "properties": { "nta2020": "QN0707", "ntaname.x": "Flushing-Willets Point", "comp_year": 2024.0, "ntaname.y": "Flushing-Willets Point", "units": 62.0, "units_cum": 348.0, "city_units": 49047.0, "city_units_cum": 260023.0 }, "geometry": { "type": "Point", "coordinates": [ -73.831583508365298, 40.760212859515867 ] } },
{ "type": "Feature", "properties": { "nta2020": "QN0707", "ntaname.x": "Flushing-Willets Point", "comp_year": 2025.0, "ntaname.y": null, "units": 0.0, "units_cum": 348.0, "city_units": 16734.0, "city_units_cum": 276757.0 }, "geometry": { "type": "Point", "coordinates": [ -73.831583508365298, 40.760212859515867 ] } },
{ "type": "Feature", "properties": { "nta2020": "QN0761", "ntaname.x": "Fort Totten", "comp_year": null, "ntaname.y": null, "units": null, "units_cum": null, "city_units": null, "city_units_cum": null }, "geometry": { "type": "Point", "coordinates": [ -73.776712565029086, 40.79160689864927 ] } },
{ "type": "Feature", "properties": { "nta2020": "QN0791", "ntaname.x": "Kissena Park", "comp_year": null, "ntaname.y": null, "units": null, "units_cum": null, "city_units": null, "city_units_cum": null }, "geometry": { "type": "Point", "coordinates": [ -73.804879798879952, 40.745318620732334 ] } },
{ "type": "Feature", "properties": { "nta2020": "QN0801", "ntaname.x": "Kew Gardens Hills", "comp_year": null, "ntaname.y": null, "units": null, "units_cum": null, "city_units": null, "city_units_cum": null }, "geometry": { "type": "Point", "coordinates": [ -73.819792505739258, 40.726644547819689 ] } },
{ "type": "Feature", "properties": { "nta2020": "QN0802", "ntaname.x": "Pomonok-Electchester-Hillcrest", "comp_year": 2014.0, "ntaname.y": null, "units": 0.0, "units_cum": 0.0, "city_units": 4879.0, "city_units_cum": 4879.0 }, "geometry": { "type": "Point", "coordinates": [ -73.803421275506793, 40.727066977618641 ] } },
{ "type": "Feature", "properties": { "nta2020": "QN0802", "ntaname.x": "Pomonok-Electchester-Hillcrest", "comp_year": 2015.0, "ntaname.y": null, "units": 0.0, "units_cum": 0.0, "city_units": 7562.0, "city_units_cum": 12441.0 }, "geometry": { "type": "Point", "coordinates": [ -73.803421275506793, 40.727066977618641 ] } },
{ "type": "Feature", "properties": { "nta2020": "QN0802", "ntaname.x": "Pomonok-Electchester-Hillcrest", "comp_year": 2016.0, "ntaname.y": null, "units": 0.0, "units_cum": 0.0, "city_units": 15015.0, "city_units_cum": 27456.0 }, "geometry": { "type": "Point", "coordinates": [ -73.803421275506793, 40.727066977618641 ] } },
{ "type": "Feature", "properties": { "nta2020": "QN0802", "ntaname.x": "Pomonok-Electchester-Hillcrest", "comp_year": 2017.0, "ntaname.y": null, "units": 0.0, "units_cum": 0.0, "city_units": 25343.0, "city_units_cum": 52799.0 }, "geometry": { "type": "Point", "coordinates": [ -73.803421275506793, 40.727066977618641 ] } },
{ "type": "Feature", "properties": { "nta2020": "QN0802", "ntaname.x": "Pomonok-Electchester-Hillcrest", "comp_year": 2018.0, "ntaname.y": "Pomonok-Electchester-Hillcrest", "units": 1.0, "units_cum": 1.0, "city_units": 33764.0, "city_units_cum": 86563.0 }, "geometry": { "type": "Point", "coordinates": [ -73.803421275506793, 40.727066977618641 ] } },
{ "type": "Feature", "properties": { "nta2020": "QN0802", "ntaname.x": "Pomonok-Electchester-Hillcrest", "comp_year": 2019.0, "ntaname.y": null, "units": 0.0, "units_cum": 1.0, "city_units": 29408.0, "city_units_cum": 115971.0 }, "geometry": { "type": "Point", "coordinates": [ -73.803421275506793, 40.727066977618641 ] } },
{ "type": "Feature", "properties": { "nta2020": "QN0802", "ntaname.x": "Pomonok-Electchester-Hillcrest", "comp_year": 2020.0, "ntaname.y": null, "units": 0.0, "units_cum": 1.0, "city_units": 18916.0, "city_units_cum": 134887.0 }, "geometry": { "type": "Point", "coordinates": [ -73.803421275506793, 40.727066977618641 ] } },
{ "type": "Feature", "properties": { "nta2020": "QN0802", "ntaname.x": "Pomonok-Electchester-Hillcrest", "comp_year": 2021.0, "ntaname.y": "Pomonok-Electchester-Hillcrest", "units": 200.0, "units_cum": 201.0, "city_units": 20786.0, "city_units_cum": 155673.0 }, "geometry": { "type": "Point", "coordinates": [ -73.803421275506793, 40.727066977618641 ] } },
{ "type": "Feature", "properties": { "nta2020": "QN0802", "ntaname.x": "Pomonok-Electchester-Hillcrest", "comp_year": 2022.0, "ntaname.y": null, "units": 0.0, "units_cum": 201.0, "city_units": 19919.0, "city_units_cum": 175592.0 }, "geometry": { "type": "Point", "coordinates": [ -73.803421275506793, 40.727066977618641 ] } },
{ "type": "Feature", "properties": { "nta2020": "QN0802", "ntaname.x": "Pomonok-Electchester-Hillcrest", "comp_year": 2023.0, "ntaname.y": "Pomonok-Electchester-Hillcrest", "units": 94.0, "units_cum": 295.0, "city_units": 35384.0, "city_units_cum": 210976.0 }, "geometry": { "type": "Point", "coordinates": [ -73.803421275506793, 40.727066977618641 ] } },
{ "type": "Feature", "properties": { "nta2020": "QN0802", "ntaname.x": "Pomonok-Electchester-Hillcrest", "comp_year": 2024.0, "ntaname.y": null, "units": 0.0, "units_cum": 295.0, "city_units": 49047.0, "city_units_cum": 260023.0 }, "geometry": { "type": "Point", "coordinates": [ -73.803421275506793, 40.727066977618641 ] } },
{ "type": "Feature", "properties": { "nta2020": "QN0802", "ntaname.x": "Pomonok-Electchester-Hillcrest", "comp_year": 2025.0, "ntaname.y": "Pomonok-Electchester-Hillcrest", "units": 2211.0, "units_cum": 2506.0, "city_units": 16734.0, "city_units_cum": 276757.0 }, "geometry": { "type": "Point", "coordinates": [ -73.803421275506793, 40.727066977618641 ] } },
{ "type": "Feature", "properties": { "nta2020": "QN0803", "ntaname.x": "Fresh Meadows-Utopia", "comp_year": 2014.0, "ntaname.y": null, "units": 0.0, "units_cum": 0.0, "city_units": 4879.0, "city_units_cum": 4879.0 }, "geometry": { "type": "Point", "coordinates": [ -73.786244621303439, 40.734925769143167 ] } },
{ "type": "Feature", "properties": { "nta2020": "QN0803", "ntaname.x": "Fresh Meadows-Utopia", "comp_year": 2015.0, "ntaname.y": null, "units": 0.0, "units_cum": 0.0, "city_units": 7562.0, "city_units_cum": 12441.0 }, "geometry": { "type": "Point", "coordinates": [ -73.786244621303439, 40.734925769143167 ] } },
{ "type": "Feature", "properties": { "nta2020": "QN0803", "ntaname.x": "Fresh Meadows-Utopia", "comp_year": 2016.0, "ntaname.y": null, "units": 0.0, "units_cum": 0.0, "city_units": 15015.0, "city_units_cum": 27456.0 }, "geometry": { "type": "Point", "coordinates": [ -73.786244621303439, 40.734925769143167 ] } },
{ "type": "Feature", "properties": { "nta2020": "QN0803", "ntaname.x": "Fresh Meadows-Utopia", "comp_year": 2017.0, "ntaname.y": null, "units": 0.0, "units_cum": 0.0, "city_units": 25343.0, "city_units_cum": 52799.0 }, "geometry": { "type": "Point", "coordinates": [ -73.786244621303439, 40.734925769143167 ] } },
{ "type": "Feature", "properties": { "nta2020": "QN0803", "ntaname.x": "Fresh Meadows-Utopia", "comp_year": 2018.0, "ntaname.y": null, "units": 0.0, "units_cum": 0.0, "city_units": 33764.0, "city_units_cum": 86563.0 }, "geometry": { "type": "Point", "coordinates": [ -73.786244621303439, 40.734925769143167 ] } },
{ "type": "Feature", "properties": { "nta2020": "QN0803", "ntaname.x": "Fresh Meadows-Utopia", "comp_year": 2019.0, "ntaname.y": null, "units": 0.0, "units_cum": 0.0, "city_units": 29408.0, "city_units_cum": 115971.0 }, "geometry": { "type": "Point", "coordinates": [ -73.786244621303439, 40.734925769143167 ] } },
{ "type": "Feature", "properties": { "nta2020": "QN0803", "ntaname.x": "Fresh Meadows-Utopia", "comp_year": 2020.0, "ntaname.y": null, "units": 0.0, "units_cum": 0.0, "city_units": 18916.0, "city_units_cum": 134887.0 }, "geometry": { "type": "Point", "coordinates": [ -73.786244621303439, 40.734925769143167 ] } },
{ "type": "Feature", "properties": { "nta2020": "QN0803", "ntaname.x": "Fresh Meadows-Utopia", "comp_year": 2021.0, "ntaname.y": null, "units": 0.0, "units_cum": 0.0, "city_units": 20786.0, "city_units_cum": 155673.0 }, "geometry": { "type": "Point", "coordinates": [ -73.786244621303439, 40.734925769143167 ] } },
{ "type": "Feature", "properties": { "nta2020": "QN0803", "ntaname.x": "Fresh Meadows-Utopia", "comp_year": 2022.0, "ntaname.y": null, "units": 0.0, "units_cum": 0.0, "city_units": 19919.0, "city_units_cum": 175592.0 }, "geometry": { "type": "Point", "coordinates": [ -73.786244621303439, 40.734925769143167 ] } },
{ "type": "Feature", "properties": { "nta2020": "QN0803", "ntaname.x": "Fresh Meadows-Utopia", "comp_year": 2023.0, "ntaname.y": null, "units": 0.0, "units_cum": 0.0, "city_units": 35384.0, "city_units_cum": 210976.0 }, "geometry": { "type": "Point", "coordinates": [ -73.786244621303439, 40.734925769143167 ] } },
{ "type": "Feature", "properties": { "nta2020": "QN0803", "ntaname.x": "Fresh Meadows-Utopia", "comp_year": 2024.0, "ntaname.y": "Fresh Meadows-Utopia", "units": 7.0, "units_cum": 7.0, "city_units": 49047.0, "city_units_cum": 260023.0 }, "geometry": { "type": "Point", "coordinates": [ -73.786244621303439, 40.734925769143167 ] } },
{ "type": "Feature", "properties": { "nta2020": "QN0803", "ntaname.x": "Fresh Meadows-Utopia", "comp_year": 2025.0, "ntaname.y": null, "units": 0.0, "units_cum": 7.0, "city_units": 16734.0, "city_units_cum": 276757.0 }, "geometry": { "type": "Point", "coordinates": [ -73.786244621303439, 40.734925769143167 ] } },
{ "type": "Feature", "properties": { "nta2020": "QN0804", "ntaname.x": "Jamaica Estates-Holliswood", "comp_year": 2014.0, "ntaname.y": null, "units": 0.0, "units_cum": 0.0, "city_units": 4879.0, "city_units_cum": 4879.0 }, "geometry": { "type": "Point", "coordinates": [ -73.777610464056821, 40.720732167783581 ] } },
{ "type": "Feature", "properties": { "nta2020": "QN0804", "ntaname.x": "Jamaica Estates-Holliswood", "comp_year": 2015.0, "ntaname.y": null, "units": 0.0, "units_cum": 0.0, "city_units": 7562.0, "city_units_cum": 12441.0 }, "geometry": { "type": "Point", "coordinates": [ -73.777610464056821, 40.720732167783581 ] } },
{ "type": "Feature", "properties": { "nta2020": "QN0804", "ntaname.x": "Jamaica Estates-Holliswood", "comp_year": 2016.0, "ntaname.y": null, "units": 0.0, "units_cum": 0.0, "city_units": 15015.0, "city_units_cum": 27456.0 }, "geometry": { "type": "Point", "coordinates": [ -73.777610464056821, 40.720732167783581 ] } },
{ "type": "Feature", "properties": { "nta2020": "QN0804", "ntaname.x": "Jamaica Estates-Holliswood", "comp_year": 2017.0, "ntaname.y": null, "units": 0.0, "units_cum": 0.0, "city_units": 25343.0, "city_units_cum": 52799.0 }, "geometry": { "type": "Point", "coordinates": [ -73.777610464056821, 40.720732167783581 ] } },
{ "type": "Feature", "properties": { "nta2020": "QN0804", "ntaname.x": "Jamaica Estates-Holliswood", "comp_year": 2018.0, "ntaname.y": null, "units": 0.0, "units_cum": 0.0, "city_units": 33764.0, "city_units_cum": 86563.0 }, "geometry": { "type": "Point", "coordinates": [ -73.777610464056821, 40.720732167783581 ] } },
{ "type": "Feature", "properties": { "nta2020": "QN0804", "ntaname.x": "Jamaica Estates-Holliswood", "comp_year": 2019.0, "ntaname.y": "Jamaica Estates-Holliswood", "units": 85.0, "units_cum": 85.0, "city_units": 29408.0, "city_units_cum": 115971.0 }, "geometry": { "type": "Point", "coordinates": [ -73.777610464056821, 40.720732167783581 ] } },
{ "type": "Feature", "properties": { "nta2020": "QN0804", "ntaname.x": "Jamaica Estates-Holliswood", "comp_year": 2020.0, "ntaname.y": "Jamaica Estates-Holliswood", "units": 54.0, "units_cum": 139.0, "city_units": 18916.0, "city_units_cum": 134887.0 }, "geometry": { "type": "Point", "coordinates": [ -73.777610464056821, 40.720732167783581 ] } },
{ "type": "Feature", "properties": { "nta2020": "QN0804", "ntaname.x": "Jamaica Estates-Holliswood", "comp_year": 2021.0, "ntaname.y": null, "units": 0.0, "units_cum": 139.0, "city_units": 20786.0, "city_units_cum": 155673.0 }, "geometry": { "type": "Point", "coordinates": [ -73.777610464056821, 40.720732167783581 ] } },
{ "type": "Feature", "properties": { "nta2020": "QN0804", "ntaname.x": "Jamaica Estates-Holliswood", "comp_year": 2022.0, "ntaname.y": "Jamaica Estates-Holliswood", "units": 9.0, "units_cum": 148.0, "city_units": 19919.0, "city_units_cum": 175592.0 }, "geometry": { "type": "Point", "coordinates": [ -73.777610464056821, 40.720732167783581 ] } },
{ "type": "Feature", "properties": { "nta2020": "QN0804", "ntaname.x": "Jamaica Estates-Holliswood", "comp_year": 2023.0, "ntaname.y": null, "units": 0.0, "units_cum": 148.0, "city_units": 35384.0, "city_units_cum": 210976.0 }, "geometry": { "type": "Point", "coordinates": [ -73.777610464056821, 40.720732167783581 ] } },
{ "type": "Feature", "properties": { "nta2020": "QN0804", "ntaname.x": "Jamaica Estates-Holliswood", "comp_year": 2024.0, "ntaname.y": null, "units": 0.0, "units_cum": 148.0, "city_units": 49047.0, "city_units_cum": 260023.0 }, "geometry": { "type": "Point", "coordinates": [ -73.777610464056821, 40.720732167783581 ] } },
{ "type": "Feature", "properties": { "nta2020": "QN0804", "ntaname.x": "Jamaica Estates-Holliswood", "comp_year": 2025.0, "ntaname.y": null, "units": 0.0, "units_cum": 148.0, "city_units": 16734.0, "city_units_cum": 276757.0 }, "geometry": { "type": "Point", "coordinates": [ -73.777610464056821, 40.720732167783581 ] } },
{ "type": "Feature", "properties": { "nta2020": "QN0805", "ntaname.x": "Jamaica Hills-Briarwood", "comp_year": 2014.0, "ntaname.y": null, "units": 0.0, "units_cum": 0.0, "city_units": 4879.0, "city_units_cum": 4879.0 }, "geometry": { "type": "Point", "coordinates": [ -73.80885646695431, 40.711886937651173 ] } },
{ "type": "Feature", "properties": { "nta2020": "QN0805", "ntaname.x": "Jamaica Hills-Briarwood", "comp_year": 2015.0, "ntaname.y": null, "units": 0.0, "units_cum": 0.0, "city_units": 7562.0, "city_units_cum": 12441.0 }, "geometry": { "type": "Point", "coordinates": [ -73.80885646695431, 40.711886937651173 ] } },
{ "type": "Feature", "properties": { "nta2020": "QN0805", "ntaname.x": "Jamaica Hills-Briarwood", "comp_year": 2016.0, "ntaname.y": null, "units": 0.0, "units_cum": 0.0, "city_units": 15015.0, "city_units_cum": 27456.0 }, "geometry": { "type": "Point", "coordinates": [ -73.80885646695431, 40.711886937651173 ] } },
{ "type": "Feature", "properties": { "nta2020": "QN0805", "ntaname.x": "Jamaica Hills-Briarwood", "comp_year": 2017.0, "ntaname.y": null, "units": 0.0, "units_cum": 0.0, "city_units": 25343.0, "city_units_cum": 52799.0 }, "geometry": { "type": "Point", "coordinates": [ -73.80885646695431, 40.711886937651173 ] } },
{ "type": "Feature", "properties": { "nta2020": "QN0805", "ntaname.x": "Jamaica Hills-Briarwood", "comp_year": 2018.0, "ntaname.y": null, "units": 0.0, "units_cum": 0.0, "city_units": 33764.0, "city_units_cum": 86563.0 }, "geometry": { "type": "Point", "coordinates": [ -73.80885646695431, 40.711886937651173 ] } },
{ "type": "Feature", "properties": { "nta2020": "QN0805", "ntaname.x": "Jamaica Hills-Briarwood", "comp_year": 2019.0, "ntaname.y": null, "units": 0.0, "units_cum": 0.0, "city_units": 29408.0, "city_units_cum": 115971.0 }, "geometry": { "type": "Point", "coordinates": [ -73.80885646695431, 40.711886937651173 ] } },
{ "type": "Feature", "properties": { "nta2020": "QN0805", "ntaname.x": "Jamaica Hills-Briarwood", "comp_year": 2020.0, "ntaname.y": null, "units": 0.0, "units_cum": 0.0, "city_units": 18916.0, "city_units_cum": 134887.0 }, "geometry": { "type": "Point", "coordinates": [ -73.80885646695431, 40.711886937651173 ] } },
{ "type": "Feature", "properties": { "nta2020": "QN0805", "ntaname.x": "Jamaica Hills-Briarwood", "comp_year": 2021.0, "ntaname.y": null, "units": 0.0, "units_cum": 0.0, "city_units": 20786.0, "city_units_cum": 155673.0 }, "geometry": { "type": "Point", "coordinates": [ -73.80885646695431, 40.711886937651173 ] } },
{ "type": "Feature", "properties": { "nta2020": "QN0805", "ntaname.x": "Jamaica Hills-Briarwood", "comp_year": 2022.0, "ntaname.y": "Jamaica Hills-Briarwood", "units": 382.0, "units_cum": 382.0, "city_units": 19919.0, "city_units_cum": 175592.0 }, "geometry": { "type": "Point", "coordinates": [ -73.80885646695431, 40.711886937651173 ] } },
{ "type": "Feature", "properties": { "nta2020": "QN0805", "ntaname.x": "Jamaica Hills-Briarwood", "comp_year": 2023.0, "ntaname.y": "Jamaica Hills-Briarwood", "units": 121.0, "units_cum": 503.0, "city_units": 35384.0, "city_units_cum": 210976.0 }, "geometry": { "type": "Point", "coordinates": [ -73.80885646695431, 40.711886937651173 ] } },
{ "type": "Feature", "properties": { "nta2020": "QN0805", "ntaname.x": "Jamaica Hills-Briarwood", "comp_year": 2024.0, "ntaname.y": "Jamaica Hills-Briarwood", "units": 33.0, "units_cum": 536.0, "city_units": 49047.0, "city_units_cum": 260023.0 }, "geometry": { "type": "Point", "coordinates": [ -73.80885646695431, 40.711886937651173 ] } },
{ "type": "Feature", "properties": { "nta2020": "QN0805", "ntaname.x": "Jamaica Hills-Briarwood", "comp_year": 2025.0, "ntaname.y": "Jamaica Hills-Briarwood", "units": 81.0, "units_cum": 617.0, "city_units": 16734.0, "city_units_cum": 276757.0 }, "geometry": { "type": "Point", "coordinates": [ -73.80885646695431, 40.711886937651173 ] } },
{ "type": "Feature", "properties": { "nta2020": "QN0871", "ntaname.x": "Mount Hebron & Cedar Grove Cemeteries", "comp_year": null, "ntaname.y": null, "units": null, "units_cum": null, "city_units": null, "city_units_cum": null }, "geometry": { "type": "Point", "coordinates": [ -73.831359209557377, 40.736405321267611 ] } },
{ "type": "Feature", "properties": { "nta2020": "QN0891", "ntaname.x": "Cunningham Park", "comp_year": null, "ntaname.y": null, "units": null, "units_cum": null, "city_units": null, "city_units_cum": null }, "geometry": { "type": "Point", "coordinates": [ -73.768810925349044, 40.733944324482401 ] } },
{ "type": "Feature", "properties": { "nta2020": "QN0901", "ntaname.x": "Kew Gardens", "comp_year": 2014.0, "ntaname.y": null, "units": 0.0, "units_cum": 0.0, "city_units": 4879.0, "city_units_cum": 4879.0 }, "geometry": { "type": "Point", "coordinates": [ -73.828755784533328, 40.708033546458594 ] } },
{ "type": "Feature", "properties": { "nta2020": "QN0901", "ntaname.x": "Kew Gardens", "comp_year": 2015.0, "ntaname.y": null, "units": 0.0, "units_cum": 0.0, "city_units": 7562.0, "city_units_cum": 12441.0 }, "geometry": { "type": "Point", "coordinates": [ -73.828755784533328, 40.708033546458594 ] } },
{ "type": "Feature", "properties": { "nta2020": "QN0901", "ntaname.x": "Kew Gardens", "comp_year": 2016.0, "ntaname.y": null, "units": 0.0, "units_cum": 0.0, "city_units": 15015.0, "city_units_cum": 27456.0 }, "geometry": { "type": "Point", "coordinates": [ -73.828755784533328, 40.708033546458594 ] } },
{ "type": "Feature", "properties": { "nta2020": "QN0901", "ntaname.x": "Kew Gardens", "comp_year": 2017.0, "ntaname.y": null, "units": 0.0, "units_cum": 0.0, "city_units": 25343.0, "city_units_cum": 52799.0 }, "geometry": { "type": "Point", "coordinates": [ -73.828755784533328, 40.708033546458594 ] } },
{ "type": "Feature", "properties": { "nta2020": "QN0901", "ntaname.x": "Kew Gardens", "comp_year": 2018.0, "ntaname.y": null, "units": 0.0, "units_cum": 0.0, "city_units": 33764.0, "city_units_cum": 86563.0 }, "geometry": { "type": "Point", "coordinates": [ -73.828755784533328, 40.708033546458594 ] } },
{ "type": "Feature", "properties": { "nta2020": "QN0901", "ntaname.x": "Kew Gardens", "comp_year": 2019.0, "ntaname.y": null, "units": 0.0, "units_cum": 0.0, "city_units": 29408.0, "city_units_cum": 115971.0 }, "geometry": { "type": "Point", "coordinates": [ -73.828755784533328, 40.708033546458594 ] } },
{ "type": "Feature", "properties": { "nta2020": "QN0901", "ntaname.x": "Kew Gardens", "comp_year": 2020.0, "ntaname.y": null, "units": 0.0, "units_cum": 0.0, "city_units": 18916.0, "city_units_cum": 134887.0 }, "geometry": { "type": "Point", "coordinates": [ -73.828755784533328, 40.708033546458594 ] } },
{ "type": "Feature", "properties": { "nta2020": "QN0901", "ntaname.x": "Kew Gardens", "comp_year": 2021.0, "ntaname.y": "Kew Gardens", "units": 48.0, "units_cum": 48.0, "city_units": 20786.0, "city_units_cum": 155673.0 }, "geometry": { "type": "Point", "coordinates": [ -73.828755784533328, 40.708033546458594 ] } },
{ "type": "Feature", "properties": { "nta2020": "QN0901", "ntaname.x": "Kew Gardens", "comp_year": 2022.0, "ntaname.y": null, "units": 0.0, "units_cum": 48.0, "city_units": 19919.0, "city_units_cum": 175592.0 }, "geometry": { "type": "Point", "coordinates": [ -73.828755784533328, 40.708033546458594 ] } },
{ "type": "Feature", "properties": { "nta2020": "QN0901", "ntaname.x": "Kew Gardens", "comp_year": 2023.0, "ntaname.y": "Kew Gardens", "units": 55.0, "units_cum": 103.0, "city_units": 35384.0, "city_units_cum": 210976.0 }, "geometry": { "type": "Point", "coordinates": [ -73.828755784533328, 40.708033546458594 ] } },
{ "type": "Feature", "properties": { "nta2020": "QN0901", "ntaname.x": "Kew Gardens", "comp_year": 2024.0, "ntaname.y": "Kew Gardens", "units": 91.0, "units_cum": 194.0, "city_units": 49047.0, "city_units_cum": 260023.0 }, "geometry": { "type": "Point", "coordinates": [ -73.828755784533328, 40.708033546458594 ] } },
{ "type": "Feature", "properties": { "nta2020": "QN0901", "ntaname.x": "Kew Gardens", "comp_year": 2025.0, "ntaname.y": "Kew Gardens", "units": 29.0, "units_cum": 223.0, "city_units": 16734.0, "city_units_cum": 276757.0 }, "geometry": { "type": "Point", "coordinates": [ -73.828755784533328, 40.708033546458594 ] } },
{ "type": "Feature", "properties": { "nta2020": "QN0902", "ntaname.x": "Richmond Hill", "comp_year": null, "ntaname.y": null, "units": null, "units_cum": null, "city_units": null, "city_units_cum": null }, "geometry": { "type": "Point", "coordinates": [ -73.832768060322394, 40.697476813404791 ] } },
{ "type": "Feature", "properties": { "nta2020": "QN0903", "ntaname.x": "South Richmond Hill", "comp_year": 2014.0, "ntaname.y": null, "units": 0.0, "units_cum": 0.0, "city_units": 4879.0, "city_units_cum": 4879.0 }, "geometry": { "type": "Point", "coordinates": [ -73.824867311141432, 40.691328683964585 ] } },
{ "type": "Feature", "properties": { "nta2020": "QN0903", "ntaname.x": "South Richmond Hill", "comp_year": 2015.0, "ntaname.y": null, "units": 0.0, "units_cum": 0.0, "city_units": 7562.0, "city_units_cum": 12441.0 }, "geometry": { "type": "Point", "coordinates": [ -73.824867311141432, 40.691328683964585 ] } },
{ "type": "Feature", "properties": { "nta2020": "QN0903", "ntaname.x": "South Richmond Hill", "comp_year": 2016.0, "ntaname.y": null, "units": 0.0, "units_cum": 0.0, "city_units": 15015.0, "city_units_cum": 27456.0 }, "geometry": { "type": "Point", "coordinates": [ -73.824867311141432, 40.691328683964585 ] } },
{ "type": "Feature", "properties": { "nta2020": "QN0903", "ntaname.x": "South Richmond Hill", "comp_year": 2017.0, "ntaname.y": null, "units": 0.0, "units_cum": 0.0, "city_units": 25343.0, "city_units_cum": 52799.0 }, "geometry": { "type": "Point", "coordinates": [ -73.824867311141432, 40.691328683964585 ] } },
{ "type": "Feature", "properties": { "nta2020": "QN0903", "ntaname.x": "South Richmond Hill", "comp_year": 2018.0, "ntaname.y": null, "units": 0.0, "units_cum": 0.0, "city_units": 33764.0, "city_units_cum": 86563.0 }, "geometry": { "type": "Point", "coordinates": [ -73.824867311141432, 40.691328683964585 ] } },
{ "type": "Feature", "properties": { "nta2020": "QN0903", "ntaname.x": "South Richmond Hill", "comp_year": 2019.0, "ntaname.y": null, "units": 0.0, "units_cum": 0.0, "city_units": 29408.0, "city_units_cum": 115971.0 }, "geometry": { "type": "Point", "coordinates": [ -73.824867311141432, 40.691328683964585 ] } },
{ "type": "Feature", "properties": { "nta2020": "QN0903", "ntaname.x": "South Richmond Hill", "comp_year": 2020.0, "ntaname.y": null, "units": 0.0, "units_cum": 0.0, "city_units": 18916.0, "city_units_cum": 134887.0 }, "geometry": { "type": "Point", "coordinates": [ -73.824867311141432, 40.691328683964585 ] } },
{ "type": "Feature", "properties": { "nta2020": "QN0903", "ntaname.x": "South Richmond Hill", "comp_year": 2021.0, "ntaname.y": null, "units": 0.0, "units_cum": 0.0, "city_units": 20786.0, "city_units_cum": 155673.0 }, "geometry": { "type": "Point", "coordinates": [ -73.824867311141432, 40.691328683964585 ] } },
{ "type": "Feature", "properties": { "nta2020": "QN0903", "ntaname.x": "South Richmond Hill", "comp_year": 2022.0, "ntaname.y": null, "units": 0.0, "units_cum": 0.0, "city_units": 19919.0, "city_units_cum": 175592.0 }, "geometry": { "type": "Point", "coordinates": [ -73.824867311141432, 40.691328683964585 ] } },
{ "type": "Feature", "properties": { "nta2020": "QN0903", "ntaname.x": "South Richmond Hill", "comp_year": 2023.0, "ntaname.y": null, "units": 0.0, "units_cum": 0.0, "city_units": 35384.0, "city_units_cum": 210976.0 }, "geometry": { "type": "Point", "coordinates": [ -73.824867311141432, 40.691328683964585 ] } },
{ "type": "Feature", "properties": { "nta2020": "QN0903", "ntaname.x": "South Richmond Hill", "comp_year": 2024.0, "ntaname.y": "South Richmond Hill", "units": 27.0, "units_cum": 27.0, "city_units": 49047.0, "city_units_cum": 260023.0 }, "geometry": { "type": "Point", "coordinates": [ -73.824867311141432, 40.691328683964585 ] } },
{ "type": "Feature", "properties": { "nta2020": "QN0903", "ntaname.x": "South Richmond Hill", "comp_year": 2025.0, "ntaname.y": null, "units": 0.0, "units_cum": 27.0, "city_units": 16734.0, "city_units_cum": 276757.0 }, "geometry": { "type": "Point", "coordinates": [ -73.824867311141432, 40.691328683964585 ] } },
{ "type": "Feature", "properties": { "nta2020": "QN0904", "ntaname.x": "Ozone Park (North)", "comp_year": 2014.0, "ntaname.y": null, "units": 0.0, "units_cum": 0.0, "city_units": 4879.0, "city_units_cum": 4879.0 }, "geometry": { "type": "Point", "coordinates": [ -73.849367608184494, 40.684563139226483 ] } },
{ "type": "Feature", "properties": { "nta2020": "QN0904", "ntaname.x": "Ozone Park (North)", "comp_year": 2015.0, "ntaname.y": null, "units": 0.0, "units_cum": 0.0, "city_units": 7562.0, "city_units_cum": 12441.0 }, "geometry": { "type": "Point", "coordinates": [ -73.849367608184494, 40.684563139226483 ] } },
{ "type": "Feature", "properties": { "nta2020": "QN0904", "ntaname.x": "Ozone Park (North)", "comp_year": 2016.0, "ntaname.y": null, "units": 0.0, "units_cum": 0.0, "city_units": 15015.0, "city_units_cum": 27456.0 }, "geometry": { "type": "Point", "coordinates": [ -73.849367608184494, 40.684563139226483 ] } },
{ "type": "Feature", "properties": { "nta2020": "QN0904", "ntaname.x": "Ozone Park (North)", "comp_year": 2017.0, "ntaname.y": null, "units": 0.0, "units_cum": 0.0, "city_units": 25343.0, "city_units_cum": 52799.0 }, "geometry": { "type": "Point", "coordinates": [ -73.849367608184494, 40.684563139226483 ] } },
{ "type": "Feature", "properties": { "nta2020": "QN0904", "ntaname.x": "Ozone Park (North)", "comp_year": 2018.0, "ntaname.y": null, "units": 0.0, "units_cum": 0.0, "city_units": 33764.0, "city_units_cum": 86563.0 }, "geometry": { "type": "Point", "coordinates": [ -73.849367608184494, 40.684563139226483 ] } },
{ "type": "Feature", "properties": { "nta2020": "QN0904", "ntaname.x": "Ozone Park (North)", "comp_year": 2019.0, "ntaname.y": null, "units": 0.0, "units_cum": 0.0, "city_units": 29408.0, "city_units_cum": 115971.0 }, "geometry": { "type": "Point", "coordinates": [ -73.849367608184494, 40.684563139226483 ] } },
{ "type": "Feature", "properties": { "nta2020": "QN0904", "ntaname.x": "Ozone Park (North)", "comp_year": 2020.0, "ntaname.y": null, "units": 0.0, "units_cum": 0.0, "city_units": 18916.0, "city_units_cum": 134887.0 }, "geometry": { "type": "Point", "coordinates": [ -73.849367608184494, 40.684563139226483 ] } },
{ "type": "Feature", "properties": { "nta2020": "QN0904", "ntaname.x": "Ozone Park (North)", "comp_year": 2021.0, "ntaname.y": null, "units": 0.0, "units_cum": 0.0, "city_units": 20786.0, "city_units_cum": 155673.0 }, "geometry": { "type": "Point", "coordinates": [ -73.849367608184494, 40.684563139226483 ] } },
{ "type": "Feature", "properties": { "nta2020": "QN0904", "ntaname.x": "Ozone Park (North)", "comp_year": 2022.0, "ntaname.y": "Ozone Park (North)", "units": 20.0, "units_cum": 20.0, "city_units": 19919.0, "city_units_cum": 175592.0 }, "geometry": { "type": "Point", "coordinates": [ -73.849367608184494, 40.684563139226483 ] } },
{ "type": "Feature", "properties": { "nta2020": "QN0904", "ntaname.x": "Ozone Park (North)", "comp_year": 2023.0, "ntaname.y": null, "units": 0.0, "units_cum": 20.0, "city_units": 35384.0, "city_units_cum": 210976.0 }, "geometry": { "type": "Point", "coordinates": [ -73.849367608184494, 40.684563139226483 ] } },
{ "type": "Feature", "properties": { "nta2020": "QN0904", "ntaname.x": "Ozone Park (North)", "comp_year": 2024.0, "ntaname.y": "Ozone Park (North)", "units": 12.0, "units_cum": 32.0, "city_units": 49047.0, "city_units_cum": 260023.0 }, "geometry": { "type": "Point", "coordinates": [ -73.849367608184494, 40.684563139226483 ] } },
{ "type": "Feature", "properties": { "nta2020": "QN0904", "ntaname.x": "Ozone Park (North)", "comp_year": 2025.0, "ntaname.y": "Ozone Park (North)", "units": 10.0, "units_cum": 42.0, "city_units": 16734.0, "city_units_cum": 276757.0 }, "geometry": { "type": "Point", "coordinates": [ -73.849367608184494, 40.684563139226483 ] } },
{ "type": "Feature", "properties": { "nta2020": "QN0905", "ntaname.x": "Woodhaven", "comp_year": 2014.0, "ntaname.y": null, "units": 0.0, "units_cum": 0.0, "city_units": 4879.0, "city_units_cum": 4879.0 }, "geometry": { "type": "Point", "coordinates": [ -73.857412304948056, 40.691475330100289 ] } },
{ "type": "Feature", "properties": { "nta2020": "QN0905", "ntaname.x": "Woodhaven", "comp_year": 2015.0, "ntaname.y": null, "units": 0.0, "units_cum": 0.0, "city_units": 7562.0, "city_units_cum": 12441.0 }, "geometry": { "type": "Point", "coordinates": [ -73.857412304948056, 40.691475330100289 ] } },
{ "type": "Feature", "properties": { "nta2020": "QN0905", "ntaname.x": "Woodhaven", "comp_year": 2016.0, "ntaname.y": null, "units": 0.0, "units_cum": 0.0, "city_units": 15015.0, "city_units_cum": 27456.0 }, "geometry": { "type": "Point", "coordinates": [ -73.857412304948056, 40.691475330100289 ] } },
{ "type": "Feature", "properties": { "nta2020": "QN0905", "ntaname.x": "Woodhaven", "comp_year": 2017.0, "ntaname.y": null, "units": 0.0, "units_cum": 0.0, "city_units": 25343.0, "city_units_cum": 52799.0 }, "geometry": { "type": "Point", "coordinates": [ -73.857412304948056, 40.691475330100289 ] } },
{ "type": "Feature", "properties": { "nta2020": "QN0905", "ntaname.x": "Woodhaven", "comp_year": 2018.0, "ntaname.y": null, "units": 0.0, "units_cum": 0.0, "city_units": 33764.0, "city_units_cum": 86563.0 }, "geometry": { "type": "Point", "coordinates": [ -73.857412304948056, 40.691475330100289 ] } },
{ "type": "Feature", "properties": { "nta2020": "QN0905", "ntaname.x": "Woodhaven", "comp_year": 2019.0, "ntaname.y": null, "units": 0.0, "units_cum": 0.0, "city_units": 29408.0, "city_units_cum": 115971.0 }, "geometry": { "type": "Point", "coordinates": [ -73.857412304948056, 40.691475330100289 ] } },
{ "type": "Feature", "properties": { "nta2020": "QN0905", "ntaname.x": "Woodhaven", "comp_year": 2020.0, "ntaname.y": null, "units": 0.0, "units_cum": 0.0, "city_units": 18916.0, "city_units_cum": 134887.0 }, "geometry": { "type": "Point", "coordinates": [ -73.857412304948056, 40.691475330100289 ] } },
{ "type": "Feature", "properties": { "nta2020": "QN0905", "ntaname.x": "Woodhaven", "comp_year": 2021.0, "ntaname.y": null, "units": 0.0, "units_cum": 0.0, "city_units": 20786.0, "city_units_cum": 155673.0 }, "geometry": { "type": "Point", "coordinates": [ -73.857412304948056, 40.691475330100289 ] } },
{ "type": "Feature", "properties": { "nta2020": "QN0905", "ntaname.x": "Woodhaven", "comp_year": 2022.0, "ntaname.y": null, "units": 0.0, "units_cum": 0.0, "city_units": 19919.0, "city_units_cum": 175592.0 }, "geometry": { "type": "Point", "coordinates": [ -73.857412304948056, 40.691475330100289 ] } },
{ "type": "Feature", "properties": { "nta2020": "QN0905", "ntaname.x": "Woodhaven", "comp_year": 2023.0, "ntaname.y": null, "units": 0.0, "units_cum": 0.0, "city_units": 35384.0, "city_units_cum": 210976.0 }, "geometry": { "type": "Point", "coordinates": [ -73.857412304948056, 40.691475330100289 ] } },
{ "type": "Feature", "properties": { "nta2020": "QN0905", "ntaname.x": "Woodhaven", "comp_year": 2024.0, "ntaname.y": "Woodhaven", "units": 10.0, "units_cum": 10.0, "city_units": 49047.0, "city_units_cum": 260023.0 }, "geometry": { "type": "Point", "coordinates": [ -73.857412304948056, 40.691475330100289 ] } },
{ "type": "Feature", "properties": { "nta2020": "QN0905", "ntaname.x": "Woodhaven", "comp_year": 2025.0, "ntaname.y": null, "units": 0.0, "units_cum": 10.0, "city_units": 16734.0, "city_units_cum": 276757.0 }, "geometry": { "type": "Point", "coordinates": [ -73.857412304948056, 40.691475330100289 ] } },
{ "type": "Feature", "properties": { "nta2020": "QN1001", "ntaname.x": "South Ozone Park", "comp_year": 2014.0, "ntaname.y": null, "units": 0.0, "units_cum": 0.0, "city_units": 4879.0, "city_units_cum": 4879.0 }, "geometry": { "type": "Point", "coordinates": [ -73.819519417961686, 40.676198782926214 ] } },
{ "type": "Feature", "properties": { "nta2020": "QN1001", "ntaname.x": "South Ozone Park", "comp_year": 2015.0, "ntaname.y": null, "units": 0.0, "units_cum": 0.0, "city_units": 7562.0, "city_units_cum": 12441.0 }, "geometry": { "type": "Point", "coordinates": [ -73.819519417961686, 40.676198782926214 ] } },
{ "type": "Feature", "properties": { "nta2020": "QN1001", "ntaname.x": "South Ozone Park", "comp_year": 2016.0, "ntaname.y": null, "units": 0.0, "units_cum": 0.0, "city_units": 15015.0, "city_units_cum": 27456.0 }, "geometry": { "type": "Point", "coordinates": [ -73.819519417961686, 40.676198782926214 ] } },
{ "type": "Feature", "properties": { "nta2020": "QN1001", "ntaname.x": "South Ozone Park", "comp_year": 2017.0, "ntaname.y": null, "units": 0.0, "units_cum": 0.0, "city_units": 25343.0, "city_units_cum": 52799.0 }, "geometry": { "type": "Point", "coordinates": [ -73.819519417961686, 40.676198782926214 ] } },
{ "type": "Feature", "properties": { "nta2020": "QN1001", "ntaname.x": "South Ozone Park", "comp_year": 2018.0, "ntaname.y": null, "units": 0.0, "units_cum": 0.0, "city_units": 33764.0, "city_units_cum": 86563.0 }, "geometry": { "type": "Point", "coordinates": [ -73.819519417961686, 40.676198782926214 ] } },
{ "type": "Feature", "properties": { "nta2020": "QN1001", "ntaname.x": "South Ozone Park", "comp_year": 2019.0, "ntaname.y": null, "units": 0.0, "units_cum": 0.0, "city_units": 29408.0, "city_units_cum": 115971.0 }, "geometry": { "type": "Point", "coordinates": [ -73.819519417961686, 40.676198782926214 ] } },
{ "type": "Feature", "properties": { "nta2020": "QN1001", "ntaname.x": "South Ozone Park", "comp_year": 2020.0, "ntaname.y": null, "units": 0.0, "units_cum": 0.0, "city_units": 18916.0, "city_units_cum": 134887.0 }, "geometry": { "type": "Point", "coordinates": [ -73.819519417961686, 40.676198782926214 ] } },
{ "type": "Feature", "properties": { "nta2020": "QN1001", "ntaname.x": "South Ozone Park", "comp_year": 2021.0, "ntaname.y": "South Ozone Park", "units": 10.0, "units_cum": 10.0, "city_units": 20786.0, "city_units_cum": 155673.0 }, "geometry": { "type": "Point", "coordinates": [ -73.819519417961686, 40.676198782926214 ] } },
{ "type": "Feature", "properties": { "nta2020": "QN1001", "ntaname.x": "South Ozone Park", "comp_year": 2022.0, "ntaname.y": null, "units": 0.0, "units_cum": 10.0, "city_units": 19919.0, "city_units_cum": 175592.0 }, "geometry": { "type": "Point", "coordinates": [ -73.819519417961686, 40.676198782926214 ] } },
{ "type": "Feature", "properties": { "nta2020": "QN1001", "ntaname.x": "South Ozone Park", "comp_year": 2023.0, "ntaname.y": null, "units": 0.0, "units_cum": 10.0, "city_units": 35384.0, "city_units_cum": 210976.0 }, "geometry": { "type": "Point", "coordinates": [ -73.819519417961686, 40.676198782926214 ] } },
{ "type": "Feature", "properties": { "nta2020": "QN1001", "ntaname.x": "South Ozone Park", "comp_year": 2024.0, "ntaname.y": null, "units": 0.0, "units_cum": 10.0, "city_units": 49047.0, "city_units_cum": 260023.0 }, "geometry": { "type": "Point", "coordinates": [ -73.819519417961686, 40.676198782926214 ] } },
{ "type": "Feature", "properties": { "nta2020": "QN1001", "ntaname.x": "South Ozone Park", "comp_year": 2025.0, "ntaname.y": null, "units": 0.0, "units_cum": 10.0, "city_units": 16734.0, "city_units_cum": 276757.0 }, "geometry": { "type": "Point", "coordinates": [ -73.819519417961686, 40.676198782926214 ] } },
{ "type": "Feature", "properties": { "nta2020": "QN1002", "ntaname.x": "Ozone Park", "comp_year": null, "ntaname.y": null, "units": null, "units_cum": null, "city_units": null, "city_units_cum": null }, "geometry": { "type": "Point", "coordinates": [ -73.847013809094648, 40.675570606729679 ] } },
{ "type": "Feature", "properties": { "nta2020": "QN1003", "ntaname.x": "Howard Beach-Lindenwood", "comp_year": null, "ntaname.y": null, "units": null, "units_cum": null, "city_units": null, "city_units_cum": null }, "geometry": { "type": "Point", "coordinates": [ -73.844041978332228, 40.660036227188641 ] } },
{ "type": "Feature", "properties": { "nta2020": "QN1091", "ntaname.x": "Spring Creek Park", "comp_year": null, "ntaname.y": null, "units": null, "units_cum": null, "city_units": null, "city_units_cum": null }, "geometry": { "type": "Point", "coordinates": [ -73.84869482110804, 40.649824234365703 ] } },
{ "type": "Feature", "properties": { "nta2020": "QN1101", "ntaname.x": "Auburndale", "comp_year": null, "ntaname.y": null, "units": null, "units_cum": null, "city_units": null, "city_units_cum": null }, "geometry": { "type": "Point", "coordinates": [ -73.7860044114489, 40.755255696126788 ] } },
{ "type": "Feature", "properties": { "nta2020": "QN1102", "ntaname.x": "Bayside", "comp_year": null, "ntaname.y": null, "units": null, "units_cum": null, "city_units": null, "city_units_cum": null }, "geometry": { "type": "Point", "coordinates": [ -73.767596592185228, 40.761760962930801 ] } },
{ "type": "Feature", "properties": { "nta2020": "QN1103", "ntaname.x": "Douglaston-Little Neck", "comp_year": null, "ntaname.y": null, "units": null, "units_cum": null, "city_units": null, "city_units_cum": null }, "geometry": { "type": "Point", "coordinates": [ -73.736886499348728, 40.763688360019231 ] } },
{ "type": "Feature", "properties": { "nta2020": "QN1104", "ntaname.x": "Oakland Gardens-Hollis Hills", "comp_year": null, "ntaname.y": null, "units": null, "units_cum": null, "city_units": null, "city_units_cum": null }, "geometry": { "type": "Point", "coordinates": [ -73.754577980279237, 40.739305580057334 ] } },
{ "type": "Feature", "properties": { "nta2020": "QN1191", "ntaname.x": "Alley Pond Park", "comp_year": null, "ntaname.y": null, "units": null, "units_cum": null, "city_units": null, "city_units_cum": null }, "geometry": { "type": "Point", "coordinates": [ -73.745554171868051, 40.752215419738157 ] } },
{ "type": "Feature", "properties": { "nta2020": "QN1201", "ntaname.x": "Jamaica", "comp_year": 2014.0, "ntaname.y": null, "units": 0.0, "units_cum": 0.0, "city_units": 4879.0, "city_units_cum": 4879.0 }, "geometry": { "type": "Point", "coordinates": [ -73.795583066357565, 40.704021121336879 ] } },
{ "type": "Feature", "properties": { "nta2020": "QN1201", "ntaname.x": "Jamaica", "comp_year": 2015.0, "ntaname.y": null, "units": 0.0, "units_cum": 0.0, "city_units": 7562.0, "city_units_cum": 12441.0 }, "geometry": { "type": "Point", "coordinates": [ -73.795583066357565, 40.704021121336879 ] } },
{ "type": "Feature", "properties": { "nta2020": "QN1201", "ntaname.x": "Jamaica", "comp_year": 2016.0, "ntaname.y": "Jamaica", "units": 1.0, "units_cum": 1.0, "city_units": 15015.0, "city_units_cum": 27456.0 }, "geometry": { "type": "Point", "coordinates": [ -73.795583066357565, 40.704021121336879 ] } },
{ "type": "Feature", "properties": { "nta2020": "QN1201", "ntaname.x": "Jamaica", "comp_year": 2017.0, "ntaname.y": null, "units": 0.0, "units_cum": 1.0, "city_units": 25343.0, "city_units_cum": 52799.0 }, "geometry": { "type": "Point", "coordinates": [ -73.795583066357565, 40.704021121336879 ] } },
{ "type": "Feature", "properties": { "nta2020": "QN1201", "ntaname.x": "Jamaica", "comp_year": 2018.0, "ntaname.y": "Jamaica", "units": 469.0, "units_cum": 470.0, "city_units": 33764.0, "city_units_cum": 86563.0 }, "geometry": { "type": "Point", "coordinates": [ -73.795583066357565, 40.704021121336879 ] } },
{ "type": "Feature", "properties": { "nta2020": "QN1201", "ntaname.x": "Jamaica", "comp_year": 2019.0, "ntaname.y": "Jamaica", "units": 8.0, "units_cum": 478.0, "city_units": 29408.0, "city_units_cum": 115971.0 }, "geometry": { "type": "Point", "coordinates": [ -73.795583066357565, 40.704021121336879 ] } },
{ "type": "Feature", "properties": { "nta2020": "QN1201", "ntaname.x": "Jamaica", "comp_year": 2020.0, "ntaname.y": null, "units": 0.0, "units_cum": 478.0, "city_units": 18916.0, "city_units_cum": 134887.0 }, "geometry": { "type": "Point", "coordinates": [ -73.795583066357565, 40.704021121336879 ] } },
{ "type": "Feature", "properties": { "nta2020": "QN1201", "ntaname.x": "Jamaica", "comp_year": 2021.0, "ntaname.y": "Jamaica", "units": 810.0, "units_cum": 1288.0, "city_units": 20786.0, "city_units_cum": 155673.0 }, "geometry": { "type": "Point", "coordinates": [ -73.795583066357565, 40.704021121336879 ] } },
{ "type": "Feature", "properties": { "nta2020": "QN1201", "ntaname.x": "Jamaica", "comp_year": 2022.0, "ntaname.y": "Jamaica", "units": 574.0, "units_cum": 1862.0, "city_units": 19919.0, "city_units_cum": 175592.0 }, "geometry": { "type": "Point", "coordinates": [ -73.795583066357565, 40.704021121336879 ] } },
{ "type": "Feature", "properties": { "nta2020": "QN1201", "ntaname.x": "Jamaica", "comp_year": 2023.0, "ntaname.y": "Jamaica", "units": 911.0, "units_cum": 2773.0, "city_units": 35384.0, "city_units_cum": 210976.0 }, "geometry": { "type": "Point", "coordinates": [ -73.795583066357565, 40.704021121336879 ] } },
{ "type": "Feature", "properties": { "nta2020": "QN1201", "ntaname.x": "Jamaica", "comp_year": 2024.0, "ntaname.y": "Jamaica", "units": 645.0, "units_cum": 3418.0, "city_units": 49047.0, "city_units_cum": 260023.0 }, "geometry": { "type": "Point", "coordinates": [ -73.795583066357565, 40.704021121336879 ] } },
{ "type": "Feature", "properties": { "nta2020": "QN1201", "ntaname.x": "Jamaica", "comp_year": 2025.0, "ntaname.y": null, "units": 0.0, "units_cum": 3418.0, "city_units": 16734.0, "city_units_cum": 276757.0 }, "geometry": { "type": "Point", "coordinates": [ -73.795583066357565, 40.704021121336879 ] } },
{ "type": "Feature", "properties": { "nta2020": "QN1202", "ntaname.x": "South Jamaica", "comp_year": 2014.0, "ntaname.y": null, "units": 0.0, "units_cum": 0.0, "city_units": 4879.0, "city_units_cum": 4879.0 }, "geometry": { "type": "Point", "coordinates": [ -73.791730667478731, 40.694306382788263 ] } },
{ "type": "Feature", "properties": { "nta2020": "QN1202", "ntaname.x": "South Jamaica", "comp_year": 2015.0, "ntaname.y": null, "units": 0.0, "units_cum": 0.0, "city_units": 7562.0, "city_units_cum": 12441.0 }, "geometry": { "type": "Point", "coordinates": [ -73.791730667478731, 40.694306382788263 ] } },
{ "type": "Feature", "properties": { "nta2020": "QN1202", "ntaname.x": "South Jamaica", "comp_year": 2016.0, "ntaname.y": "South Jamaica", "units": 53.0, "units_cum": 53.0, "city_units": 15015.0, "city_units_cum": 27456.0 }, "geometry": { "type": "Point", "coordinates": [ -73.791730667478731, 40.694306382788263 ] } },
{ "type": "Feature", "properties": { "nta2020": "QN1202", "ntaname.x": "South Jamaica", "comp_year": 2017.0, "ntaname.y": null, "units": 0.0, "units_cum": 53.0, "city_units": 25343.0, "city_units_cum": 52799.0 }, "geometry": { "type": "Point", "coordinates": [ -73.791730667478731, 40.694306382788263 ] } },
{ "type": "Feature", "properties": { "nta2020": "QN1202", "ntaname.x": "South Jamaica", "comp_year": 2018.0, "ntaname.y": null, "units": 0.0, "units_cum": 53.0, "city_units": 33764.0, "city_units_cum": 86563.0 }, "geometry": { "type": "Point", "coordinates": [ -73.791730667478731, 40.694306382788263 ] } },
{ "type": "Feature", "properties": { "nta2020": "QN1202", "ntaname.x": "South Jamaica", "comp_year": 2019.0, "ntaname.y": null, "units": 0.0, "units_cum": 53.0, "city_units": 29408.0, "city_units_cum": 115971.0 }, "geometry": { "type": "Point", "coordinates": [ -73.791730667478731, 40.694306382788263 ] } },
{ "type": "Feature", "properties": { "nta2020": "QN1202", "ntaname.x": "South Jamaica", "comp_year": 2020.0, "ntaname.y": null, "units": 0.0, "units_cum": 53.0, "city_units": 18916.0, "city_units_cum": 134887.0 }, "geometry": { "type": "Point", "coordinates": [ -73.791730667478731, 40.694306382788263 ] } },
{ "type": "Feature", "properties": { "nta2020": "QN1202", "ntaname.x": "South Jamaica", "comp_year": 2021.0, "ntaname.y": null, "units": 0.0, "units_cum": 53.0, "city_units": 20786.0, "city_units_cum": 155673.0 }, "geometry": { "type": "Point", "coordinates": [ -73.791730667478731, 40.694306382788263 ] } },
{ "type": "Feature", "properties": { "nta2020": "QN1202", "ntaname.x": "South Jamaica", "comp_year": 2022.0, "ntaname.y": null, "units": 0.0, "units_cum": 53.0, "city_units": 19919.0, "city_units_cum": 175592.0 }, "geometry": { "type": "Point", "coordinates": [ -73.791730667478731, 40.694306382788263 ] } },
{ "type": "Feature", "properties": { "nta2020": "QN1202", "ntaname.x": "South Jamaica", "comp_year": 2023.0, "ntaname.y": null, "units": 0.0, "units_cum": 53.0, "city_units": 35384.0, "city_units_cum": 210976.0 }, "geometry": { "type": "Point", "coordinates": [ -73.791730667478731, 40.694306382788263 ] } },
{ "type": "Feature", "properties": { "nta2020": "QN1202", "ntaname.x": "South Jamaica", "comp_year": 2024.0, "ntaname.y": "South Jamaica", "units": 223.0, "units_cum": 276.0, "city_units": 49047.0, "city_units_cum": 260023.0 }, "geometry": { "type": "Point", "coordinates": [ -73.791730667478731, 40.694306382788263 ] } },
{ "type": "Feature", "properties": { "nta2020": "QN1202", "ntaname.x": "South Jamaica", "comp_year": 2025.0, "ntaname.y": null, "units": 0.0, "units_cum": 276.0, "city_units": 16734.0, "city_units_cum": 276757.0 }, "geometry": { "type": "Point", "coordinates": [ -73.791730667478731, 40.694306382788263 ] } },
{ "type": "Feature", "properties": { "nta2020": "QN1203", "ntaname.x": "Baisley Park", "comp_year": 2014.0, "ntaname.y": null, "units": 0.0, "units_cum": 0.0, "city_units": 4879.0, "city_units_cum": 4879.0 }, "geometry": { "type": "Point", "coordinates": [ -73.789909568319842, 40.679532973289923 ] } },
{ "type": "Feature", "properties": { "nta2020": "QN1203", "ntaname.x": "Baisley Park", "comp_year": 2015.0, "ntaname.y": null, "units": 0.0, "units_cum": 0.0, "city_units": 7562.0, "city_units_cum": 12441.0 }, "geometry": { "type": "Point", "coordinates": [ -73.789909568319842, 40.679532973289923 ] } },
{ "type": "Feature", "properties": { "nta2020": "QN1203", "ntaname.x": "Baisley Park", "comp_year": 2016.0, "ntaname.y": null, "units": 0.0, "units_cum": 0.0, "city_units": 15015.0, "city_units_cum": 27456.0 }, "geometry": { "type": "Point", "coordinates": [ -73.789909568319842, 40.679532973289923 ] } },
{ "type": "Feature", "properties": { "nta2020": "QN1203", "ntaname.x": "Baisley Park", "comp_year": 2017.0, "ntaname.y": null, "units": 0.0, "units_cum": 0.0, "city_units": 25343.0, "city_units_cum": 52799.0 }, "geometry": { "type": "Point", "coordinates": [ -73.789909568319842, 40.679532973289923 ] } },
{ "type": "Feature", "properties": { "nta2020": "QN1203", "ntaname.x": "Baisley Park", "comp_year": 2018.0, "ntaname.y": "Baisley Park", "units": 3.0, "units_cum": 3.0, "city_units": 33764.0, "city_units_cum": 86563.0 }, "geometry": { "type": "Point", "coordinates": [ -73.789909568319842, 40.679532973289923 ] } },
{ "type": "Feature", "properties": { "nta2020": "QN1203", "ntaname.x": "Baisley Park", "comp_year": 2019.0, "ntaname.y": null, "units": 0.0, "units_cum": 3.0, "city_units": 29408.0, "city_units_cum": 115971.0 }, "geometry": { "type": "Point", "coordinates": [ -73.789909568319842, 40.679532973289923 ] } },
{ "type": "Feature", "properties": { "nta2020": "QN1203", "ntaname.x": "Baisley Park", "comp_year": 2020.0, "ntaname.y": null, "units": 0.0, "units_cum": 3.0, "city_units": 18916.0, "city_units_cum": 134887.0 }, "geometry": { "type": "Point", "coordinates": [ -73.789909568319842, 40.679532973289923 ] } },
{ "type": "Feature", "properties": { "nta2020": "QN1203", "ntaname.x": "Baisley Park", "comp_year": 2021.0, "ntaname.y": null, "units": 0.0, "units_cum": 3.0, "city_units": 20786.0, "city_units_cum": 155673.0 }, "geometry": { "type": "Point", "coordinates": [ -73.789909568319842, 40.679532973289923 ] } },
{ "type": "Feature", "properties": { "nta2020": "QN1203", "ntaname.x": "Baisley Park", "comp_year": 2022.0, "ntaname.y": null, "units": 0.0, "units_cum": 3.0, "city_units": 19919.0, "city_units_cum": 175592.0 }, "geometry": { "type": "Point", "coordinates": [ -73.789909568319842, 40.679532973289923 ] } },
{ "type": "Feature", "properties": { "nta2020": "QN1203", "ntaname.x": "Baisley Park", "comp_year": 2023.0, "ntaname.y": null, "units": 0.0, "units_cum": 3.0, "city_units": 35384.0, "city_units_cum": 210976.0 }, "geometry": { "type": "Point", "coordinates": [ -73.789909568319842, 40.679532973289923 ] } },
{ "type": "Feature", "properties": { "nta2020": "QN1203", "ntaname.x": "Baisley Park", "comp_year": 2024.0, "ntaname.y": null, "units": 0.0, "units_cum": 3.0, "city_units": 49047.0, "city_units_cum": 260023.0 }, "geometry": { "type": "Point", "coordinates": [ -73.789909568319842, 40.679532973289923 ] } },
{ "type": "Feature", "properties": { "nta2020": "QN1203", "ntaname.x": "Baisley Park", "comp_year": 2025.0, "ntaname.y": null, "units": 0.0, "units_cum": 3.0, "city_units": 16734.0, "city_units_cum": 276757.0 }, "geometry": { "type": "Point", "coordinates": [ -73.789909568319842, 40.679532973289923 ] } },
{ "type": "Feature", "properties": { "nta2020": "QN1204", "ntaname.x": "Springfield Gardens (North)-Rochdale Village", "comp_year": 2014.0, "ntaname.y": null, "units": 0.0, "units_cum": 0.0, "city_units": 4879.0, "city_units_cum": 4879.0 }, "geometry": { "type": "Point", "coordinates": [ -73.772052900828797, 40.673330632052178 ] } },
{ "type": "Feature", "properties": { "nta2020": "QN1204", "ntaname.x": "Springfield Gardens (North)-Rochdale Village", "comp_year": 2015.0, "ntaname.y": null, "units": 0.0, "units_cum": 0.0, "city_units": 7562.0, "city_units_cum": 12441.0 }, "geometry": { "type": "Point", "coordinates": [ -73.772052900828797, 40.673330632052178 ] } },
{ "type": "Feature", "properties": { "nta2020": "QN1204", "ntaname.x": "Springfield Gardens (North)-Rochdale Village", "comp_year": 2016.0, "ntaname.y": "Springfield Gardens (North)-Rochdale Village", "units": 54.0, "units_cum": 54.0, "city_units": 15015.0, "city_units_cum": 27456.0 }, "geometry": { "type": "Point", "coordinates": [ -73.772052900828797, 40.673330632052178 ] } },
{ "type": "Feature", "properties": { "nta2020": "QN1204", "ntaname.x": "Springfield Gardens (North)-Rochdale Village", "comp_year": 2017.0, "ntaname.y": null, "units": 0.0, "units_cum": 54.0, "city_units": 25343.0, "city_units_cum": 52799.0 }, "geometry": { "type": "Point", "coordinates": [ -73.772052900828797, 40.673330632052178 ] } },
{ "type": "Feature", "properties": { "nta2020": "QN1204", "ntaname.x": "Springfield Gardens (North)-Rochdale Village", "comp_year": 2018.0, "ntaname.y": "Springfield Gardens (North)-Rochdale Village", "units": 86.0, "units_cum": 140.0, "city_units": 33764.0, "city_units_cum": 86563.0 }, "geometry": { "type": "Point", "coordinates": [ -73.772052900828797, 40.673330632052178 ] } },
{ "type": "Feature", "properties": { "nta2020": "QN1204", "ntaname.x": "Springfield Gardens (North)-Rochdale Village", "comp_year": 2019.0, "ntaname.y": null, "units": 0.0, "units_cum": 140.0, "city_units": 29408.0, "city_units_cum": 115971.0 }, "geometry": { "type": "Point", "coordinates": [ -73.772052900828797, 40.673330632052178 ] } },
{ "type": "Feature", "properties": { "nta2020": "QN1204", "ntaname.x": "Springfield Gardens (North)-Rochdale Village", "comp_year": 2020.0, "ntaname.y": "Springfield Gardens (North)-Rochdale Village", "units": 159.0, "units_cum": 299.0, "city_units": 18916.0, "city_units_cum": 134887.0 }, "geometry": { "type": "Point", "coordinates": [ -73.772052900828797, 40.673330632052178 ] } },
{ "type": "Feature", "properties": { "nta2020": "QN1204", "ntaname.x": "Springfield Gardens (North)-Rochdale Village", "comp_year": 2021.0, "ntaname.y": null, "units": 0.0, "units_cum": 299.0, "city_units": 20786.0, "city_units_cum": 155673.0 }, "geometry": { "type": "Point", "coordinates": [ -73.772052900828797, 40.673330632052178 ] } },
{ "type": "Feature", "properties": { "nta2020": "QN1204", "ntaname.x": "Springfield Gardens (North)-Rochdale Village", "comp_year": 2022.0, "ntaname.y": null, "units": 0.0, "units_cum": 299.0, "city_units": 19919.0, "city_units_cum": 175592.0 }, "geometry": { "type": "Point", "coordinates": [ -73.772052900828797, 40.673330632052178 ] } },
{ "type": "Feature", "properties": { "nta2020": "QN1204", "ntaname.x": "Springfield Gardens (North)-Rochdale Village", "comp_year": 2023.0, "ntaname.y": null, "units": 0.0, "units_cum": 299.0, "city_units": 35384.0, "city_units_cum": 210976.0 }, "geometry": { "type": "Point", "coordinates": [ -73.772052900828797, 40.673330632052178 ] } },
{ "type": "Feature", "properties": { "nta2020": "QN1204", "ntaname.x": "Springfield Gardens (North)-Rochdale Village", "comp_year": 2024.0, "ntaname.y": "Springfield Gardens (North)-Rochdale Village", "units": 8.0, "units_cum": 307.0, "city_units": 49047.0, "city_units_cum": 260023.0 }, "geometry": { "type": "Point", "coordinates": [ -73.772052900828797, 40.673330632052178 ] } },
{ "type": "Feature", "properties": { "nta2020": "QN1204", "ntaname.x": "Springfield Gardens (North)-Rochdale Village", "comp_year": 2025.0, "ntaname.y": "Springfield Gardens (North)-Rochdale Village", "units": 16.0, "units_cum": 323.0, "city_units": 16734.0, "city_units_cum": 276757.0 }, "geometry": { "type": "Point", "coordinates": [ -73.772052900828797, 40.673330632052178 ] } },
{ "type": "Feature", "properties": { "nta2020": "QN1205", "ntaname.x": "St. Albans", "comp_year": 2014.0, "ntaname.y": null, "units": 0.0, "units_cum": 0.0, "city_units": 4879.0, "city_units_cum": 4879.0 }, "geometry": { "type": "Point", "coordinates": [ -73.762221214378002, 40.693238413791143 ] } },
{ "type": "Feature", "properties": { "nta2020": "QN1205", "ntaname.x": "St. Albans", "comp_year": 2015.0, "ntaname.y": null, "units": 0.0, "units_cum": 0.0, "city_units": 7562.0, "city_units_cum": 12441.0 }, "geometry": { "type": "Point", "coordinates": [ -73.762221214378002, 40.693238413791143 ] } },
{ "type": "Feature", "properties": { "nta2020": "QN1205", "ntaname.x": "St. Albans", "comp_year": 2016.0, "ntaname.y": "St. Albans", "units": 1.0, "units_cum": 1.0, "city_units": 15015.0, "city_units_cum": 27456.0 }, "geometry": { "type": "Point", "coordinates": [ -73.762221214378002, 40.693238413791143 ] } },
{ "type": "Feature", "properties": { "nta2020": "QN1205", "ntaname.x": "St. Albans", "comp_year": 2017.0, "ntaname.y": "St. Albans", "units": 129.0, "units_cum": 130.0, "city_units": 25343.0, "city_units_cum": 52799.0 }, "geometry": { "type": "Point", "coordinates": [ -73.762221214378002, 40.693238413791143 ] } },
{ "type": "Feature", "properties": { "nta2020": "QN1205", "ntaname.x": "St. Albans", "comp_year": 2018.0, "ntaname.y": "St. Albans", "units": 77.0, "units_cum": 207.0, "city_units": 33764.0, "city_units_cum": 86563.0 }, "geometry": { "type": "Point", "coordinates": [ -73.762221214378002, 40.693238413791143 ] } },
{ "type": "Feature", "properties": { "nta2020": "QN1205", "ntaname.x": "St. Albans", "comp_year": 2019.0, "ntaname.y": null, "units": 0.0, "units_cum": 207.0, "city_units": 29408.0, "city_units_cum": 115971.0 }, "geometry": { "type": "Point", "coordinates": [ -73.762221214378002, 40.693238413791143 ] } },
{ "type": "Feature", "properties": { "nta2020": "QN1205", "ntaname.x": "St. Albans", "comp_year": 2020.0, "ntaname.y": null, "units": 0.0, "units_cum": 207.0, "city_units": 18916.0, "city_units_cum": 134887.0 }, "geometry": { "type": "Point", "coordinates": [ -73.762221214378002, 40.693238413791143 ] } },
{ "type": "Feature", "properties": { "nta2020": "QN1205", "ntaname.x": "St. Albans", "comp_year": 2021.0, "ntaname.y": null, "units": 0.0, "units_cum": 207.0, "city_units": 20786.0, "city_units_cum": 155673.0 }, "geometry": { "type": "Point", "coordinates": [ -73.762221214378002, 40.693238413791143 ] } },
{ "type": "Feature", "properties": { "nta2020": "QN1205", "ntaname.x": "St. Albans", "comp_year": 2022.0, "ntaname.y": null, "units": 0.0, "units_cum": 207.0, "city_units": 19919.0, "city_units_cum": 175592.0 }, "geometry": { "type": "Point", "coordinates": [ -73.762221214378002, 40.693238413791143 ] } },
{ "type": "Feature", "properties": { "nta2020": "QN1205", "ntaname.x": "St. Albans", "comp_year": 2023.0, "ntaname.y": null, "units": 0.0, "units_cum": 207.0, "city_units": 35384.0, "city_units_cum": 210976.0 }, "geometry": { "type": "Point", "coordinates": [ -73.762221214378002, 40.693238413791143 ] } },
{ "type": "Feature", "properties": { "nta2020": "QN1205", "ntaname.x": "St. Albans", "comp_year": 2024.0, "ntaname.y": null, "units": 0.0, "units_cum": 207.0, "city_units": 49047.0, "city_units_cum": 260023.0 }, "geometry": { "type": "Point", "coordinates": [ -73.762221214378002, 40.693238413791143 ] } },
{ "type": "Feature", "properties": { "nta2020": "QN1205", "ntaname.x": "St. Albans", "comp_year": 2025.0, "ntaname.y": null, "units": 0.0, "units_cum": 207.0, "city_units": 16734.0, "city_units_cum": 276757.0 }, "geometry": { "type": "Point", "coordinates": [ -73.762221214378002, 40.693238413791143 ] } },
{ "type": "Feature", "properties": { "nta2020": "QN1206", "ntaname.x": "Hollis", "comp_year": 2014.0, "ntaname.y": null, "units": 0.0, "units_cum": 0.0, "city_units": 4879.0, "city_units_cum": 4879.0 }, "geometry": { "type": "Point", "coordinates": [ -73.762112722743481, 40.711864710888484 ] } },
{ "type": "Feature", "properties": { "nta2020": "QN1206", "ntaname.x": "Hollis", "comp_year": 2015.0, "ntaname.y": null, "units": 0.0, "units_cum": 0.0, "city_units": 7562.0, "city_units_cum": 12441.0 }, "geometry": { "type": "Point", "coordinates": [ -73.762112722743481, 40.711864710888484 ] } },
{ "type": "Feature", "properties": { "nta2020": "QN1206", "ntaname.x": "Hollis", "comp_year": 2016.0, "ntaname.y": "Hollis", "units": 1.0, "units_cum": 1.0, "city_units": 15015.0, "city_units_cum": 27456.0 }, "geometry": { "type": "Point", "coordinates": [ -73.762112722743481, 40.711864710888484 ] } },
{ "type": "Feature", "properties": { "nta2020": "QN1206", "ntaname.x": "Hollis", "comp_year": 2017.0, "ntaname.y": null, "units": 0.0, "units_cum": 1.0, "city_units": 25343.0, "city_units_cum": 52799.0 }, "geometry": { "type": "Point", "coordinates": [ -73.762112722743481, 40.711864710888484 ] } },
{ "type": "Feature", "properties": { "nta2020": "QN1206", "ntaname.x": "Hollis", "comp_year": 2018.0, "ntaname.y": "Hollis", "units": 1.0, "units_cum": 2.0, "city_units": 33764.0, "city_units_cum": 86563.0 }, "geometry": { "type": "Point", "coordinates": [ -73.762112722743481, 40.711864710888484 ] } },
{ "type": "Feature", "properties": { "nta2020": "QN1206", "ntaname.x": "Hollis", "comp_year": 2019.0, "ntaname.y": null, "units": 0.0, "units_cum": 2.0, "city_units": 29408.0, "city_units_cum": 115971.0 }, "geometry": { "type": "Point", "coordinates": [ -73.762112722743481, 40.711864710888484 ] } },
{ "type": "Feature", "properties": { "nta2020": "QN1206", "ntaname.x": "Hollis", "comp_year": 2020.0, "ntaname.y": null, "units": 0.0, "units_cum": 2.0, "city_units": 18916.0, "city_units_cum": 134887.0 }, "geometry": { "type": "Point", "coordinates": [ -73.762112722743481, 40.711864710888484 ] } },
{ "type": "Feature", "properties": { "nta2020": "QN1206", "ntaname.x": "Hollis", "comp_year": 2021.0, "ntaname.y": null, "units": 0.0, "units_cum": 2.0, "city_units": 20786.0, "city_units_cum": 155673.0 }, "geometry": { "type": "Point", "coordinates": [ -73.762112722743481, 40.711864710888484 ] } },
{ "type": "Feature", "properties": { "nta2020": "QN1206", "ntaname.x": "Hollis", "comp_year": 2022.0, "ntaname.y": null, "units": 0.0, "units_cum": 2.0, "city_units": 19919.0, "city_units_cum": 175592.0 }, "geometry": { "type": "Point", "coordinates": [ -73.762112722743481, 40.711864710888484 ] } },
{ "type": "Feature", "properties": { "nta2020": "QN1206", "ntaname.x": "Hollis", "comp_year": 2023.0, "ntaname.y": null, "units": 0.0, "units_cum": 2.0, "city_units": 35384.0, "city_units_cum": 210976.0 }, "geometry": { "type": "Point", "coordinates": [ -73.762112722743481, 40.711864710888484 ] } },
{ "type": "Feature", "properties": { "nta2020": "QN1206", "ntaname.x": "Hollis", "comp_year": 2024.0, "ntaname.y": null, "units": 0.0, "units_cum": 2.0, "city_units": 49047.0, "city_units_cum": 260023.0 }, "geometry": { "type": "Point", "coordinates": [ -73.762112722743481, 40.711864710888484 ] } },
{ "type": "Feature", "properties": { "nta2020": "QN1206", "ntaname.x": "Hollis", "comp_year": 2025.0, "ntaname.y": null, "units": 0.0, "units_cum": 2.0, "city_units": 16734.0, "city_units_cum": 276757.0 }, "geometry": { "type": "Point", "coordinates": [ -73.762112722743481, 40.711864710888484 ] } },
{ "type": "Feature", "properties": { "nta2020": "QN1301", "ntaname.x": "Glen Oaks-Floral Park-New Hyde Park", "comp_year": null, "ntaname.y": null, "units": null, "units_cum": null, "city_units": null, "city_units_cum": null }, "geometry": { "type": "Point", "coordinates": [ -73.710961191039459, 40.745950591061394 ] } },
{ "type": "Feature", "properties": { "nta2020": "QN1302", "ntaname.x": "Bellerose", "comp_year": null, "ntaname.y": null, "units": null, "units_cum": null, "city_units": null, "city_units_cum": null }, "geometry": { "type": "Point", "coordinates": [ -73.726691572643219, 40.735492047417388 ] } },
{ "type": "Feature", "properties": { "nta2020": "QN1303", "ntaname.x": "Queens Village", "comp_year": 2014.0, "ntaname.y": null, "units": 0.0, "units_cum": 0.0, "city_units": 4879.0, "city_units_cum": 4879.0 }, "geometry": { "type": "Point", "coordinates": [ -73.741754311820429, 40.716082268854407 ] } },
{ "type": "Feature", "properties": { "nta2020": "QN1303", "ntaname.x": "Queens Village", "comp_year": 2015.0, "ntaname.y": null, "units": 0.0, "units_cum": 0.0, "city_units": 7562.0, "city_units_cum": 12441.0 }, "geometry": { "type": "Point", "coordinates": [ -73.741754311820429, 40.716082268854407 ] } },
{ "type": "Feature", "properties": { "nta2020": "QN1303", "ntaname.x": "Queens Village", "comp_year": 2016.0, "ntaname.y": "Queens Village", "units": 3.0, "units_cum": 3.0, "city_units": 15015.0, "city_units_cum": 27456.0 }, "geometry": { "type": "Point", "coordinates": [ -73.741754311820429, 40.716082268854407 ] } },
{ "type": "Feature", "properties": { "nta2020": "QN1303", "ntaname.x": "Queens Village", "comp_year": 2017.0, "ntaname.y": null, "units": 0.0, "units_cum": 3.0, "city_units": 25343.0, "city_units_cum": 52799.0 }, "geometry": { "type": "Point", "coordinates": [ -73.741754311820429, 40.716082268854407 ] } },
{ "type": "Feature", "properties": { "nta2020": "QN1303", "ntaname.x": "Queens Village", "comp_year": 2018.0, "ntaname.y": "Queens Village", "units": 3.0, "units_cum": 6.0, "city_units": 33764.0, "city_units_cum": 86563.0 }, "geometry": { "type": "Point", "coordinates": [ -73.741754311820429, 40.716082268854407 ] } },
{ "type": "Feature", "properties": { "nta2020": "QN1303", "ntaname.x": "Queens Village", "comp_year": 2019.0, "ntaname.y": null, "units": 0.0, "units_cum": 6.0, "city_units": 29408.0, "city_units_cum": 115971.0 }, "geometry": { "type": "Point", "coordinates": [ -73.741754311820429, 40.716082268854407 ] } },
{ "type": "Feature", "properties": { "nta2020": "QN1303", "ntaname.x": "Queens Village", "comp_year": 2020.0, "ntaname.y": null, "units": 0.0, "units_cum": 6.0, "city_units": 18916.0, "city_units_cum": 134887.0 }, "geometry": { "type": "Point", "coordinates": [ -73.741754311820429, 40.716082268854407 ] } },
{ "type": "Feature", "properties": { "nta2020": "QN1303", "ntaname.x": "Queens Village", "comp_year": 2021.0, "ntaname.y": null, "units": 0.0, "units_cum": 6.0, "city_units": 20786.0, "city_units_cum": 155673.0 }, "geometry": { "type": "Point", "coordinates": [ -73.741754311820429, 40.716082268854407 ] } },
{ "type": "Feature", "properties": { "nta2020": "QN1303", "ntaname.x": "Queens Village", "comp_year": 2022.0, "ntaname.y": null, "units": 0.0, "units_cum": 6.0, "city_units": 19919.0, "city_units_cum": 175592.0 }, "geometry": { "type": "Point", "coordinates": [ -73.741754311820429, 40.716082268854407 ] } },
{ "type": "Feature", "properties": { "nta2020": "QN1303", "ntaname.x": "Queens Village", "comp_year": 2023.0, "ntaname.y": null, "units": 0.0, "units_cum": 6.0, "city_units": 35384.0, "city_units_cum": 210976.0 }, "geometry": { "type": "Point", "coordinates": [ -73.741754311820429, 40.716082268854407 ] } },
{ "type": "Feature", "properties": { "nta2020": "QN1303", "ntaname.x": "Queens Village", "comp_year": 2024.0, "ntaname.y": null, "units": 0.0, "units_cum": 6.0, "city_units": 49047.0, "city_units_cum": 260023.0 }, "geometry": { "type": "Point", "coordinates": [ -73.741754311820429, 40.716082268854407 ] } },
{ "type": "Feature", "properties": { "nta2020": "QN1303", "ntaname.x": "Queens Village", "comp_year": 2025.0, "ntaname.y": null, "units": 0.0, "units_cum": 6.0, "city_units": 16734.0, "city_units_cum": 276757.0 }, "geometry": { "type": "Point", "coordinates": [ -73.741754311820429, 40.716082268854407 ] } },
{ "type": "Feature", "properties": { "nta2020": "QN1304", "ntaname.x": "Cambria Heights", "comp_year": 2014.0, "ntaname.y": null, "units": 0.0, "units_cum": 0.0, "city_units": 4879.0, "city_units_cum": 4879.0 }, "geometry": { "type": "Point", "coordinates": [ -73.735552820124482, 40.694341719943871 ] } },
{ "type": "Feature", "properties": { "nta2020": "QN1304", "ntaname.x": "Cambria Heights", "comp_year": 2015.0, "ntaname.y": null, "units": 0.0, "units_cum": 0.0, "city_units": 7562.0, "city_units_cum": 12441.0 }, "geometry": { "type": "Point", "coordinates": [ -73.735552820124482, 40.694341719943871 ] } },
{ "type": "Feature", "properties": { "nta2020": "QN1304", "ntaname.x": "Cambria Heights", "comp_year": 2016.0, "ntaname.y": "Cambria Heights", "units": 1.0, "units_cum": 1.0, "city_units": 15015.0, "city_units_cum": 27456.0 }, "geometry": { "type": "Point", "coordinates": [ -73.735552820124482, 40.694341719943871 ] } },
{ "type": "Feature", "properties": { "nta2020": "QN1304", "ntaname.x": "Cambria Heights", "comp_year": 2017.0, "ntaname.y": null, "units": 0.0, "units_cum": 1.0, "city_units": 25343.0, "city_units_cum": 52799.0 }, "geometry": { "type": "Point", "coordinates": [ -73.735552820124482, 40.694341719943871 ] } },
{ "type": "Feature", "properties": { "nta2020": "QN1304", "ntaname.x": "Cambria Heights", "comp_year": 2018.0, "ntaname.y": null, "units": 0.0, "units_cum": 1.0, "city_units": 33764.0, "city_units_cum": 86563.0 }, "geometry": { "type": "Point", "coordinates": [ -73.735552820124482, 40.694341719943871 ] } },
{ "type": "Feature", "properties": { "nta2020": "QN1304", "ntaname.x": "Cambria Heights", "comp_year": 2019.0, "ntaname.y": null, "units": 0.0, "units_cum": 1.0, "city_units": 29408.0, "city_units_cum": 115971.0 }, "geometry": { "type": "Point", "coordinates": [ -73.735552820124482, 40.694341719943871 ] } },
{ "type": "Feature", "properties": { "nta2020": "QN1304", "ntaname.x": "Cambria Heights", "comp_year": 2020.0, "ntaname.y": null, "units": 0.0, "units_cum": 1.0, "city_units": 18916.0, "city_units_cum": 134887.0 }, "geometry": { "type": "Point", "coordinates": [ -73.735552820124482, 40.694341719943871 ] } },
{ "type": "Feature", "properties": { "nta2020": "QN1304", "ntaname.x": "Cambria Heights", "comp_year": 2021.0, "ntaname.y": null, "units": 0.0, "units_cum": 1.0, "city_units": 20786.0, "city_units_cum": 155673.0 }, "geometry": { "type": "Point", "coordinates": [ -73.735552820124482, 40.694341719943871 ] } },
{ "type": "Feature", "properties": { "nta2020": "QN1304", "ntaname.x": "Cambria Heights", "comp_year": 2022.0, "ntaname.y": null, "units": 0.0, "units_cum": 1.0, "city_units": 19919.0, "city_units_cum": 175592.0 }, "geometry": { "type": "Point", "coordinates": [ -73.735552820124482, 40.694341719943871 ] } },
{ "type": "Feature", "properties": { "nta2020": "QN1304", "ntaname.x": "Cambria Heights", "comp_year": 2023.0, "ntaname.y": null, "units": 0.0, "units_cum": 1.0, "city_units": 35384.0, "city_units_cum": 210976.0 }, "geometry": { "type": "Point", "coordinates": [ -73.735552820124482, 40.694341719943871 ] } },
{ "type": "Feature", "properties": { "nta2020": "QN1304", "ntaname.x": "Cambria Heights", "comp_year": 2024.0, "ntaname.y": null, "units": 0.0, "units_cum": 1.0, "city_units": 49047.0, "city_units_cum": 260023.0 }, "geometry": { "type": "Point", "coordinates": [ -73.735552820124482, 40.694341719943871 ] } },
{ "type": "Feature", "properties": { "nta2020": "QN1304", "ntaname.x": "Cambria Heights", "comp_year": 2025.0, "ntaname.y": null, "units": 0.0, "units_cum": 1.0, "city_units": 16734.0, "city_units_cum": 276757.0 }, "geometry": { "type": "Point", "coordinates": [ -73.735552820124482, 40.694341719943871 ] } },
{ "type": "Feature", "properties": { "nta2020": "QN1305", "ntaname.x": "Laurelton", "comp_year": 2014.0, "ntaname.y": null, "units": 0.0, "units_cum": 0.0, "city_units": 4879.0, "city_units_cum": 4879.0 }, "geometry": { "type": "Point", "coordinates": [ -73.744505175709321, 40.675913176792825 ] } },
{ "type": "Feature", "properties": { "nta2020": "QN1305", "ntaname.x": "Laurelton", "comp_year": 2015.0, "ntaname.y": null, "units": 0.0, "units_cum": 0.0, "city_units": 7562.0, "city_units_cum": 12441.0 }, "geometry": { "type": "Point", "coordinates": [ -73.744505175709321, 40.675913176792825 ] } },
{ "type": "Feature", "properties": { "nta2020": "QN1305", "ntaname.x": "Laurelton", "comp_year": 2016.0, "ntaname.y": "Laurelton", "units": 4.0, "units_cum": 4.0, "city_units": 15015.0, "city_units_cum": 27456.0 }, "geometry": { "type": "Point", "coordinates": [ -73.744505175709321, 40.675913176792825 ] } },
{ "type": "Feature", "properties": { "nta2020": "QN1305", "ntaname.x": "Laurelton", "comp_year": 2017.0, "ntaname.y": null, "units": 0.0, "units_cum": 4.0, "city_units": 25343.0, "city_units_cum": 52799.0 }, "geometry": { "type": "Point", "coordinates": [ -73.744505175709321, 40.675913176792825 ] } },
{ "type": "Feature", "properties": { "nta2020": "QN1305", "ntaname.x": "Laurelton", "comp_year": 2018.0, "ntaname.y": "Laurelton", "units": 1.0, "units_cum": 5.0, "city_units": 33764.0, "city_units_cum": 86563.0 }, "geometry": { "type": "Point", "coordinates": [ -73.744505175709321, 40.675913176792825 ] } },
{ "type": "Feature", "properties": { "nta2020": "QN1305", "ntaname.x": "Laurelton", "comp_year": 2019.0, "ntaname.y": null, "units": 0.0, "units_cum": 5.0, "city_units": 29408.0, "city_units_cum": 115971.0 }, "geometry": { "type": "Point", "coordinates": [ -73.744505175709321, 40.675913176792825 ] } },
{ "type": "Feature", "properties": { "nta2020": "QN1305", "ntaname.x": "Laurelton", "comp_year": 2020.0, "ntaname.y": null, "units": 0.0, "units_cum": 5.0, "city_units": 18916.0, "city_units_cum": 134887.0 }, "geometry": { "type": "Point", "coordinates": [ -73.744505175709321, 40.675913176792825 ] } },
{ "type": "Feature", "properties": { "nta2020": "QN1305", "ntaname.x": "Laurelton", "comp_year": 2021.0, "ntaname.y": null, "units": 0.0, "units_cum": 5.0, "city_units": 20786.0, "city_units_cum": 155673.0 }, "geometry": { "type": "Point", "coordinates": [ -73.744505175709321, 40.675913176792825 ] } },
{ "type": "Feature", "properties": { "nta2020": "QN1305", "ntaname.x": "Laurelton", "comp_year": 2022.0, "ntaname.y": null, "units": 0.0, "units_cum": 5.0, "city_units": 19919.0, "city_units_cum": 175592.0 }, "geometry": { "type": "Point", "coordinates": [ -73.744505175709321, 40.675913176792825 ] } },
{ "type": "Feature", "properties": { "nta2020": "QN1305", "ntaname.x": "Laurelton", "comp_year": 2023.0, "ntaname.y": null, "units": 0.0, "units_cum": 5.0, "city_units": 35384.0, "city_units_cum": 210976.0 }, "geometry": { "type": "Point", "coordinates": [ -73.744505175709321, 40.675913176792825 ] } },
{ "type": "Feature", "properties": { "nta2020": "QN1305", "ntaname.x": "Laurelton", "comp_year": 2024.0, "ntaname.y": null, "units": 0.0, "units_cum": 5.0, "city_units": 49047.0, "city_units_cum": 260023.0 }, "geometry": { "type": "Point", "coordinates": [ -73.744505175709321, 40.675913176792825 ] } },
{ "type": "Feature", "properties": { "nta2020": "QN1305", "ntaname.x": "Laurelton", "comp_year": 2025.0, "ntaname.y": null, "units": 0.0, "units_cum": 5.0, "city_units": 16734.0, "city_units_cum": 276757.0 }, "geometry": { "type": "Point", "coordinates": [ -73.744505175709321, 40.675913176792825 ] } },
{ "type": "Feature", "properties": { "nta2020": "QN1306", "ntaname.x": "Springfield Gardens (South)-Brookville", "comp_year": 2014.0, "ntaname.y": null, "units": 0.0, "units_cum": 0.0, "city_units": 4879.0, "city_units_cum": 4879.0 }, "geometry": { "type": "Point", "coordinates": [ -73.761479673315236, 40.660167043588288 ] } },
{ "type": "Feature", "properties": { "nta2020": "QN1306", "ntaname.x": "Springfield Gardens (South)-Brookville", "comp_year": 2015.0, "ntaname.y": null, "units": 0.0, "units_cum": 0.0, "city_units": 7562.0, "city_units_cum": 12441.0 }, "geometry": { "type": "Point", "coordinates": [ -73.761479673315236, 40.660167043588288 ] } },
{ "type": "Feature", "properties": { "nta2020": "QN1306", "ntaname.x": "Springfield Gardens (South)-Brookville", "comp_year": 2016.0, "ntaname.y": null, "units": 0.0, "units_cum": 0.0, "city_units": 15015.0, "city_units_cum": 27456.0 }, "geometry": { "type": "Point", "coordinates": [ -73.761479673315236, 40.660167043588288 ] } },
{ "type": "Feature", "properties": { "nta2020": "QN1306", "ntaname.x": "Springfield Gardens (South)-Brookville", "comp_year": 2017.0, "ntaname.y": null, "units": 0.0, "units_cum": 0.0, "city_units": 25343.0, "city_units_cum": 52799.0 }, "geometry": { "type": "Point", "coordinates": [ -73.761479673315236, 40.660167043588288 ] } },
{ "type": "Feature", "properties": { "nta2020": "QN1306", "ntaname.x": "Springfield Gardens (South)-Brookville", "comp_year": 2018.0, "ntaname.y": "Springfield Gardens (South)-Brookville", "units": 1.0, "units_cum": 1.0, "city_units": 33764.0, "city_units_cum": 86563.0 }, "geometry": { "type": "Point", "coordinates": [ -73.761479673315236, 40.660167043588288 ] } },
{ "type": "Feature", "properties": { "nta2020": "QN1306", "ntaname.x": "Springfield Gardens (South)-Brookville", "comp_year": 2019.0, "ntaname.y": null, "units": 0.0, "units_cum": 1.0, "city_units": 29408.0, "city_units_cum": 115971.0 }, "geometry": { "type": "Point", "coordinates": [ -73.761479673315236, 40.660167043588288 ] } },
{ "type": "Feature", "properties": { "nta2020": "QN1306", "ntaname.x": "Springfield Gardens (South)-Brookville", "comp_year": 2020.0, "ntaname.y": null, "units": 0.0, "units_cum": 1.0, "city_units": 18916.0, "city_units_cum": 134887.0 }, "geometry": { "type": "Point", "coordinates": [ -73.761479673315236, 40.660167043588288 ] } },
{ "type": "Feature", "properties": { "nta2020": "QN1306", "ntaname.x": "Springfield Gardens (South)-Brookville", "comp_year": 2021.0, "ntaname.y": null, "units": 0.0, "units_cum": 1.0, "city_units": 20786.0, "city_units_cum": 155673.0 }, "geometry": { "type": "Point", "coordinates": [ -73.761479673315236, 40.660167043588288 ] } },
{ "type": "Feature", "properties": { "nta2020": "QN1306", "ntaname.x": "Springfield Gardens (South)-Brookville", "comp_year": 2022.0, "ntaname.y": null, "units": 0.0, "units_cum": 1.0, "city_units": 19919.0, "city_units_cum": 175592.0 }, "geometry": { "type": "Point", "coordinates": [ -73.761479673315236, 40.660167043588288 ] } },
{ "type": "Feature", "properties": { "nta2020": "QN1306", "ntaname.x": "Springfield Gardens (South)-Brookville", "comp_year": 2023.0, "ntaname.y": null, "units": 0.0, "units_cum": 1.0, "city_units": 35384.0, "city_units_cum": 210976.0 }, "geometry": { "type": "Point", "coordinates": [ -73.761479673315236, 40.660167043588288 ] } },
{ "type": "Feature", "properties": { "nta2020": "QN1306", "ntaname.x": "Springfield Gardens (South)-Brookville", "comp_year": 2024.0, "ntaname.y": null, "units": 0.0, "units_cum": 1.0, "city_units": 49047.0, "city_units_cum": 260023.0 }, "geometry": { "type": "Point", "coordinates": [ -73.761479673315236, 40.660167043588288 ] } },
{ "type": "Feature", "properties": { "nta2020": "QN1306", "ntaname.x": "Springfield Gardens (South)-Brookville", "comp_year": 2025.0, "ntaname.y": null, "units": 0.0, "units_cum": 1.0, "city_units": 16734.0, "city_units_cum": 276757.0 }, "geometry": { "type": "Point", "coordinates": [ -73.761479673315236, 40.660167043588288 ] } },
{ "type": "Feature", "properties": { "nta2020": "QN1307", "ntaname.x": "Rosedale", "comp_year": 2014.0, "ntaname.y": null, "units": 0.0, "units_cum": 0.0, "city_units": 4879.0, "city_units_cum": 4879.0 }, "geometry": { "type": "Point", "coordinates": [ -73.735660645955519, 40.659048652917143 ] } },
{ "type": "Feature", "properties": { "nta2020": "QN1307", "ntaname.x": "Rosedale", "comp_year": 2015.0, "ntaname.y": null, "units": 0.0, "units_cum": 0.0, "city_units": 7562.0, "city_units_cum": 12441.0 }, "geometry": { "type": "Point", "coordinates": [ -73.735660645955519, 40.659048652917143 ] } },
{ "type": "Feature", "properties": { "nta2020": "QN1307", "ntaname.x": "Rosedale", "comp_year": 2016.0, "ntaname.y": "Rosedale", "units": 1.0, "units_cum": 1.0, "city_units": 15015.0, "city_units_cum": 27456.0 }, "geometry": { "type": "Point", "coordinates": [ -73.735660645955519, 40.659048652917143 ] } },
{ "type": "Feature", "properties": { "nta2020": "QN1307", "ntaname.x": "Rosedale", "comp_year": 2017.0, "ntaname.y": null, "units": 0.0, "units_cum": 1.0, "city_units": 25343.0, "city_units_cum": 52799.0 }, "geometry": { "type": "Point", "coordinates": [ -73.735660645955519, 40.659048652917143 ] } },
{ "type": "Feature", "properties": { "nta2020": "QN1307", "ntaname.x": "Rosedale", "comp_year": 2018.0, "ntaname.y": null, "units": 0.0, "units_cum": 1.0, "city_units": 33764.0, "city_units_cum": 86563.0 }, "geometry": { "type": "Point", "coordinates": [ -73.735660645955519, 40.659048652917143 ] } },
{ "type": "Feature", "properties": { "nta2020": "QN1307", "ntaname.x": "Rosedale", "comp_year": 2019.0, "ntaname.y": null, "units": 0.0, "units_cum": 1.0, "city_units": 29408.0, "city_units_cum": 115971.0 }, "geometry": { "type": "Point", "coordinates": [ -73.735660645955519, 40.659048652917143 ] } },
{ "type": "Feature", "properties": { "nta2020": "QN1307", "ntaname.x": "Rosedale", "comp_year": 2020.0, "ntaname.y": null, "units": 0.0, "units_cum": 1.0, "city_units": 18916.0, "city_units_cum": 134887.0 }, "geometry": { "type": "Point", "coordinates": [ -73.735660645955519, 40.659048652917143 ] } },
{ "type": "Feature", "properties": { "nta2020": "QN1307", "ntaname.x": "Rosedale", "comp_year": 2021.0, "ntaname.y": null, "units": 0.0, "units_cum": 1.0, "city_units": 20786.0, "city_units_cum": 155673.0 }, "geometry": { "type": "Point", "coordinates": [ -73.735660645955519, 40.659048652917143 ] } },
{ "type": "Feature", "properties": { "nta2020": "QN1307", "ntaname.x": "Rosedale", "comp_year": 2022.0, "ntaname.y": null, "units": 0.0, "units_cum": 1.0, "city_units": 19919.0, "city_units_cum": 175592.0 }, "geometry": { "type": "Point", "coordinates": [ -73.735660645955519, 40.659048652917143 ] } },
{ "type": "Feature", "properties": { "nta2020": "QN1307", "ntaname.x": "Rosedale", "comp_year": 2023.0, "ntaname.y": null, "units": 0.0, "units_cum": 1.0, "city_units": 35384.0, "city_units_cum": 210976.0 }, "geometry": { "type": "Point", "coordinates": [ -73.735660645955519, 40.659048652917143 ] } },
{ "type": "Feature", "properties": { "nta2020": "QN1307", "ntaname.x": "Rosedale", "comp_year": 2024.0, "ntaname.y": null, "units": 0.0, "units_cum": 1.0, "city_units": 49047.0, "city_units_cum": 260023.0 }, "geometry": { "type": "Point", "coordinates": [ -73.735660645955519, 40.659048652917143 ] } },
{ "type": "Feature", "properties": { "nta2020": "QN1307", "ntaname.x": "Rosedale", "comp_year": 2025.0, "ntaname.y": null, "units": 0.0, "units_cum": 1.0, "city_units": 16734.0, "city_units_cum": 276757.0 }, "geometry": { "type": "Point", "coordinates": [ -73.735660645955519, 40.659048652917143 ] } },
{ "type": "Feature", "properties": { "nta2020": "QN1371", "ntaname.x": "Montefiore Cemetery", "comp_year": null, "ntaname.y": null, "units": null, "units_cum": null, "city_units": null, "city_units_cum": null }, "geometry": { "type": "Point", "coordinates": [ -73.742044865236537, 40.685804200914163 ] } },
{ "type": "Feature", "properties": { "nta2020": "QN1401", "ntaname.x": "Far Rockaway-Bayswater", "comp_year": 2014.0, "ntaname.y": null, "units": 0.0, "units_cum": 0.0, "city_units": 4879.0, "city_units_cum": 4879.0 }, "geometry": { "type": "Point", "coordinates": [ -73.756552588138703, 40.60169789147092 ] } },
{ "type": "Feature", "properties": { "nta2020": "QN1401", "ntaname.x": "Far Rockaway-Bayswater", "comp_year": 2015.0, "ntaname.y": null, "units": 0.0, "units_cum": 0.0, "city_units": 7562.0, "city_units_cum": 12441.0 }, "geometry": { "type": "Point", "coordinates": [ -73.756552588138703, 40.60169789147092 ] } },
{ "type": "Feature", "properties": { "nta2020": "QN1401", "ntaname.x": "Far Rockaway-Bayswater", "comp_year": 2016.0, "ntaname.y": null, "units": 0.0, "units_cum": 0.0, "city_units": 15015.0, "city_units_cum": 27456.0 }, "geometry": { "type": "Point", "coordinates": [ -73.756552588138703, 40.60169789147092 ] } },
{ "type": "Feature", "properties": { "nta2020": "QN1401", "ntaname.x": "Far Rockaway-Bayswater", "comp_year": 2017.0, "ntaname.y": "Far Rockaway-Bayswater", "units": 917.0, "units_cum": 917.0, "city_units": 25343.0, "city_units_cum": 52799.0 }, "geometry": { "type": "Point", "coordinates": [ -73.756552588138703, 40.60169789147092 ] } },
{ "type": "Feature", "properties": { "nta2020": "QN1401", "ntaname.x": "Far Rockaway-Bayswater", "comp_year": 2018.0, "ntaname.y": "Far Rockaway-Bayswater", "units": 154.0, "units_cum": 1071.0, "city_units": 33764.0, "city_units_cum": 86563.0 }, "geometry": { "type": "Point", "coordinates": [ -73.756552588138703, 40.60169789147092 ] } },
{ "type": "Feature", "properties": { "nta2020": "QN1401", "ntaname.x": "Far Rockaway-Bayswater", "comp_year": 2019.0, "ntaname.y": null, "units": 0.0, "units_cum": 1071.0, "city_units": 29408.0, "city_units_cum": 115971.0 }, "geometry": { "type": "Point", "coordinates": [ -73.756552588138703, 40.60169789147092 ] } },
{ "type": "Feature", "properties": { "nta2020": "QN1401", "ntaname.x": "Far Rockaway-Bayswater", "comp_year": 2020.0, "ntaname.y": null, "units": 0.0, "units_cum": 1071.0, "city_units": 18916.0, "city_units_cum": 134887.0 }, "geometry": { "type": "Point", "coordinates": [ -73.756552588138703, 40.60169789147092 ] } },
{ "type": "Feature", "properties": { "nta2020": "QN1401", "ntaname.x": "Far Rockaway-Bayswater", "comp_year": 2021.0, "ntaname.y": "Far Rockaway-Bayswater", "units": 15.0, "units_cum": 1086.0, "city_units": 20786.0, "city_units_cum": 155673.0 }, "geometry": { "type": "Point", "coordinates": [ -73.756552588138703, 40.60169789147092 ] } },
{ "type": "Feature", "properties": { "nta2020": "QN1401", "ntaname.x": "Far Rockaway-Bayswater", "comp_year": 2022.0, "ntaname.y": "Far Rockaway-Bayswater", "units": 105.0, "units_cum": 1191.0, "city_units": 19919.0, "city_units_cum": 175592.0 }, "geometry": { "type": "Point", "coordinates": [ -73.756552588138703, 40.60169789147092 ] } },
{ "type": "Feature", "properties": { "nta2020": "QN1401", "ntaname.x": "Far Rockaway-Bayswater", "comp_year": 2023.0, "ntaname.y": "Far Rockaway-Bayswater", "units": 142.0, "units_cum": 1333.0, "city_units": 35384.0, "city_units_cum": 210976.0 }, "geometry": { "type": "Point", "coordinates": [ -73.756552588138703, 40.60169789147092 ] } },
{ "type": "Feature", "properties": { "nta2020": "QN1401", "ntaname.x": "Far Rockaway-Bayswater", "comp_year": 2024.0, "ntaname.y": "Far Rockaway-Bayswater", "units": 1266.0, "units_cum": 2599.0, "city_units": 49047.0, "city_units_cum": 260023.0 }, "geometry": { "type": "Point", "coordinates": [ -73.756552588138703, 40.60169789147092 ] } },
{ "type": "Feature", "properties": { "nta2020": "QN1401", "ntaname.x": "Far Rockaway-Bayswater", "comp_year": 2025.0, "ntaname.y": "Far Rockaway-Bayswater", "units": 1355.0, "units_cum": 3954.0, "city_units": 16734.0, "city_units_cum": 276757.0 }, "geometry": { "type": "Point", "coordinates": [ -73.756552588138703, 40.60169789147092 ] } },
{ "type": "Feature", "properties": { "nta2020": "QN1402", "ntaname.x": "Rockaway Beach-Arverne-Edgemere", "comp_year": 2014.0, "ntaname.y": null, "units": 0.0, "units_cum": 0.0, "city_units": 4879.0, "city_units_cum": 4879.0 }, "geometry": { "type": "Point", "coordinates": [ -73.796307922829087, 40.591568130474982 ] } },
{ "type": "Feature", "properties": { "nta2020": "QN1402", "ntaname.x": "Rockaway Beach-Arverne-Edgemere", "comp_year": 2015.0, "ntaname.y": null, "units": 0.0, "units_cum": 0.0, "city_units": 7562.0, "city_units_cum": 12441.0 }, "geometry": { "type": "Point", "coordinates": [ -73.796307922829087, 40.591568130474982 ] } },
{ "type": "Feature", "properties": { "nta2020": "QN1402", "ntaname.x": "Rockaway Beach-Arverne-Edgemere", "comp_year": 2016.0, "ntaname.y": "Rockaway Beach-Arverne-Edgemere", "units": 1125.0, "units_cum": 1125.0, "city_units": 15015.0, "city_units_cum": 27456.0 }, "geometry": { "type": "Point", "coordinates": [ -73.796307922829087, 40.591568130474982 ] } },
{ "type": "Feature", "properties": { "nta2020": "QN1402", "ntaname.x": "Rockaway Beach-Arverne-Edgemere", "comp_year": 2017.0, "ntaname.y": "Rockaway Beach-Arverne-Edgemere", "units": 165.0, "units_cum": 1290.0, "city_units": 25343.0, "city_units_cum": 52799.0 }, "geometry": { "type": "Point", "coordinates": [ -73.796307922829087, 40.591568130474982 ] } },
{ "type": "Feature", "properties": { "nta2020": "QN1402", "ntaname.x": "Rockaway Beach-Arverne-Edgemere", "comp_year": 2018.0, "ntaname.y": null, "units": 0.0, "units_cum": 1290.0, "city_units": 33764.0, "city_units_cum": 86563.0 }, "geometry": { "type": "Point", "coordinates": [ -73.796307922829087, 40.591568130474982 ] } },
{ "type": "Feature", "properties": { "nta2020": "QN1402", "ntaname.x": "Rockaway Beach-Arverne-Edgemere", "comp_year": 2019.0, "ntaname.y": "Rockaway Beach-Arverne-Edgemere", "units": 470.0, "units_cum": 1760.0, "city_units": 29408.0, "city_units_cum": 115971.0 }, "geometry": { "type": "Point", "coordinates": [ -73.796307922829087, 40.591568130474982 ] } },
{ "type": "Feature", "properties": { "nta2020": "QN1402", "ntaname.x": "Rockaway Beach-Arverne-Edgemere", "comp_year": 2020.0, "ntaname.y": null, "units": 0.0, "units_cum": 1760.0, "city_units": 18916.0, "city_units_cum": 134887.0 }, "geometry": { "type": "Point", "coordinates": [ -73.796307922829087, 40.591568130474982 ] } },
{ "type": "Feature", "properties": { "nta2020": "QN1402", "ntaname.x": "Rockaway Beach-Arverne-Edgemere", "comp_year": 2021.0, "ntaname.y": "Rockaway Beach-Arverne-Edgemere", "units": 1149.0, "units_cum": 2909.0, "city_units": 20786.0, "city_units_cum": 155673.0 }, "geometry": { "type": "Point", "coordinates": [ -73.796307922829087, 40.591568130474982 ] } },
{ "type": "Feature", "properties": { "nta2020": "QN1402", "ntaname.x": "Rockaway Beach-Arverne-Edgemere", "comp_year": 2022.0, "ntaname.y": null, "units": 0.0, "units_cum": 2909.0, "city_units": 19919.0, "city_units_cum": 175592.0 }, "geometry": { "type": "Point", "coordinates": [ -73.796307922829087, 40.591568130474982 ] } },
{ "type": "Feature", "properties": { "nta2020": "QN1402", "ntaname.x": "Rockaway Beach-Arverne-Edgemere", "comp_year": 2023.0, "ntaname.y": null, "units": 0.0, "units_cum": 2909.0, "city_units": 35384.0, "city_units_cum": 210976.0 }, "geometry": { "type": "Point", "coordinates": [ -73.796307922829087, 40.591568130474982 ] } },
{ "type": "Feature", "properties": { "nta2020": "QN1402", "ntaname.x": "Rockaway Beach-Arverne-Edgemere", "comp_year": 2024.0, "ntaname.y": null, "units": 0.0, "units_cum": 2909.0, "city_units": 49047.0, "city_units_cum": 260023.0 }, "geometry": { "type": "Point", "coordinates": [ -73.796307922829087, 40.591568130474982 ] } },
{ "type": "Feature", "properties": { "nta2020": "QN1402", "ntaname.x": "Rockaway Beach-Arverne-Edgemere", "comp_year": 2025.0, "ntaname.y": null, "units": 0.0, "units_cum": 2909.0, "city_units": 16734.0, "city_units_cum": 276757.0 }, "geometry": { "type": "Point", "coordinates": [ -73.796307922829087, 40.591568130474982 ] } },
{ "type": "Feature", "properties": { "nta2020": "QN1403", "ntaname.x": "Breezy Point-Belle Harbor-Rockaway Park-Broad Channel", "comp_year": 2014.0, "ntaname.y": null, "units": 0.0, "units_cum": 0.0, "city_units": 4879.0, "city_units_cum": 4879.0 }, "geometry": { "type": "Point", "coordinates": [ -73.860555946535783, 40.5781836629181 ] } },
{ "type": "Feature", "properties": { "nta2020": "QN1403", "ntaname.x": "Breezy Point-Belle Harbor-Rockaway Park-Broad Channel", "comp_year": 2015.0, "ntaname.y": null, "units": 0.0, "units_cum": 0.0, "city_units": 7562.0, "city_units_cum": 12441.0 }, "geometry": { "type": "Point", "coordinates": [ -73.860555946535783, 40.5781836629181 ] } },
{ "type": "Feature", "properties": { "nta2020": "QN1403", "ntaname.x": "Breezy Point-Belle Harbor-Rockaway Park-Broad Channel", "comp_year": 2016.0, "ntaname.y": null, "units": 0.0, "units_cum": 0.0, "city_units": 15015.0, "city_units_cum": 27456.0 }, "geometry": { "type": "Point", "coordinates": [ -73.860555946535783, 40.5781836629181 ] } },
{ "type": "Feature", "properties": { "nta2020": "QN1403", "ntaname.x": "Breezy Point-Belle Harbor-Rockaway Park-Broad Channel", "comp_year": 2017.0, "ntaname.y": null, "units": 0.0, "units_cum": 0.0, "city_units": 25343.0, "city_units_cum": 52799.0 }, "geometry": { "type": "Point", "coordinates": [ -73.860555946535783, 40.5781836629181 ] } },
{ "type": "Feature", "properties": { "nta2020": "QN1403", "ntaname.x": "Breezy Point-Belle Harbor-Rockaway Park-Broad Channel", "comp_year": 2018.0, "ntaname.y": null, "units": 0.0, "units_cum": 0.0, "city_units": 33764.0, "city_units_cum": 86563.0 }, "geometry": { "type": "Point", "coordinates": [ -73.860555946535783, 40.5781836629181 ] } },
{ "type": "Feature", "properties": { "nta2020": "QN1403", "ntaname.x": "Breezy Point-Belle Harbor-Rockaway Park-Broad Channel", "comp_year": 2019.0, "ntaname.y": null, "units": 0.0, "units_cum": 0.0, "city_units": 29408.0, "city_units_cum": 115971.0 }, "geometry": { "type": "Point", "coordinates": [ -73.860555946535783, 40.5781836629181 ] } },
{ "type": "Feature", "properties": { "nta2020": "QN1403", "ntaname.x": "Breezy Point-Belle Harbor-Rockaway Park-Broad Channel", "comp_year": 2020.0, "ntaname.y": "Breezy Point-Belle Harbor-Rockaway Park-Broad Channel", "units": 54.0, "units_cum": 54.0, "city_units": 18916.0, "city_units_cum": 134887.0 }, "geometry": { "type": "Point", "coordinates": [ -73.860555946535783, 40.5781836629181 ] } },
{ "type": "Feature", "properties": { "nta2020": "QN1403", "ntaname.x": "Breezy Point-Belle Harbor-Rockaway Park-Broad Channel", "comp_year": 2021.0, "ntaname.y": null, "units": 0.0, "units_cum": 54.0, "city_units": 20786.0, "city_units_cum": 155673.0 }, "geometry": { "type": "Point", "coordinates": [ -73.860555946535783, 40.5781836629181 ] } },
{ "type": "Feature", "properties": { "nta2020": "QN1403", "ntaname.x": "Breezy Point-Belle Harbor-Rockaway Park-Broad Channel", "comp_year": 2022.0, "ntaname.y": null, "units": 0.0, "units_cum": 54.0, "city_units": 19919.0, "city_units_cum": 175592.0 }, "geometry": { "type": "Point", "coordinates": [ -73.860555946535783, 40.5781836629181 ] } },
{ "type": "Feature", "properties": { "nta2020": "QN1403", "ntaname.x": "Breezy Point-Belle Harbor-Rockaway Park-Broad Channel", "comp_year": 2023.0, "ntaname.y": null, "units": 0.0, "units_cum": 54.0, "city_units": 35384.0, "city_units_cum": 210976.0 }, "geometry": { "type": "Point", "coordinates": [ -73.860555946535783, 40.5781836629181 ] } },
{ "type": "Feature", "properties": { "nta2020": "QN1403", "ntaname.x": "Breezy Point-Belle Harbor-Rockaway Park-Broad Channel", "comp_year": 2024.0, "ntaname.y": null, "units": 0.0, "units_cum": 54.0, "city_units": 49047.0, "city_units_cum": 260023.0 }, "geometry": { "type": "Point", "coordinates": [ -73.860555946535783, 40.5781836629181 ] } },
{ "type": "Feature", "properties": { "nta2020": "QN1403", "ntaname.x": "Breezy Point-Belle Harbor-Rockaway Park-Broad Channel", "comp_year": 2025.0, "ntaname.y": null, "units": 0.0, "units_cum": 54.0, "city_units": 16734.0, "city_units_cum": 276757.0 }, "geometry": { "type": "Point", "coordinates": [ -73.860555946535783, 40.5781836629181 ] } },
{ "type": "Feature", "properties": { "nta2020": "QN1491", "ntaname.x": "Rockaway Community Park", "comp_year": null, "ntaname.y": null, "units": null, "units_cum": null, "city_units": null, "city_units_cum": null }, "geometry": { "type": "Point", "coordinates": [ -73.780521749309202, 40.603377523901962 ] } },
{ "type": "Feature", "properties": { "nta2020": "QN8081", "ntaname.x": "LaGuardia Airport", "comp_year": null, "ntaname.y": null, "units": null, "units_cum": null, "city_units": null, "city_units_cum": null }, "geometry": { "type": "Point", "coordinates": [ -73.873255068929936, 40.774407339043428 ] } },
{ "type": "Feature", "properties": { "nta2020": "QN8191", "ntaname.x": "Flushing Meadows-Corona Park", "comp_year": null, "ntaname.y": null, "units": null, "units_cum": null, "city_units": null, "city_units_cum": null }, "geometry": { "type": "Point", "coordinates": [ -73.840770455821314, 40.740545959268921 ] } },
{ "type": "Feature", "properties": { "nta2020": "QN8291", "ntaname.x": "Forest Park", "comp_year": null, "ntaname.y": null, "units": null, "units_cum": null, "city_units": null, "city_units_cum": null }, "geometry": { "type": "Point", "coordinates": [ -73.853461302278959, 40.702076118047124 ] } },
{ "type": "Feature", "properties": { "nta2020": "QN8381", "ntaname.x": "John F. Kennedy International Airport", "comp_year": null, "ntaname.y": null, "units": null, "units_cum": null, "city_units": null, "city_units_cum": null }, "geometry": { "type": "Point", "coordinates": [ -73.786565869979441, 40.646974280810824 ] } },
{ "type": "Feature", "properties": { "nta2020": "QN8491", "ntaname.x": "Jamaica Bay (East)", "comp_year": null, "ntaname.y": null, "units": null, "units_cum": null, "city_units": null, "city_units_cum": null }, "geometry": { "type": "Point", "coordinates": [ -73.813814891155346, 40.61691363420082 ] } },
{ "type": "Feature", "properties": { "nta2020": "QN8492", "ntaname.x": "Jacob Riis Park-Fort Tilden-Breezy Point Tip", "comp_year": null, "ntaname.y": null, "units": null, "units_cum": null, "city_units": null, "city_units_cum": null }, "geometry": { "type": "Point", "coordinates": [ -73.904126790623536, 40.55858310655357 ] } },
{ "type": "Feature", "properties": { "nta2020": "SI0101", "ntaname.x": "St. George-New Brighton", "comp_year": 2014.0, "ntaname.y": null, "units": 0.0, "units_cum": 0.0, "city_units": 4879.0, "city_units_cum": 4879.0 }, "geometry": { "type": "Point", "coordinates": [ -74.085533164679859, 40.642185772735189 ] } },
{ "type": "Feature", "properties": { "nta2020": "SI0101", "ntaname.x": "St. George-New Brighton", "comp_year": 2015.0, "ntaname.y": null, "units": 0.0, "units_cum": 0.0, "city_units": 7562.0, "city_units_cum": 12441.0 }, "geometry": { "type": "Point", "coordinates": [ -74.085533164679859, 40.642185772735189 ] } },
{ "type": "Feature", "properties": { "nta2020": "SI0101", "ntaname.x": "St. George-New Brighton", "comp_year": 2016.0, "ntaname.y": null, "units": 0.0, "units_cum": 0.0, "city_units": 15015.0, "city_units_cum": 27456.0 }, "geometry": { "type": "Point", "coordinates": [ -74.085533164679859, 40.642185772735189 ] } },
{ "type": "Feature", "properties": { "nta2020": "SI0101", "ntaname.x": "St. George-New Brighton", "comp_year": 2017.0, "ntaname.y": null, "units": 0.0, "units_cum": 0.0, "city_units": 25343.0, "city_units_cum": 52799.0 }, "geometry": { "type": "Point", "coordinates": [ -74.085533164679859, 40.642185772735189 ] } },
{ "type": "Feature", "properties": { "nta2020": "SI0101", "ntaname.x": "St. George-New Brighton", "comp_year": 2018.0, "ntaname.y": "St. George-New Brighton", "units": 454.0, "units_cum": 454.0, "city_units": 33764.0, "city_units_cum": 86563.0 }, "geometry": { "type": "Point", "coordinates": [ -74.085533164679859, 40.642185772735189 ] } },
{ "type": "Feature", "properties": { "nta2020": "SI0101", "ntaname.x": "St. George-New Brighton", "comp_year": 2019.0, "ntaname.y": null, "units": 0.0, "units_cum": 454.0, "city_units": 29408.0, "city_units_cum": 115971.0 }, "geometry": { "type": "Point", "coordinates": [ -74.085533164679859, 40.642185772735189 ] } },
{ "type": "Feature", "properties": { "nta2020": "SI0101", "ntaname.x": "St. George-New Brighton", "comp_year": 2020.0, "ntaname.y": "St. George-New Brighton", "units": 122.0, "units_cum": 576.0, "city_units": 18916.0, "city_units_cum": 134887.0 }, "geometry": { "type": "Point", "coordinates": [ -74.085533164679859, 40.642185772735189 ] } },
{ "type": "Feature", "properties": { "nta2020": "SI0101", "ntaname.x": "St. George-New Brighton", "comp_year": 2021.0, "ntaname.y": "St. George-New Brighton", "units": 112.0, "units_cum": 688.0, "city_units": 20786.0, "city_units_cum": 155673.0 }, "geometry": { "type": "Point", "coordinates": [ -74.085533164679859, 40.642185772735189 ] } },
{ "type": "Feature", "properties": { "nta2020": "SI0101", "ntaname.x": "St. George-New Brighton", "comp_year": 2022.0, "ntaname.y": "St. George-New Brighton", "units": 316.0, "units_cum": 1004.0, "city_units": 19919.0, "city_units_cum": 175592.0 }, "geometry": { "type": "Point", "coordinates": [ -74.085533164679859, 40.642185772735189 ] } },
{ "type": "Feature", "properties": { "nta2020": "SI0101", "ntaname.x": "St. George-New Brighton", "comp_year": 2023.0, "ntaname.y": null, "units": 0.0, "units_cum": 1004.0, "city_units": 35384.0, "city_units_cum": 210976.0 }, "geometry": { "type": "Point", "coordinates": [ -74.085533164679859, 40.642185772735189 ] } },
{ "type": "Feature", "properties": { "nta2020": "SI0101", "ntaname.x": "St. George-New Brighton", "comp_year": 2024.0, "ntaname.y": null, "units": 0.0, "units_cum": 1004.0, "city_units": 49047.0, "city_units_cum": 260023.0 }, "geometry": { "type": "Point", "coordinates": [ -74.085533164679859, 40.642185772735189 ] } },
{ "type": "Feature", "properties": { "nta2020": "SI0101", "ntaname.x": "St. George-New Brighton", "comp_year": 2025.0, "ntaname.y": "St. George-New Brighton", "units": 115.0, "units_cum": 1119.0, "city_units": 16734.0, "city_units_cum": 276757.0 }, "geometry": { "type": "Point", "coordinates": [ -74.085533164679859, 40.642185772735189 ] } },
{ "type": "Feature", "properties": { "nta2020": "SI0102", "ntaname.x": "Tompkinsville-Stapleton-Clifton-Fox Hills", "comp_year": 2014.0, "ntaname.y": null, "units": 0.0, "units_cum": 0.0, "city_units": 4879.0, "city_units_cum": 4879.0 }, "geometry": { "type": "Point", "coordinates": [ -74.078836171877143, 40.626103680047706 ] } },
{ "type": "Feature", "properties": { "nta2020": "SI0102", "ntaname.x": "Tompkinsville-Stapleton-Clifton-Fox Hills", "comp_year": 2015.0, "ntaname.y": null, "units": 0.0, "units_cum": 0.0, "city_units": 7562.0, "city_units_cum": 12441.0 }, "geometry": { "type": "Point", "coordinates": [ -74.078836171877143, 40.626103680047706 ] } },
{ "type": "Feature", "properties": { "nta2020": "SI0102", "ntaname.x": "Tompkinsville-Stapleton-Clifton-Fox Hills", "comp_year": 2016.0, "ntaname.y": null, "units": 0.0, "units_cum": 0.0, "city_units": 15015.0, "city_units_cum": 27456.0 }, "geometry": { "type": "Point", "coordinates": [ -74.078836171877143, 40.626103680047706 ] } },
{ "type": "Feature", "properties": { "nta2020": "SI0102", "ntaname.x": "Tompkinsville-Stapleton-Clifton-Fox Hills", "comp_year": 2017.0, "ntaname.y": "Tompkinsville-Stapleton-Clifton-Fox Hills", "units": 57.0, "units_cum": 57.0, "city_units": 25343.0, "city_units_cum": 52799.0 }, "geometry": { "type": "Point", "coordinates": [ -74.078836171877143, 40.626103680047706 ] } },
{ "type": "Feature", "properties": { "nta2020": "SI0102", "ntaname.x": "Tompkinsville-Stapleton-Clifton-Fox Hills", "comp_year": 2018.0, "ntaname.y": null, "units": 0.0, "units_cum": 57.0, "city_units": 33764.0, "city_units_cum": 86563.0 }, "geometry": { "type": "Point", "coordinates": [ -74.078836171877143, 40.626103680047706 ] } },
{ "type": "Feature", "properties": { "nta2020": "SI0102", "ntaname.x": "Tompkinsville-Stapleton-Clifton-Fox Hills", "comp_year": 2019.0, "ntaname.y": null, "units": 0.0, "units_cum": 57.0, "city_units": 29408.0, "city_units_cum": 115971.0 }, "geometry": { "type": "Point", "coordinates": [ -74.078836171877143, 40.626103680047706 ] } },
{ "type": "Feature", "properties": { "nta2020": "SI0102", "ntaname.x": "Tompkinsville-Stapleton-Clifton-Fox Hills", "comp_year": 2020.0, "ntaname.y": "Tompkinsville-Stapleton-Clifton-Fox Hills", "units": 8.0, "units_cum": 65.0, "city_units": 18916.0, "city_units_cum": 134887.0 }, "geometry": { "type": "Point", "coordinates": [ -74.078836171877143, 40.626103680047706 ] } },
{ "type": "Feature", "properties": { "nta2020": "SI0102", "ntaname.x": "Tompkinsville-Stapleton-Clifton-Fox Hills", "comp_year": 2021.0, "ntaname.y": null, "units": 0.0, "units_cum": 65.0, "city_units": 20786.0, "city_units_cum": 155673.0 }, "geometry": { "type": "Point", "coordinates": [ -74.078836171877143, 40.626103680047706 ] } },
{ "type": "Feature", "properties": { "nta2020": "SI0102", "ntaname.x": "Tompkinsville-Stapleton-Clifton-Fox Hills", "comp_year": 2022.0, "ntaname.y": null, "units": 0.0, "units_cum": 65.0, "city_units": 19919.0, "city_units_cum": 175592.0 }, "geometry": { "type": "Point", "coordinates": [ -74.078836171877143, 40.626103680047706 ] } },
{ "type": "Feature", "properties": { "nta2020": "SI0102", "ntaname.x": "Tompkinsville-Stapleton-Clifton-Fox Hills", "comp_year": 2023.0, "ntaname.y": "Tompkinsville-Stapleton-Clifton-Fox Hills", "units": 67.0, "units_cum": 132.0, "city_units": 35384.0, "city_units_cum": 210976.0 }, "geometry": { "type": "Point", "coordinates": [ -74.078836171877143, 40.626103680047706 ] } },
{ "type": "Feature", "properties": { "nta2020": "SI0102", "ntaname.x": "Tompkinsville-Stapleton-Clifton-Fox Hills", "comp_year": 2024.0, "ntaname.y": "Tompkinsville-Stapleton-Clifton-Fox Hills", "units": 10.0, "units_cum": 142.0, "city_units": 49047.0, "city_units_cum": 260023.0 }, "geometry": { "type": "Point", "coordinates": [ -74.078836171877143, 40.626103680047706 ] } },
{ "type": "Feature", "properties": { "nta2020": "SI0102", "ntaname.x": "Tompkinsville-Stapleton-Clifton-Fox Hills", "comp_year": 2025.0, "ntaname.y": null, "units": 0.0, "units_cum": 142.0, "city_units": 16734.0, "city_units_cum": 276757.0 }, "geometry": { "type": "Point", "coordinates": [ -74.078836171877143, 40.626103680047706 ] } },
{ "type": "Feature", "properties": { "nta2020": "SI0103", "ntaname.x": "Rosebank-Shore Acres-Park Hill", "comp_year": 2014.0, "ntaname.y": null, "units": 0.0, "units_cum": 0.0, "city_units": 4879.0, "city_units_cum": 4879.0 }, "geometry": { "type": "Point", "coordinates": [ -74.07276907865581, 40.611685617275938 ] } },
{ "type": "Feature", "properties": { "nta2020": "SI0103", "ntaname.x": "Rosebank-Shore Acres-Park Hill", "comp_year": 2015.0, "ntaname.y": null, "units": 0.0, "units_cum": 0.0, "city_units": 7562.0, "city_units_cum": 12441.0 }, "geometry": { "type": "Point", "coordinates": [ -74.07276907865581, 40.611685617275938 ] } },
{ "type": "Feature", "properties": { "nta2020": "SI0103", "ntaname.x": "Rosebank-Shore Acres-Park Hill", "comp_year": 2016.0, "ntaname.y": null, "units": 0.0, "units_cum": 0.0, "city_units": 15015.0, "city_units_cum": 27456.0 }, "geometry": { "type": "Point", "coordinates": [ -74.07276907865581, 40.611685617275938 ] } },
{ "type": "Feature", "properties": { "nta2020": "SI0103", "ntaname.x": "Rosebank-Shore Acres-Park Hill", "comp_year": 2017.0, "ntaname.y": "Rosebank-Shore Acres-Park Hill", "units": 514.0, "units_cum": 514.0, "city_units": 25343.0, "city_units_cum": 52799.0 }, "geometry": { "type": "Point", "coordinates": [ -74.07276907865581, 40.611685617275938 ] } },
{ "type": "Feature", "properties": { "nta2020": "SI0103", "ntaname.x": "Rosebank-Shore Acres-Park Hill", "comp_year": 2018.0, "ntaname.y": "Rosebank-Shore Acres-Park Hill", "units": 438.0, "units_cum": 952.0, "city_units": 33764.0, "city_units_cum": 86563.0 }, "geometry": { "type": "Point", "coordinates": [ -74.07276907865581, 40.611685617275938 ] } },
{ "type": "Feature", "properties": { "nta2020": "SI0103", "ntaname.x": "Rosebank-Shore Acres-Park Hill", "comp_year": 2019.0, "ntaname.y": null, "units": 0.0, "units_cum": 952.0, "city_units": 29408.0, "city_units_cum": 115971.0 }, "geometry": { "type": "Point", "coordinates": [ -74.07276907865581, 40.611685617275938 ] } },
{ "type": "Feature", "properties": { "nta2020": "SI0103", "ntaname.x": "Rosebank-Shore Acres-Park Hill", "comp_year": 2020.0, "ntaname.y": null, "units": 0.0, "units_cum": 952.0, "city_units": 18916.0, "city_units_cum": 134887.0 }, "geometry": { "type": "Point", "coordinates": [ -74.07276907865581, 40.611685617275938 ] } },
{ "type": "Feature", "properties": { "nta2020": "SI0103", "ntaname.x": "Rosebank-Shore Acres-Park Hill", "comp_year": 2021.0, "ntaname.y": null, "units": 0.0, "units_cum": 952.0, "city_units": 20786.0, "city_units_cum": 155673.0 }, "geometry": { "type": "Point", "coordinates": [ -74.07276907865581, 40.611685617275938 ] } },
{ "type": "Feature", "properties": { "nta2020": "SI0103", "ntaname.x": "Rosebank-Shore Acres-Park Hill", "comp_year": 2022.0, "ntaname.y": null, "units": 0.0, "units_cum": 952.0, "city_units": 19919.0, "city_units_cum": 175592.0 }, "geometry": { "type": "Point", "coordinates": [ -74.07276907865581, 40.611685617275938 ] } },
{ "type": "Feature", "properties": { "nta2020": "SI0103", "ntaname.x": "Rosebank-Shore Acres-Park Hill", "comp_year": 2023.0, "ntaname.y": null, "units": 0.0, "units_cum": 952.0, "city_units": 35384.0, "city_units_cum": 210976.0 }, "geometry": { "type": "Point", "coordinates": [ -74.07276907865581, 40.611685617275938 ] } },
{ "type": "Feature", "properties": { "nta2020": "SI0103", "ntaname.x": "Rosebank-Shore Acres-Park Hill", "comp_year": 2024.0, "ntaname.y": null, "units": 0.0, "units_cum": 952.0, "city_units": 49047.0, "city_units_cum": 260023.0 }, "geometry": { "type": "Point", "coordinates": [ -74.07276907865581, 40.611685617275938 ] } },
{ "type": "Feature", "properties": { "nta2020": "SI0103", "ntaname.x": "Rosebank-Shore Acres-Park Hill", "comp_year": 2025.0, "ntaname.y": null, "units": 0.0, "units_cum": 952.0, "city_units": 16734.0, "city_units_cum": 276757.0 }, "geometry": { "type": "Point", "coordinates": [ -74.07276907865581, 40.611685617275938 ] } },
{ "type": "Feature", "properties": { "nta2020": "SI0104", "ntaname.x": "West New Brighton-Silver Lake-Grymes Hill", "comp_year": 2014.0, "ntaname.y": null, "units": 0.0, "units_cum": 0.0, "city_units": 4879.0, "city_units_cum": 4879.0 }, "geometry": { "type": "Point", "coordinates": [ -74.101303938036551, 40.628065708219054 ] } },
{ "type": "Feature", "properties": { "nta2020": "SI0104", "ntaname.x": "West New Brighton-Silver Lake-Grymes Hill", "comp_year": 2015.0, "ntaname.y": null, "units": 0.0, "units_cum": 0.0, "city_units": 7562.0, "city_units_cum": 12441.0 }, "geometry": { "type": "Point", "coordinates": [ -74.101303938036551, 40.628065708219054 ] } },
{ "type": "Feature", "properties": { "nta2020": "SI0104", "ntaname.x": "West New Brighton-Silver Lake-Grymes Hill", "comp_year": 2016.0, "ntaname.y": null, "units": 0.0, "units_cum": 0.0, "city_units": 15015.0, "city_units_cum": 27456.0 }, "geometry": { "type": "Point", "coordinates": [ -74.101303938036551, 40.628065708219054 ] } },
{ "type": "Feature", "properties": { "nta2020": "SI0104", "ntaname.x": "West New Brighton-Silver Lake-Grymes Hill", "comp_year": 2017.0, "ntaname.y": null, "units": 0.0, "units_cum": 0.0, "city_units": 25343.0, "city_units_cum": 52799.0 }, "geometry": { "type": "Point", "coordinates": [ -74.101303938036551, 40.628065708219054 ] } },
{ "type": "Feature", "properties": { "nta2020": "SI0104", "ntaname.x": "West New Brighton-Silver Lake-Grymes Hill", "comp_year": 2018.0, "ntaname.y": null, "units": 0.0, "units_cum": 0.0, "city_units": 33764.0, "city_units_cum": 86563.0 }, "geometry": { "type": "Point", "coordinates": [ -74.101303938036551, 40.628065708219054 ] } },
{ "type": "Feature", "properties": { "nta2020": "SI0104", "ntaname.x": "West New Brighton-Silver Lake-Grymes Hill", "comp_year": 2019.0, "ntaname.y": null, "units": 0.0, "units_cum": 0.0, "city_units": 29408.0, "city_units_cum": 115971.0 }, "geometry": { "type": "Point", "coordinates": [ -74.101303938036551, 40.628065708219054 ] } },
{ "type": "Feature", "properties": { "nta2020": "SI0104", "ntaname.x": "West New Brighton-Silver Lake-Grymes Hill", "comp_year": 2020.0, "ntaname.y": "West New Brighton-Silver Lake-Grymes Hill", "units": 18.0, "units_cum": 18.0, "city_units": 18916.0, "city_units_cum": 134887.0 }, "geometry": { "type": "Point", "coordinates": [ -74.101303938036551, 40.628065708219054 ] } },
{ "type": "Feature", "properties": { "nta2020": "SI0104", "ntaname.x": "West New Brighton-Silver Lake-Grymes Hill", "comp_year": 2021.0, "ntaname.y": null, "units": 0.0, "units_cum": 18.0, "city_units": 20786.0, "city_units_cum": 155673.0 }, "geometry": { "type": "Point", "coordinates": [ -74.101303938036551, 40.628065708219054 ] } },
{ "type": "Feature", "properties": { "nta2020": "SI0104", "ntaname.x": "West New Brighton-Silver Lake-Grymes Hill", "comp_year": 2022.0, "ntaname.y": null, "units": 0.0, "units_cum": 18.0, "city_units": 19919.0, "city_units_cum": 175592.0 }, "geometry": { "type": "Point", "coordinates": [ -74.101303938036551, 40.628065708219054 ] } },
{ "type": "Feature", "properties": { "nta2020": "SI0104", "ntaname.x": "West New Brighton-Silver Lake-Grymes Hill", "comp_year": 2023.0, "ntaname.y": null, "units": 0.0, "units_cum": 18.0, "city_units": 35384.0, "city_units_cum": 210976.0 }, "geometry": { "type": "Point", "coordinates": [ -74.101303938036551, 40.628065708219054 ] } },
{ "type": "Feature", "properties": { "nta2020": "SI0104", "ntaname.x": "West New Brighton-Silver Lake-Grymes Hill", "comp_year": 2024.0, "ntaname.y": null, "units": 0.0, "units_cum": 18.0, "city_units": 49047.0, "city_units_cum": 260023.0 }, "geometry": { "type": "Point", "coordinates": [ -74.101303938036551, 40.628065708219054 ] } },
{ "type": "Feature", "properties": { "nta2020": "SI0104", "ntaname.x": "West New Brighton-Silver Lake-Grymes Hill", "comp_year": 2025.0, "ntaname.y": null, "units": 0.0, "units_cum": 18.0, "city_units": 16734.0, "city_units_cum": 276757.0 }, "geometry": { "type": "Point", "coordinates": [ -74.101303938036551, 40.628065708219054 ] } },
{ "type": "Feature", "properties": { "nta2020": "SI0105", "ntaname.x": "Westerleigh-Castleton Corners", "comp_year": null, "ntaname.y": null, "units": null, "units_cum": null, "city_units": null, "city_units_cum": null }, "geometry": { "type": "Point", "coordinates": [ -74.128796469137768, 40.617000801698559 ] } },
{ "type": "Feature", "properties": { "nta2020": "SI0106", "ntaname.x": "Port Richmond", "comp_year": 2014.0, "ntaname.y": null, "units": 0.0, "units_cum": 0.0, "city_units": 4879.0, "city_units_cum": 4879.0 }, "geometry": { "type": "Point", "coordinates": [ -74.133177484530648, 40.633833429213404 ] } },
{ "type": "Feature", "properties": { "nta2020": "SI0106", "ntaname.x": "Port Richmond", "comp_year": 2015.0, "ntaname.y": null, "units": 0.0, "units_cum": 0.0, "city_units": 7562.0, "city_units_cum": 12441.0 }, "geometry": { "type": "Point", "coordinates": [ -74.133177484530648, 40.633833429213404 ] } },
{ "type": "Feature", "properties": { "nta2020": "SI0106", "ntaname.x": "Port Richmond", "comp_year": 2016.0, "ntaname.y": null, "units": 0.0, "units_cum": 0.0, "city_units": 15015.0, "city_units_cum": 27456.0 }, "geometry": { "type": "Point", "coordinates": [ -74.133177484530648, 40.633833429213404 ] } },
{ "type": "Feature", "properties": { "nta2020": "SI0106", "ntaname.x": "Port Richmond", "comp_year": 2017.0, "ntaname.y": null, "units": 0.0, "units_cum": 0.0, "city_units": 25343.0, "city_units_cum": 52799.0 }, "geometry": { "type": "Point", "coordinates": [ -74.133177484530648, 40.633833429213404 ] } },
{ "type": "Feature", "properties": { "nta2020": "SI0106", "ntaname.x": "Port Richmond", "comp_year": 2018.0, "ntaname.y": null, "units": 0.0, "units_cum": 0.0, "city_units": 33764.0, "city_units_cum": 86563.0 }, "geometry": { "type": "Point", "coordinates": [ -74.133177484530648, 40.633833429213404 ] } },
{ "type": "Feature", "properties": { "nta2020": "SI0106", "ntaname.x": "Port Richmond", "comp_year": 2019.0, "ntaname.y": null, "units": 0.0, "units_cum": 0.0, "city_units": 29408.0, "city_units_cum": 115971.0 }, "geometry": { "type": "Point", "coordinates": [ -74.133177484530648, 40.633833429213404 ] } },
{ "type": "Feature", "properties": { "nta2020": "SI0106", "ntaname.x": "Port Richmond", "comp_year": 2020.0, "ntaname.y": null, "units": 0.0, "units_cum": 0.0, "city_units": 18916.0, "city_units_cum": 134887.0 }, "geometry": { "type": "Point", "coordinates": [ -74.133177484530648, 40.633833429213404 ] } },
{ "type": "Feature", "properties": { "nta2020": "SI0106", "ntaname.x": "Port Richmond", "comp_year": 2021.0, "ntaname.y": "Port Richmond", "units": 36.0, "units_cum": 36.0, "city_units": 20786.0, "city_units_cum": 155673.0 }, "geometry": { "type": "Point", "coordinates": [ -74.133177484530648, 40.633833429213404 ] } },
{ "type": "Feature", "properties": { "nta2020": "SI0106", "ntaname.x": "Port Richmond", "comp_year": 2022.0, "ntaname.y": "Port Richmond", "units": 48.0, "units_cum": 84.0, "city_units": 19919.0, "city_units_cum": 175592.0 }, "geometry": { "type": "Point", "coordinates": [ -74.133177484530648, 40.633833429213404 ] } },
{ "type": "Feature", "properties": { "nta2020": "SI0106", "ntaname.x": "Port Richmond", "comp_year": 2023.0, "ntaname.y": null, "units": 0.0, "units_cum": 84.0, "city_units": 35384.0, "city_units_cum": 210976.0 }, "geometry": { "type": "Point", "coordinates": [ -74.133177484530648, 40.633833429213404 ] } },
{ "type": "Feature", "properties": { "nta2020": "SI0106", "ntaname.x": "Port Richmond", "comp_year": 2024.0, "ntaname.y": null, "units": 0.0, "units_cum": 84.0, "city_units": 49047.0, "city_units_cum": 260023.0 }, "geometry": { "type": "Point", "coordinates": [ -74.133177484530648, 40.633833429213404 ] } },
{ "type": "Feature", "properties": { "nta2020": "SI0106", "ntaname.x": "Port Richmond", "comp_year": 2025.0, "ntaname.y": null, "units": 0.0, "units_cum": 84.0, "city_units": 16734.0, "city_units_cum": 276757.0 }, "geometry": { "type": "Point", "coordinates": [ -74.133177484530648, 40.633833429213404 ] } },
{ "type": "Feature", "properties": { "nta2020": "SI0107", "ntaname.x": "Mariner's Harbor-Arlington-Graniteville", "comp_year": 2014.0, "ntaname.y": null, "units": 0.0, "units_cum": 0.0, "city_units": 4879.0, "city_units_cum": 4879.0 }, "geometry": { "type": "Point", "coordinates": [ -74.16736583741428, 40.631332245796671 ] } },
{ "type": "Feature", "properties": { "nta2020": "SI0107", "ntaname.x": "Mariner's Harbor-Arlington-Graniteville", "comp_year": 2015.0, "ntaname.y": null, "units": 0.0, "units_cum": 0.0, "city_units": 7562.0, "city_units_cum": 12441.0 }, "geometry": { "type": "Point", "coordinates": [ -74.16736583741428, 40.631332245796671 ] } },
{ "type": "Feature", "properties": { "nta2020": "SI0107", "ntaname.x": "Mariner's Harbor-Arlington-Graniteville", "comp_year": 2016.0, "ntaname.y": "Mariner's Harbor-Arlington-Graniteville", "units": 537.0, "units_cum": 537.0, "city_units": 15015.0, "city_units_cum": 27456.0 }, "geometry": { "type": "Point", "coordinates": [ -74.16736583741428, 40.631332245796671 ] } },
{ "type": "Feature", "properties": { "nta2020": "SI0107", "ntaname.x": "Mariner's Harbor-Arlington-Graniteville", "comp_year": 2017.0, "ntaname.y": null, "units": 0.0, "units_cum": 537.0, "city_units": 25343.0, "city_units_cum": 52799.0 }, "geometry": { "type": "Point", "coordinates": [ -74.16736583741428, 40.631332245796671 ] } },
{ "type": "Feature", "properties": { "nta2020": "SI0107", "ntaname.x": "Mariner's Harbor-Arlington-Graniteville", "comp_year": 2018.0, "ntaname.y": null, "units": 0.0, "units_cum": 537.0, "city_units": 33764.0, "city_units_cum": 86563.0 }, "geometry": { "type": "Point", "coordinates": [ -74.16736583741428, 40.631332245796671 ] } },
{ "type": "Feature", "properties": { "nta2020": "SI0107", "ntaname.x": "Mariner's Harbor-Arlington-Graniteville", "comp_year": 2019.0, "ntaname.y": null, "units": 0.0, "units_cum": 537.0, "city_units": 29408.0, "city_units_cum": 115971.0 }, "geometry": { "type": "Point", "coordinates": [ -74.16736583741428, 40.631332245796671 ] } },
{ "type": "Feature", "properties": { "nta2020": "SI0107", "ntaname.x": "Mariner's Harbor-Arlington-Graniteville", "comp_year": 2020.0, "ntaname.y": null, "units": 0.0, "units_cum": 537.0, "city_units": 18916.0, "city_units_cum": 134887.0 }, "geometry": { "type": "Point", "coordinates": [ -74.16736583741428, 40.631332245796671 ] } },
{ "type": "Feature", "properties": { "nta2020": "SI0107", "ntaname.x": "Mariner's Harbor-Arlington-Graniteville", "comp_year": 2021.0, "ntaname.y": null, "units": 0.0, "units_cum": 537.0, "city_units": 20786.0, "city_units_cum": 155673.0 }, "geometry": { "type": "Point", "coordinates": [ -74.16736583741428, 40.631332245796671 ] } },
{ "type": "Feature", "properties": { "nta2020": "SI0107", "ntaname.x": "Mariner's Harbor-Arlington-Graniteville", "comp_year": 2022.0, "ntaname.y": null, "units": 0.0, "units_cum": 537.0, "city_units": 19919.0, "city_units_cum": 175592.0 }, "geometry": { "type": "Point", "coordinates": [ -74.16736583741428, 40.631332245796671 ] } },
{ "type": "Feature", "properties": { "nta2020": "SI0107", "ntaname.x": "Mariner's Harbor-Arlington-Graniteville", "comp_year": 2023.0, "ntaname.y": null, "units": 0.0, "units_cum": 537.0, "city_units": 35384.0, "city_units_cum": 210976.0 }, "geometry": { "type": "Point", "coordinates": [ -74.16736583741428, 40.631332245796671 ] } },
{ "type": "Feature", "properties": { "nta2020": "SI0107", "ntaname.x": "Mariner's Harbor-Arlington-Graniteville", "comp_year": 2024.0, "ntaname.y": null, "units": 0.0, "units_cum": 537.0, "city_units": 49047.0, "city_units_cum": 260023.0 }, "geometry": { "type": "Point", "coordinates": [ -74.16736583741428, 40.631332245796671 ] } },
{ "type": "Feature", "properties": { "nta2020": "SI0107", "ntaname.x": "Mariner's Harbor-Arlington-Graniteville", "comp_year": 2025.0, "ntaname.y": null, "units": 0.0, "units_cum": 537.0, "city_units": 16734.0, "city_units_cum": 276757.0 }, "geometry": { "type": "Point", "coordinates": [ -74.16736583741428, 40.631332245796671 ] } },
{ "type": "Feature", "properties": { "nta2020": "SI0191", "ntaname.x": "Snug Harbor", "comp_year": null, "ntaname.y": null, "units": null, "units_cum": null, "city_units": null, "city_units_cum": null }, "geometry": { "type": "Point", "coordinates": [ -74.103271891934284, 40.642594348598458 ] } },
{ "type": "Feature", "properties": { "nta2020": "SI0201", "ntaname.x": "Grasmere-Arrochar-South Beach-Dongan Hills", "comp_year": 2014.0, "ntaname.y": null, "units": 0.0, "units_cum": 0.0, "city_units": 4879.0, "city_units_cum": 4879.0 }, "geometry": { "type": "Point", "coordinates": [ -74.081273651298289, 40.59353959306106 ] } },
{ "type": "Feature", "properties": { "nta2020": "SI0201", "ntaname.x": "Grasmere-Arrochar-South Beach-Dongan Hills", "comp_year": 2015.0, "ntaname.y": null, "units": 0.0, "units_cum": 0.0, "city_units": 7562.0, "city_units_cum": 12441.0 }, "geometry": { "type": "Point", "coordinates": [ -74.081273651298289, 40.59353959306106 ] } },
{ "type": "Feature", "properties": { "nta2020": "SI0201", "ntaname.x": "Grasmere-Arrochar-South Beach-Dongan Hills", "comp_year": 2016.0, "ntaname.y": "Grasmere-Arrochar-South Beach-Dongan Hills", "units": 178.0, "units_cum": 178.0, "city_units": 15015.0, "city_units_cum": 27456.0 }, "geometry": { "type": "Point", "coordinates": [ -74.081273651298289, 40.59353959306106 ] } },
{ "type": "Feature", "properties": { "nta2020": "SI0201", "ntaname.x": "Grasmere-Arrochar-South Beach-Dongan Hills", "comp_year": 2017.0, "ntaname.y": null, "units": 0.0, "units_cum": 178.0, "city_units": 25343.0, "city_units_cum": 52799.0 }, "geometry": { "type": "Point", "coordinates": [ -74.081273651298289, 40.59353959306106 ] } },
{ "type": "Feature", "properties": { "nta2020": "SI0201", "ntaname.x": "Grasmere-Arrochar-South Beach-Dongan Hills", "comp_year": 2018.0, "ntaname.y": null, "units": 0.0, "units_cum": 178.0, "city_units": 33764.0, "city_units_cum": 86563.0 }, "geometry": { "type": "Point", "coordinates": [ -74.081273651298289, 40.59353959306106 ] } },
{ "type": "Feature", "properties": { "nta2020": "SI0201", "ntaname.x": "Grasmere-Arrochar-South Beach-Dongan Hills", "comp_year": 2019.0, "ntaname.y": null, "units": 0.0, "units_cum": 178.0, "city_units": 29408.0, "city_units_cum": 115971.0 }, "geometry": { "type": "Point", "coordinates": [ -74.081273651298289, 40.59353959306106 ] } },
{ "type": "Feature", "properties": { "nta2020": "SI0201", "ntaname.x": "Grasmere-Arrochar-South Beach-Dongan Hills", "comp_year": 2020.0, "ntaname.y": null, "units": 0.0, "units_cum": 178.0, "city_units": 18916.0, "city_units_cum": 134887.0 }, "geometry": { "type": "Point", "coordinates": [ -74.081273651298289, 40.59353959306106 ] } },
{ "type": "Feature", "properties": { "nta2020": "SI0201", "ntaname.x": "Grasmere-Arrochar-South Beach-Dongan Hills", "comp_year": 2021.0, "ntaname.y": null, "units": 0.0, "units_cum": 178.0, "city_units": 20786.0, "city_units_cum": 155673.0 }, "geometry": { "type": "Point", "coordinates": [ -74.081273651298289, 40.59353959306106 ] } },
{ "type": "Feature", "properties": { "nta2020": "SI0201", "ntaname.x": "Grasmere-Arrochar-South Beach-Dongan Hills", "comp_year": 2022.0, "ntaname.y": null, "units": 0.0, "units_cum": 178.0, "city_units": 19919.0, "city_units_cum": 175592.0 }, "geometry": { "type": "Point", "coordinates": [ -74.081273651298289, 40.59353959306106 ] } },
{ "type": "Feature", "properties": { "nta2020": "SI0201", "ntaname.x": "Grasmere-Arrochar-South Beach-Dongan Hills", "comp_year": 2023.0, "ntaname.y": null, "units": 0.0, "units_cum": 178.0, "city_units": 35384.0, "city_units_cum": 210976.0 }, "geometry": { "type": "Point", "coordinates": [ -74.081273651298289, 40.59353959306106 ] } },
{ "type": "Feature", "properties": { "nta2020": "SI0201", "ntaname.x": "Grasmere-Arrochar-South Beach-Dongan Hills", "comp_year": 2024.0, "ntaname.y": null, "units": 0.0, "units_cum": 178.0, "city_units": 49047.0, "city_units_cum": 260023.0 }, "geometry": { "type": "Point", "coordinates": [ -74.081273651298289, 40.59353959306106 ] } },
{ "type": "Feature", "properties": { "nta2020": "SI0201", "ntaname.x": "Grasmere-Arrochar-South Beach-Dongan Hills", "comp_year": 2025.0, "ntaname.y": null, "units": 0.0, "units_cum": 178.0, "city_units": 16734.0, "city_units_cum": 276757.0 }, "geometry": { "type": "Point", "coordinates": [ -74.081273651298289, 40.59353959306106 ] } },
{ "type": "Feature", "properties": { "nta2020": "SI0202", "ntaname.x": "New Dorp-Midland Beach", "comp_year": null, "ntaname.y": null, "units": null, "units_cum": null, "city_units": null, "city_units_cum": null }, "geometry": { "type": "Point", "coordinates": [ -74.101587084535495, 40.574314578876347 ] } },
{ "type": "Feature", "properties": { "nta2020": "SI0203", "ntaname.x": "Todt Hill-Emerson Hill-Lighthouse Hill-Manor Heights", "comp_year": 2014.0, "ntaname.y": null, "units": 0.0, "units_cum": 0.0, "city_units": 4879.0, "city_units_cum": 4879.0 }, "geometry": { "type": "Point", "coordinates": [ -74.128270802174498, 40.589653503624213 ] } },
{ "type": "Feature", "properties": { "nta2020": "SI0203", "ntaname.x": "Todt Hill-Emerson Hill-Lighthouse Hill-Manor Heights", "comp_year": 2015.0, "ntaname.y": null, "units": 0.0, "units_cum": 0.0, "city_units": 7562.0, "city_units_cum": 12441.0 }, "geometry": { "type": "Point", "coordinates": [ -74.128270802174498, 40.589653503624213 ] } },
{ "type": "Feature", "properties": { "nta2020": "SI0203", "ntaname.x": "Todt Hill-Emerson Hill-Lighthouse Hill-Manor Heights", "comp_year": 2016.0, "ntaname.y": null, "units": 0.0, "units_cum": 0.0, "city_units": 15015.0, "city_units_cum": 27456.0 }, "geometry": { "type": "Point", "coordinates": [ -74.128270802174498, 40.589653503624213 ] } },
{ "type": "Feature", "properties": { "nta2020": "SI0203", "ntaname.x": "Todt Hill-Emerson Hill-Lighthouse Hill-Manor Heights", "comp_year": 2017.0, "ntaname.y": null, "units": 0.0, "units_cum": 0.0, "city_units": 25343.0, "city_units_cum": 52799.0 }, "geometry": { "type": "Point", "coordinates": [ -74.128270802174498, 40.589653503624213 ] } },
{ "type": "Feature", "properties": { "nta2020": "SI0203", "ntaname.x": "Todt Hill-Emerson Hill-Lighthouse Hill-Manor Heights", "comp_year": 2018.0, "ntaname.y": "Todt Hill-Emerson Hill-Lighthouse Hill-Manor Heights", "units": 161.0, "units_cum": 161.0, "city_units": 33764.0, "city_units_cum": 86563.0 }, "geometry": { "type": "Point", "coordinates": [ -74.128270802174498, 40.589653503624213 ] } },
{ "type": "Feature", "properties": { "nta2020": "SI0203", "ntaname.x": "Todt Hill-Emerson Hill-Lighthouse Hill-Manor Heights", "comp_year": 2019.0, "ntaname.y": null, "units": 0.0, "units_cum": 161.0, "city_units": 29408.0, "city_units_cum": 115971.0 }, "geometry": { "type": "Point", "coordinates": [ -74.128270802174498, 40.589653503624213 ] } },
{ "type": "Feature", "properties": { "nta2020": "SI0203", "ntaname.x": "Todt Hill-Emerson Hill-Lighthouse Hill-Manor Heights", "comp_year": 2020.0, "ntaname.y": null, "units": 0.0, "units_cum": 161.0, "city_units": 18916.0, "city_units_cum": 134887.0 }, "geometry": { "type": "Point", "coordinates": [ -74.128270802174498, 40.589653503624213 ] } },
{ "type": "Feature", "properties": { "nta2020": "SI0203", "ntaname.x": "Todt Hill-Emerson Hill-Lighthouse Hill-Manor Heights", "comp_year": 2021.0, "ntaname.y": null, "units": 0.0, "units_cum": 161.0, "city_units": 20786.0, "city_units_cum": 155673.0 }, "geometry": { "type": "Point", "coordinates": [ -74.128270802174498, 40.589653503624213 ] } },
{ "type": "Feature", "properties": { "nta2020": "SI0203", "ntaname.x": "Todt Hill-Emerson Hill-Lighthouse Hill-Manor Heights", "comp_year": 2022.0, "ntaname.y": null, "units": 0.0, "units_cum": 161.0, "city_units": 19919.0, "city_units_cum": 175592.0 }, "geometry": { "type": "Point", "coordinates": [ -74.128270802174498, 40.589653503624213 ] } },
{ "type": "Feature", "properties": { "nta2020": "SI0203", "ntaname.x": "Todt Hill-Emerson Hill-Lighthouse Hill-Manor Heights", "comp_year": 2023.0, "ntaname.y": null, "units": 0.0, "units_cum": 161.0, "city_units": 35384.0, "city_units_cum": 210976.0 }, "geometry": { "type": "Point", "coordinates": [ -74.128270802174498, 40.589653503624213 ] } },
{ "type": "Feature", "properties": { "nta2020": "SI0203", "ntaname.x": "Todt Hill-Emerson Hill-Lighthouse Hill-Manor Heights", "comp_year": 2024.0, "ntaname.y": null, "units": 0.0, "units_cum": 161.0, "city_units": 49047.0, "city_units_cum": 260023.0 }, "geometry": { "type": "Point", "coordinates": [ -74.128270802174498, 40.589653503624213 ] } },
{ "type": "Feature", "properties": { "nta2020": "SI0203", "ntaname.x": "Todt Hill-Emerson Hill-Lighthouse Hill-Manor Heights", "comp_year": 2025.0, "ntaname.y": null, "units": 0.0, "units_cum": 161.0, "city_units": 16734.0, "city_units_cum": 276757.0 }, "geometry": { "type": "Point", "coordinates": [ -74.128270802174498, 40.589653503624213 ] } },
{ "type": "Feature", "properties": { "nta2020": "SI0204", "ntaname.x": "New Springville-Willowbrook-Bulls Head-Travis", "comp_year": null, "ntaname.y": null, "units": null, "units_cum": null, "city_units": null, "city_units_cum": null }, "geometry": { "type": "Point", "coordinates": [ -74.175451261118226, 40.603723203188821 ] } },
{ "type": "Feature", "properties": { "nta2020": "SI0291", "ntaname.x": "Freshkills Park (North)", "comp_year": null, "ntaname.y": null, "units": null, "units_cum": null, "city_units": null, "city_units_cum": null }, "geometry": { "type": "Point", "coordinates": [ -74.178541070972429, 40.582850019242017 ] } },
{ "type": "Feature", "properties": { "nta2020": "SI0301", "ntaname.x": "Oakwood-Richmondtown", "comp_year": null, "ntaname.y": null, "units": null, "units_cum": null, "city_units": null, "city_units_cum": null }, "geometry": { "type": "Point", "coordinates": [ -74.122589916625586, 40.561998142978851 ] } },
{ "type": "Feature", "properties": { "nta2020": "SI0302", "ntaname.x": "Great Kills-Eltingville", "comp_year": null, "ntaname.y": null, "units": null, "units_cum": null, "city_units": null, "city_units_cum": null }, "geometry": { "type": "Point", "coordinates": [ -74.154972297465065, 40.550253127614766 ] } },
{ "type": "Feature", "properties": { "nta2020": "SI0303", "ntaname.x": "Arden Heights-Rossville", "comp_year": null, "ntaname.y": null, "units": null, "units_cum": null, "city_units": null, "city_units_cum": null }, "geometry": { "type": "Point", "coordinates": [ -74.196903562512688, 40.552641783257428 ] } },
{ "type": "Feature", "properties": { "nta2020": "SI0304", "ntaname.x": "Annadale-Huguenot-Prince's Bay-Woodrow", "comp_year": null, "ntaname.y": null, "units": null, "units_cum": null, "city_units": null, "city_units_cum": null }, "geometry": { "type": "Point", "coordinates": [ -74.198043002007893, 40.528391400375561 ] } },
{ "type": "Feature", "properties": { "nta2020": "SI0305", "ntaname.x": "Tottenville-Charleston", "comp_year": null, "ntaname.y": null, "units": null, "units_cum": null, "city_units": null, "city_units_cum": null }, "geometry": { "type": "Point", "coordinates": [ -74.235484112061755, 40.524645182277212 ] } },
{ "type": "Feature", "properties": { "nta2020": "SI0391", "ntaname.x": "Freshkills Park (South)", "comp_year": null, "ntaname.y": null, "units": null, "units_cum": null, "city_units": null, "city_units_cum": null }, "geometry": { "type": "Point", "coordinates": [ -74.197601175749767, 40.568074761757465 ] } },
{ "type": "Feature", "properties": { "nta2020": "SI9561", "ntaname.x": "Fort Wadsworth", "comp_year": null, "ntaname.y": null, "units": null, "units_cum": null, "city_units": null, "city_units_cum": null }, "geometry": { "type": "Point", "coordinates": [ -74.058533198090771, 40.601517466445962 ] } },
{ "type": "Feature", "properties": { "nta2020": "SI9591", "ntaname.x": "Hoffman & Swinburne Islands", "comp_year": null, "ntaname.y": null, "units": null, "units_cum": null, "city_units": null, "city_units_cum": null }, "geometry": { "type": "Point", "coordinates": [ -74.053140642037803, 40.576239783891261 ] } },
{ "type": "Feature", "properties": { "nta2020": "SI9592", "ntaname.x": "Miller Field", "comp_year": null, "ntaname.y": null, "units": null, "units_cum": null, "city_units": null, "city_units_cum": null }, "geometry": { "type": "Point", "coordinates": [ -74.09730462062339, 40.568731750404751 ] } },
{ "type": "Feature", "properties": { "nta2020": "SI9593", "ntaname.x": "Great Kills Park", "comp_year": null, "ntaname.y": null, "units": null, "units_cum": null, "city_units": null, "city_units_cum": null }, "geometry": { "type": "Point", "coordinates": [ -74.128344532426723, 40.545778350712737 ] } }
]
}
